run_id,submitted_at,title,score,validation,contributor,themes,explicit_parent_ids,comparison_base_id,api_url
run_sub_0d8aeb2511,2026-06-03T00:12:16.329094Z,dinov2-s-kde,0.6276890681582389,validated,PaulScotti,Tuning / schedules,,run_sub_0d8aeb2511,https://api.labless.dev/api/runs/run_sub_0d8aeb2511
run_sub_8b10c87dfb,2026-06-04T18:11:07.973324Z,"A100, bs=64",0.6236298140241586,unvalidated,PaulScotti,Tuning / schedules,,run_sub_0d8aeb2511,https://api.labless.dev/api/runs/run_sub_8b10c87dfb
run_sub_0f32802c54,2026-06-05T13:24:49.329257Z,tissue-curate,0.634725822613288,unvalidated,nevasini1,Tuning / schedules; Data / augmentation,,run_sub_0d8aeb2511,https://api.labless.dev/api/runs/run_sub_0f32802c54
run_sub_53a6eca303,2026-06-05T13:37:47.334137Z,curric-frac75,0.6330825056076957,unvalidated,nevasini1,Tuning / schedules; Data / augmentation,,run_sub_0d8aeb2511,https://api.labless.dev/api/runs/run_sub_53a6eca303
run_sub_8fc10b5e02,2026-06-05T13:37:56.679634Z,warmup03-b2,0.6319690402024969,unvalidated,nevasini1,Tuning / schedules; Data / augmentation,,run_sub_0d8aeb2511,https://api.labless.dev/api/runs/run_sub_8fc10b5e02
run_sub_6c6c051f71,2026-06-05T21:31:52.997407Z,lr-and-curation,0.6356535389745309,validated,nevasini1,Tuning / schedules; Data / augmentation,run_sub_0f32802c54,run_sub_0d8aeb2511,https://api.labless.dev/api/runs/run_sub_6c6c051f71
run_sub_ce783976ea,2026-06-06T00:45:30.992719Z,gentleaug-l112,0.6375564759066364,unvalidated,NimaAsh,Tuning / schedules; Data / augmentation,,run_sub_6c6c051f71,https://api.labless.dev/api/runs/run_sub_ce783976ea
run_sub_e462a0a3e7,2026-06-06T05:24:37.984307Z,magjit,0.6313682034107488,unvalidated,nevasini1,Tuning / schedules; Data / augmentation,,run_sub_6c6c051f71,https://api.labless.dev/api/runs/run_sub_e462a0a3e7
run_sub_99b3ad6898,2026-06-06T05:55:00.483295Z,jepa-dino,0.6470817299693318,unvalidated,NimaAsh,Objectives / losses,,run_sub_6c6c051f71,https://api.labless.dev/api/runs/run_sub_99b3ad6898
run_sub_0cdf7364c0,2026-06-06T14:15:04.061148Z,jepa-mask25,0.6471365805506915,unvalidated,NimaAsh,Objectives / losses,,run_sub_6c6c051f71,https://api.labless.dev/api/runs/run_sub_0cdf7364c0
run_sub_1ef0eea009,2026-06-06T14:17:56.172988Z,jepa-narrow,0.6470253176924191,unvalidated,NimaAsh,Tuning / schedules; Objectives / losses,,run_sub_6c6c051f71,https://api.labless.dev/api/runs/run_sub_1ef0eea009
run_sub_bb20cbae4a,2026-06-06T14:20:05.128673Z,jepa-mask10,0.6500937592639896,unvalidated,NimaAsh,Objectives / losses,,run_sub_6c6c051f71,https://api.labless.dev/api/runs/run_sub_bb20cbae4a
run_sub_4035c72174,2026-06-06T14:22:31.988667Z,jepa-dual,0.6392014805902057,unvalidated,NimaAsh,Objectives / losses,,run_sub_6c6c051f71,https://api.labless.dev/api/runs/run_sub_4035c72174
run_sub_ffdb1b12ac,2026-06-06T16:06:57.845531Z,jepa-mask5,0.6494812637234296,unvalidated,NimaAsh,Objectives / losses,,run_sub_6c6c051f71,https://api.labless.dev/api/runs/run_sub_ffdb1b12ac
run_sub_e0b11ed636,2026-06-07T00:44:33.370863Z,hsv-tissue,0.6321599502876661,unvalidated,nevasini1,Tuning / schedules; Data / augmentation,,run_sub_6c6c051f71,https://api.labless.dev/api/runs/run_sub_e0b11ed636
run_sub_802e83b402,2026-06-07T01:58:20.486033Z,dinov3-vits-jepa,0.6404587510669775,unvalidated,RyanKim17920,Objectives / losses; Architecture / backbone,,run_sub_6c6c051f71,https://api.labless.dev/api/runs/run_sub_802e83b402
run_sub_df0b646cd4,2026-06-07T02:23:06.976619Z,vit5-vitb-kde,0.6148828244943398,unvalidated,RyanKim17920,Tuning / schedules; Architecture / backbone,,run_sub_6c6c051f71,https://api.labless.dev/api/runs/run_sub_df0b646cd4
run_sub_ad5c1705b1,2026-06-07T02:27:39.478239Z,vit5-vits-kde,0.6012222669844093,unvalidated,RyanKim17920,Tuning / schedules; Architecture / backbone,,run_sub_6c6c051f71,https://api.labless.dev/api/runs/run_sub_ad5c1705b1
run_sub_02076759a7,2026-06-07T16:30:54.068441Z,tissue03,0.6321906995908648,unvalidated,nevasini1,Tuning / schedules; Data / augmentation,,run_sub_6c6c051f71,https://api.labless.dev/api/runs/run_sub_02076759a7
run_sub_8400095956,2026-06-08T03:39:30.875392Z,ijepa-for-all,0.6424755237202725,unvalidated,RyanKim17920,Tuning / schedules; Data / augmentation; Objectives / losses,,run_sub_6c6c051f71,https://api.labless.dev/api/runs/run_sub_8400095956
run_sub_816fc5d0ca,2026-06-09T18:03:17.712690Z,I-JEPA contig patch,0.644406926685217,validated,NimaAsh,Tuning / schedules; Data / augmentation; Objectives / losses; Architecture / backbone,run_sub_bb20cbae4a,run_sub_6c6c051f71,https://api.labless.dev/api/runs/run_sub_816fc5d0ca
run_sub_25b5fd6d3b,2026-06-10T03:25:21.619822Z,dino-jepa,0.6304501685663608,unvalidated,nevasini1,Tuning / schedules; Objectives / losses,,run_sub_6c6c051f71,https://api.labless.dev/api/runs/run_sub_25b5fd6d3b
run_sub_7333994365,2026-06-10T06:01:47.083221Z,main-default,0.6341128080043013,unvalidated,nevasini1,Tuning / schedules; Data / augmentation,,run_sub_6c6c051f71,https://api.labless.dev/api/runs/run_sub_7333994365
run_sub_f653951c3a,2026-06-10T18:15:08.776708Z,mergeMainLeader,0.6307622722491856,unvalidated,lukasugar,Other / controls,,run_sub_6c6c051f71,https://api.labless.dev/api/runs/run_sub_f653951c3a
run_sub_fc5c458152,2026-06-11T03:53:56.654753Z,jepa-gram-anchor,0.6369912099422956,unvalidated,NimaAsh,Objectives / losses,,run_sub_6c6c051f71,https://api.labless.dev/api/runs/run_sub_fc5c458152
run_sub_adeab711e6,2026-06-11T13:09:33.955446Z,jepa-tissue03,0.6417147555220721,unvalidated,lukasugar,Data / augmentation; Objectives / losses,,run_sub_6c6c051f71,https://api.labless.dev/api/runs/run_sub_adeab711e6
run_sub_959982de57,2026-06-11T19:24:27.722341Z,dino-jepa-pred6,0.644866172401772,unvalidated,nevasini1,Objectives / losses; Architecture / backbone,,run_sub_6c6c051f71,https://api.labless.dev/api/runs/run_sub_959982de57
run_sub_2e56e7ded8,2026-06-11T20:18:18.979609Z,jepa-mask075,0.6426891307979846,unvalidated,lukasugar,Tuning / schedules; Objectives / losses,,run_sub_6c6c051f71,https://api.labless.dev/api/runs/run_sub_2e56e7ded8
run_sub_e8797adfe5,2026-06-12T01:35:33.678451Z,dino_jepa_w1,0.6310999001282492,unvalidated,nevasini1,Objectives / losses,,run_sub_6c6c051f71,https://api.labless.dev/api/runs/run_sub_e8797adfe5
run_sub_2be55385f1,2026-06-12T01:35:46.195931Z,dino_jepa_w2,0.6300569292670737,unvalidated,nevasini1,Objectives / losses,,run_sub_6c6c051f71,https://api.labless.dev/api/runs/run_sub_2be55385f1
run_sub_ffac0d4472,2026-06-12T01:35:58.853538Z,dino_jepa_w4,0.6250232841793385,unvalidated,nevasini1,Objectives / losses,,run_sub_6c6c051f71,https://api.labless.dev/api/runs/run_sub_ffac0d4472
run_sub_df7330d020,2026-06-12T01:36:11.036107Z,diversity,0.6285919217341065,unvalidated,nevasini1,Other / controls,,run_sub_6c6c051f71,https://api.labless.dev/api/runs/run_sub_df7330d020
run_sub_373f29d67e,2026-06-12T01:36:23.498714Z,jedi,0.6268991722730528,unvalidated,nevasini1,Other / controls,,run_sub_6c6c051f71,https://api.labless.dev/api/runs/run_sub_373f29d67e
run_sub_ececf5d4a3,2026-06-12T01:36:35.296215Z,jedi_f40,0.6269325579618531,unvalidated,nevasini1,Other / controls,,run_sub_6c6c051f71,https://api.labless.dev/api/runs/run_sub_ececf5d4a3
run_sub_d402281eb2,2026-06-12T01:36:47.826729Z,jedi_outpaint,0.6272099565222171,unvalidated,nevasini1,Other / controls,,run_sub_6c6c051f71,https://api.labless.dev/api/runs/run_sub_d402281eb2
run_sub_56fb9689a0,2026-06-12T01:36:59.520889Z,jedi_w05,0.6278729399568928,unvalidated,nevasini1,Other / controls,,run_sub_6c6c051f71,https://api.labless.dev/api/runs/run_sub_56fb9689a0
run_sub_1c3eebd67b,2026-06-12T01:37:11.318999Z,jedi_w20,0.6271315877228284,unvalidated,nevasini1,Other / controls,,run_sub_6c6c051f71,https://api.labless.dev/api/runs/run_sub_1c3eebd67b
run_sub_6cbc40b75f,2026-06-12T01:37:23.701757Z,jepa,0.6273309367755017,unvalidated,nevasini1,Objectives / losses,,run_sub_6c6c051f71,https://api.labless.dev/api/runs/run_sub_6cbc40b75f
run_sub_e77982a0b5,2026-06-12T01:37:36.541198Z,nima,0.6401040129590391,unvalidated,nevasini1,Other / controls,,run_sub_6c6c051f71,https://api.labless.dev/api/runs/run_sub_e77982a0b5
run_sub_797f9c4ede,2026-06-12T01:37:49.342667Z,nima_blocks6,0.6427208547693524,unvalidated,nevasini1,Other / controls,,run_sub_6c6c051f71,https://api.labless.dev/api/runs/run_sub_797f9c4ede
run_sub_4da48ee2c5,2026-06-12T01:38:01.923078Z,nima_cover20,0.639399842496504,unvalidated,nevasini1,Other / controls,,run_sub_6c6c051f71,https://api.labless.dev/api/runs/run_sub_4da48ee2c5
run_sub_2fd2527d5d,2026-06-12T01:38:14.969532Z,nima_gram01,0.640735920041378,unvalidated,nevasini1,Other / controls,,run_sub_6c6c051f71,https://api.labless.dev/api/runs/run_sub_2fd2527d5d
run_sub_116366e921,2026-06-12T01:38:27.708237Z,nima_gram03,0.6391453776506608,unvalidated,nevasini1,Other / controls,,run_sub_6c6c051f71,https://api.labless.dev/api/runs/run_sub_116366e921
run_sub_d71378a44e,2026-06-12T01:38:40.428343Z,nima_gram_ms,0.638119474305883,unvalidated,nevasini1,Other / controls,,run_sub_6c6c051f71,https://api.labless.dev/api/runs/run_sub_d71378a44e
run_sub_d0a80be591,2026-06-12T01:38:52.980505Z,nima_ibot03,0.6374063065571289,unvalidated,nevasini1,Other / controls,,run_sub_6c6c051f71,https://api.labless.dev/api/runs/run_sub_d0a80be591
run_sub_9971b47eb2,2026-06-12T01:39:05.366173Z,nima_kde05,0.6356892032550527,unvalidated,nevasini1,Tuning / schedules,,run_sub_6c6c051f71,https://api.labless.dev/api/runs/run_sub_9971b47eb2
run_sub_3b5ffc6cd2,2026-06-12T01:39:17.937699Z,nima_keepibot,0.6420266256385964,unvalidated,nevasini1,Other / controls,,run_sub_6c6c051f71,https://api.labless.dev/api/runs/run_sub_3b5ffc6cd2
run_sub_60df323f8e,2026-06-12T01:39:35.115269Z,nima_lr15,0.643783064244107,unvalidated,nevasini1,Tuning / schedules,,run_sub_6c6c051f71,https://api.labless.dev/api/runs/run_sub_60df323f8e
run_sub_d4e4d5f287,2026-06-12T01:39:47.613198Z,nima_mask10,0.6408656715918453,unvalidated,nevasini1,Other / controls,,run_sub_6c6c051f71,https://api.labless.dev/api/runs/run_sub_d4e4d5f287
run_sub_588616eb65,2026-06-12T01:40:00.370477Z,nima_mask25,0.5721479688077876,unvalidated,nevasini1,Other / controls,,run_sub_6c6c051f71,https://api.labless.dev/api/runs/run_sub_588616eb65
run_sub_1d845f6ebd,2026-06-12T01:40:12.880342Z,nima_mask5,0.6365040664959826,unvalidated,nevasini1,Other / controls,,run_sub_6c6c051f71,https://api.labless.dev/api/runs/run_sub_1d845f6ebd
run_sub_c69fcbc0c2,2026-06-12T01:40:25.276031Z,nima_multiscale,0.640862517785893,unvalidated,nevasini1,Other / controls,,run_sub_6c6c051f71,https://api.labless.dev/api/runs/run_sub_c69fcbc0c2
run_sub_55c6183ae4,2026-06-12T01:40:37.674509Z,nima_pd6_s2024,0.641219311954985,unvalidated,nevasini1,Other / controls,,run_sub_6c6c051f71,https://api.labless.dev/api/runs/run_sub_55c6183ae4
run_sub_d309fdd13a,2026-06-12T01:40:50.193196Z,nima_pd8,0.6391520347853628,unvalidated,nevasini1,Other / controls,,run_sub_6c6c051f71,https://api.labless.dev/api/runs/run_sub_d309fdd13a
run_sub_a700e33c73,2026-06-12T01:41:02.494398Z,nima_pd_c12,0.6402985480456195,unvalidated,nevasini1,Other / controls,,run_sub_6c6c051f71,https://api.labless.dev/api/runs/run_sub_a700e33c73
run_sub_6b1cdd3c02,2026-06-12T01:41:16.706656Z,nima_pd_c15,0.642367392258087,unvalidated,nevasini1,Other / controls,,run_sub_6c6c051f71,https://api.labless.dev/api/runs/run_sub_6b1cdd3c02
run_sub_53048df284,2026-06-12T01:41:29.393836Z,nima_pd_reg,0.643249996289861,unvalidated,nevasini1,Other / controls,,run_sub_6c6c051f71,https://api.labless.dev/api/runs/run_sub_53048df284
run_sub_7cfdb430b0,2026-06-12T01:41:41.862636Z,nima_s2025,0.6389106058801145,unvalidated,nevasini1,Other / controls,,run_sub_6c6c051f71,https://api.labless.dev/api/runs/run_sub_7cfdb430b0
run_sub_dd34f71439,2026-06-12T01:41:54.561157Z,nima_s31337,0.6370217496654632,unvalidated,nevasini1,Other / controls,,run_sub_6c6c051f71,https://api.labless.dev/api/runs/run_sub_dd34f71439
run_sub_45eb76872b,2026-06-12T01:42:07.182576Z,nima_s42,0.6338442459546214,unvalidated,nevasini1,Other / controls,,run_sub_6c6c051f71,https://api.labless.dev/api/runs/run_sub_45eb76872b
run_sub_3f80ab99fb,2026-06-12T01:42:19.577964Z,nima_s7,0.6361665553705194,unvalidated,nevasini1,Other / controls,,run_sub_6c6c051f71,https://api.labless.dev/api/runs/run_sub_3f80ab99fb
run_sub_ffe7bcdb5e,2026-06-12T01:42:31.887623Z,nima_s88,0.6358029545737013,unvalidated,nevasini1,Other / controls,,run_sub_6c6c051f71,https://api.labless.dev/api/runs/run_sub_ffe7bcdb5e
run_sub_b293f9941c,2026-06-12T01:42:44.481034Z,nima_s999,0.635394063469898,unvalidated,nevasini1,Other / controls,,run_sub_6c6c051f71,https://api.labless.dev/api/runs/run_sub_b293f9941c
run_sub_20464c6614,2026-06-12T01:42:57.042214Z,nima_w576,0.6383668490435264,unvalidated,nevasini1,Other / controls,,run_sub_6c6c051f71,https://api.labless.dev/api/runs/run_sub_20464c6614
run_sub_541e33ab4c,2026-06-12T01:43:09.757105Z,nima_w768,0.6345451638884444,unvalidated,nevasini1,Other / controls,,run_sub_6c6c051f71,https://api.labless.dev/api/runs/run_sub_541e33ab4c
run_sub_73f73a1daa,2026-06-12T01:43:22.100963Z,nima_warm03,0.6420268365422842,unvalidated,nevasini1,Other / controls,,run_sub_6c6c051f71,https://api.labless.dev/api/runs/run_sub_73f73a1daa
run_sub_77aaaf2624,2026-06-12T01:43:34.583911Z,nima_warmlong,0.6396601743907547,unvalidated,nevasini1,Other / controls,,run_sub_6c6c051f71,https://api.labless.dev/api/runs/run_sub_77aaaf2624
run_sub_2525131624,2026-06-12T01:43:46.517450Z,vitb,0.630614978302994,unvalidated,nevasini1,Architecture / backbone,,run_sub_6c6c051f71,https://api.labless.dev/api/runs/run_sub_2525131624
run_sub_0fc6df78e3,2026-06-12T01:43:58.681843Z,vitb_lr2e5,0.6191226248729276,unvalidated,nevasini1,Tuning / schedules,,run_sub_6c6c051f71,https://api.labless.dev/api/runs/run_sub_0fc6df78e3
run_sub_3871635755,2026-06-12T01:44:10.740688Z,vitb_lr5e5,0.6297861619135645,unvalidated,nevasini1,Tuning / schedules,,run_sub_6c6c051f71,https://api.labless.dev/api/runs/run_sub_3871635755
run_sub_f5f01e06c5,2026-06-12T02:03:45.896791Z,jepa-fino-morph,0.6455661457291852,unvalidated,ml-and-ml,Tuning / schedules; Objectives / losses; Molecular / text,,run_sub_6c6c051f71,https://api.labless.dev/api/runs/run_sub_f5f01e06c5
run_sub_fc3be92a2c,2026-06-12T02:08:10.144226Z,jepa-fino-fga,0.6494267510462977,unvalidated,ml-and-ml,Tuning / schedules; Objectives / losses; Molecular / text,,run_sub_6c6c051f71,https://api.labless.dev/api/runs/run_sub_fc3be92a2c
run_sub_03b9dec528,2026-06-12T03:18:39.906832Z,jepa-block,0.6277588238316734,unvalidated,nevasini1,Objectives / losses,,run_sub_6c6c051f71,https://api.labless.dev/api/runs/run_sub_03b9dec528
run_sub_fb8cfd06fd,2026-06-12T03:19:10.062085Z,gram-clean,0.6378365880165979,unvalidated,nevasini1,Objectives / losses,,run_sub_6c6c051f71,https://api.labless.dev/api/runs/run_sub_fb8cfd06fd
run_sub_24513e748d,2026-06-12T05:29:20.894316Z,jepa-fino-fga-ramp,0.651828856206404,unvalidated,ml-and-ml,Tuning / schedules; Data / augmentation; Objectives / losses; Molecular / text; Architecture / backbone,,run_sub_6c6c051f71,https://api.labless.dev/api/runs/run_sub_24513e748d
run_sub_70382d6d1b,2026-06-12T05:32:01.135593Z,jepa-fino-clu-g08-w,0.6504118638868913,unvalidated,ml-and-ml,Tuning / schedules; Data / augmentation; Objectives / losses; Molecular / text; Architecture / backbone,,run_sub_6c6c051f71,https://api.labless.dev/api/runs/run_sub_70382d6d1b
run_sub_a7ad4029ff,2026-06-12T05:32:16.692780Z,jepa-fino-clu-g05-w,0.6497219774557846,unvalidated,ml-and-ml,Tuning / schedules; Objectives / losses; Molecular / text; Architecture / backbone,,run_sub_6c6c051f71,https://api.labless.dev/api/runs/run_sub_a7ad4029ff
run_sub_befb2e6caf,2026-06-12T05:32:32.716745Z,jepa-fino-clu-g03-w,0.6486369493540377,unvalidated,ml-and-ml,Tuning / schedules; Objectives / losses; Molecular / text; Architecture / backbone,,run_sub_6c6c051f71,https://api.labless.dev/api/runs/run_sub_befb2e6caf
run_sub_16e0f9e2f2,2026-06-12T05:32:48.683799Z,jepa-fino-se-g05,0.6476121172687579,unvalidated,ml-and-ml,Tuning / schedules; Objectives / losses; Molecular / text,,run_sub_6c6c051f71,https://api.labless.dev/api/runs/run_sub_16e0f9e2f2
run_sub_70b76e248d,2026-06-12T05:33:04.177630Z,jepa-fino-fga-warm,0.6451619363902219,unvalidated,ml-and-ml,Tuning / schedules; Objectives / losses; Molecular / text; Architecture / backbone,,run_sub_6c6c051f71,https://api.labless.dev/api/runs/run_sub_70b76e248d
run_sub_5d8eb4171c,2026-06-12T05:37:02.350651Z,nima_vcreg1,0.6409964387231848,unvalidated,nevasini1,Other / controls,,run_sub_6c6c051f71,https://api.labless.dev/api/runs/run_sub_5d8eb4171c
run_sub_d8d8a48281,2026-06-12T05:37:13.754357Z,nima_vcreg25,0.6350681535774992,unvalidated,nevasini1,Other / controls,,run_sub_6c6c051f71,https://api.labless.dev/api/runs/run_sub_d8d8a48281
run_sub_250a9f32b9,2026-06-12T05:37:25.131864Z,nima_capi,0.6321234750424518,unvalidated,nevasini1,Objectives / losses,,run_sub_6c6c051f71,https://api.labless.dev/api/runs/run_sub_250a9f32b9
run_sub_ff632fb0d6,2026-06-12T14:08:37.408447Z,lejepa-sigreg,0.6435218338343893,unvalidated,nevasini1,Objectives / losses,,run_sub_6c6c051f71,https://api.labless.dev/api/runs/run_sub_ff632fb0d6
run_sub_5a02d4c1bf,2026-06-12T14:22:25.489405Z,jf-lr-anneal,0.6386331771101489,unvalidated,ml-and-ml,Tuning / schedules; Data / augmentation; Molecular / text,,run_sub_6c6c051f71,https://api.labless.dev/api/runs/run_sub_5a02d4c1bf
run_sub_3f8dd36e3f,2026-06-12T14:22:43.109730Z,jf-lranneal-rawcls,0.6398689199344567,unvalidated,ml-and-ml,Tuning / schedules; Molecular / text,,run_sub_6c6c051f71,https://api.labless.dev/api/runs/run_sub_3f8dd36e3f
run_sub_6cca4611bb,2026-06-12T14:23:00.444174Z,jf-rawcls,0.6515028178886086,unvalidated,ml-and-ml,Molecular / text,,run_sub_6c6c051f71,https://api.labless.dev/api/runs/run_sub_6cca4611bb
run_sub_58591e404b,2026-06-12T14:23:17.967187Z,jf-reg-rekey,0.6434864509364702,unvalidated,ml-and-ml,Tuning / schedules; Data / augmentation; Molecular / text,,run_sub_6c6c051f71,https://api.labless.dev/api/runs/run_sub_58591e404b
run_sub_369935bb6a,2026-06-12T14:23:36.511550Z,jf-sched-rekey,0.6460315720425337,unvalidated,ml-and-ml,Tuning / schedules; Data / augmentation; Molecular / text,,run_sub_6c6c051f71,https://api.labless.dev/api/runs/run_sub_369935bb6a
run_sub_aca0d8fddf,2026-06-12T14:23:57.413178Z,jf-til-immune,0.64546469573296,unvalidated,ml-and-ml,Molecular / text,,run_sub_6c6c051f71,https://api.labless.dev/api/runs/run_sub_aca0d8fddf
run_sub_146d47691b,2026-06-12T14:24:15.021373Z,jf-til-rawcls,0.6446029692496399,unvalidated,ml-and-ml,Molecular / text,,run_sub_6c6c051f71,https://api.labless.dev/api/runs/run_sub_146d47691b
run_sub_1c09fa3e4b,2026-06-12T14:24:32.779998Z,jf-til-sched,0.6428536766133763,unvalidated,ml-and-ml,Tuning / schedules; Molecular / text,,run_sub_6c6c051f71,https://api.labless.dev/api/runs/run_sub_1c09fa3e4b
run_sub_1128785297,2026-06-12T14:24:53.452263Z,jf-lr-const,0.6512020932987209,unvalidated,ml-and-ml,Tuning / schedules; Molecular / text,,run_sub_6c6c051f71,https://api.labless.dev/api/runs/run_sub_1128785297
run_sub_d40a06b414,2026-06-12T14:25:12.231381Z,jf-lr150,0.6501183241622176,unvalidated,ml-and-ml,Tuning / schedules; Molecular / text,,run_sub_6c6c051f71,https://api.labless.dev/api/runs/run_sub_d40a06b414
run_sub_8fa9b04574,2026-06-12T14:25:30.627446Z,jf-lr150-lv12,0.6465268147906742,unvalidated,ml-and-ml,Tuning / schedules; Molecular / text,,run_sub_6c6c051f71,https://api.labless.dev/api/runs/run_sub_8fa9b04574
run_sub_76b2a56793,2026-06-12T14:25:48.767100Z,jf-lr150-const,0.6498172628308906,unvalidated,ml-and-ml,Tuning / schedules; Molecular / text,,run_sub_6c6c051f71,https://api.labless.dev/api/runs/run_sub_76b2a56793
run_sub_e9efc8b5c9,2026-06-12T14:26:06.628915Z,jf-lr200,0.6458394077101968,unvalidated,ml-and-ml,Tuning / schedules; Molecular / text,,run_sub_6c6c051f71,https://api.labless.dev/api/runs/run_sub_e9efc8b5c9
run_sub_f7b57d5e46,2026-06-12T14:26:24.646776Z,jf-localviews12,0.6492217396784873,unvalidated,ml-and-ml,Tuning / schedules; Molecular / text,,run_sub_6c6c051f71,https://api.labless.dev/api/runs/run_sub_f7b57d5e46
run_sub_ad9525ebad,2026-06-12T14:26:42.750004Z,jf-localviews16,0.6476994217685186,unvalidated,ml-and-ml,Tuning / schedules; Molecular / text,,run_sub_6c6c051f71,https://api.labless.dev/api/runs/run_sub_ad9525ebad
run_sub_c661c3a993,2026-06-12T14:27:01.683546Z,jf-clip5,0.6520077914940773,unvalidated,ml-and-ml,Tuning / schedules; Molecular / text,,run_sub_6c6c051f71,https://api.labless.dev/api/runs/run_sub_c661c3a993
run_sub_16742926b9,2026-06-12T14:27:20.119095Z,jf-clip5-dp05,0.651055657643385,unvalidated,ml-and-ml,Tuning / schedules; Molecular / text,,run_sub_6c6c051f71,https://api.labless.dev/api/runs/run_sub_16742926b9
run_sub_3a9f265bcf,2026-06-12T14:27:38.672517Z,jf-droppath05,0.6467420301061388,unvalidated,ml-and-ml,Tuning / schedules; Molecular / text,,run_sub_6c6c051f71,https://api.labless.dev/api/runs/run_sub_3a9f265bcf
run_sub_83dc4fb889,2026-06-12T14:27:57.404323Z,jf-lr135,0.6518630212069974,unvalidated,ml-and-ml,Tuning / schedules; Molecular / text,,run_sub_6c6c051f71,https://api.labless.dev/api/runs/run_sub_83dc4fb889
run_sub_996f834ba7,2026-06-12T14:28:16.494531Z,jf-lwd08,0.6450825699116869,unvalidated,ml-and-ml,Molecular / text,,run_sub_6c6c051f71,https://api.labless.dev/api/runs/run_sub_996f834ba7
run_sub_2a698375d8,2026-06-12T14:28:35.135391Z,jf-grad-eq,0.6535829725500745,unvalidated,ml-and-ml,Molecular / text,,run_sub_6c6c051f71,https://api.labless.dev/api/runs/run_sub_2a698375d8
run_sub_40bed4531c,2026-06-12T14:28:53.962538Z,jf-warmup05,0.6512293409111682,unvalidated,ml-and-ml,Tuning / schedules; Molecular / text,,run_sub_6c6c051f71,https://api.labless.dev/api/runs/run_sub_40bed4531c
run_sub_1bc4d404e3,2026-06-12T14:29:48.504118Z,jf-lr125,0.6537314797863019,unvalidated,ml-and-ml,Tuning / schedules; Molecular / text,,run_sub_6c6c051f71,https://api.labless.dev/api/runs/run_sub_1bc4d404e3
run_sub_2b49c9b4db,2026-06-12T14:56:24.937629Z,jf-crop-aggr,0.6532846012392155,unvalidated,ml-and-ml,Tuning / schedules; Data / augmentation; Molecular / text,,run_sub_6c6c051f71,https://api.labless.dev/api/runs/run_sub_2b49c9b4db
run_sub_211e4f51b5,2026-06-12T14:56:43.799830Z,jf-colorjit05,0.6527631712709215,unvalidated,ml-and-ml,Tuning / schedules; Data / augmentation; Molecular / text,,run_sub_6c6c051f71,https://api.labless.dev/api/runs/run_sub_211e4f51b5
run_sub_3f2d617c97,2026-06-12T14:57:02.948086Z,jf-tissue010,0.6521902112361401,unvalidated,ml-and-ml,Tuning / schedules; Data / augmentation; Molecular / text,,run_sub_6c6c051f71,https://api.labless.dev/api/runs/run_sub_3f2d617c97
run_sub_6dbed091c3,2026-06-12T14:57:22.339248Z,jf-tissue025,0.6502765263645217,unvalidated,ml-and-ml,Tuning / schedules; Data / augmentation; Molecular / text,,run_sub_6c6c051f71,https://api.labless.dev/api/runs/run_sub_6dbed091c3
run_sub_26ca4507c2,2026-06-12T14:57:41.598968Z,jf-hed12,0.6446855823928808,unvalidated,ml-and-ml,Tuning / schedules; Data / augmentation; Molecular / text,,run_sub_6c6c051f71,https://api.labless.dev/api/runs/run_sub_26ca4507c2
run_sub_4579b3d809,2026-06-12T14:58:00.760900Z,jf-tis010-hed12,0.6444376518331338,unvalidated,ml-and-ml,Tuning / schedules; Data / augmentation; Molecular / text,,run_sub_6c6c051f71,https://api.labless.dev/api/runs/run_sub_4579b3d809
run_sub_ce3d0e5405,2026-06-12T14:58:19.993294Z,jf-hed12-cj05,0.6439756222804748,unvalidated,ml-and-ml,Tuning / schedules; Data / augmentation; Molecular / text,,run_sub_6c6c051f71,https://api.labless.dev/api/runs/run_sub_ce3d0e5405
run_sub_65df96af8c,2026-06-12T14:58:39.482105Z,jf-hed-off,0.6199897550625234,unvalidated,ml-and-ml,Tuning / schedules; Data / augmentation; Molecular / text,,run_sub_6c6c051f71,https://api.labless.dev/api/runs/run_sub_65df96af8c
run_sub_b104e12d94,2026-06-12T19:17:28.321628Z,jf-hed08,0.6539034316649531,unvalidated,ml-and-ml,Tuning / schedules; Data / augmentation; Molecular / text,,run_sub_6c6c051f71,https://api.labless.dev/api/runs/run_sub_b104e12d94
run_sub_c152943adf,2026-06-12T19:17:48.330560Z,jf-hed09,0.6512573154964457,unvalidated,ml-and-ml,Tuning / schedules; Data / augmentation; Molecular / text,,run_sub_6c6c051f71,https://api.labless.dev/api/runs/run_sub_c152943adf
run_sub_4034c32654,2026-06-12T20:19:05.393866Z,jf-hed05,0.650449621111636,unvalidated,ml-and-ml,Tuning / schedules; Data / augmentation; Molecular / text,,run_sub_6c6c051f71,https://api.labless.dev/api/runs/run_sub_4034c32654
run_sub_3cd4be1e0c,2026-06-12T20:19:27.680655Z,jf-hed07,0.6548241781448256,unvalidated,ml-and-ml,Tuning / schedules; Data / augmentation; Molecular / text,,run_sub_6c6c051f71,https://api.labless.dev/api/runs/run_sub_3cd4be1e0c
run_sub_1879d32919,2026-06-13T01:14:01.279383Z,jepa-fino-s2026,0.6484690800587501,validated,ml-and-ml,Tuning / schedules; Objectives / losses; Molecular / text,run_sub_3cd4be1e0c,run_sub_6c6c051f71,https://api.labless.dev/api/runs/run_sub_1879d32919
run_sub_9fc309cdf9,2026-06-13T03:50:39.867357Z,exp0098-fino-sat,0.6562671267281686,unvalidated,RyanKim17920,Data / augmentation; Objectives / losses; Molecular / text,,run_sub_6c6c051f71,https://api.labless.dev/api/runs/run_sub_9fc309cdf9
run_sub_1ecd0b7fcb,2026-06-13T03:57:49.744561Z,abl-adamuon-20260610,0.45894829034151574,unvalidated,RyanKim17920,Other / controls,,run_sub_6c6c051f71,https://api.labless.dev/api/runs/run_sub_1ecd0b7fcb
run_sub_29e502625a,2026-06-13T03:59:09.776150Z,abl-adamuon-j-202606,0.4456616694554475,unvalidated,RyanKim17920,Other / controls,,run_sub_6c6c051f71,https://api.labless.dev/api/runs/run_sub_29e502625a
run_sub_84d916751d,2026-06-13T03:59:29.108001Z,abl-qknorm-20260610,0.5979421663828154,unvalidated,RyanKim17920,Other / controls,,run_sub_6c6c051f71,https://api.labless.dev/api/runs/run_sub_84d916751d
run_sub_fe9678d63f,2026-06-13T03:59:48.933041Z,abl-qknorm-j-2026061,0.5981937209829385,unvalidated,RyanKim17920,Other / controls,,run_sub_6c6c051f71,https://api.labless.dev/api/runs/run_sub_fe9678d63f
run_sub_d4c3ad5bcd,2026-06-13T04:00:08.772293Z,abl-registers-202606,0.6289289290279543,unvalidated,RyanKim17920,Architecture / backbone,,run_sub_6c6c051f71,https://api.labless.dev/api/runs/run_sub_d4c3ad5bcd
run_sub_c0ab1aefdd,2026-06-13T04:00:28.642077Z,abl-registers-j-2026,0.6295763602644786,unvalidated,RyanKim17920,Architecture / backbone,,run_sub_6c6c051f71,https://api.labless.dev/api/runs/run_sub_c0ab1aefdd
run_sub_f6113790ee,2026-06-13T04:00:48.287064Z,adamuon-qknorm-reg-2,0.567381783251054,unvalidated,RyanKim17920,Other / controls,,run_sub_6c6c051f71,https://api.labless.dev/api/runs/run_sub_f6113790ee
run_sub_b0205bdfe2,2026-06-13T04:01:07.777130Z,adamuon-qknorm-reg-j,0.5682459962117287,unvalidated,RyanKim17920,Other / controls,,run_sub_6c6c051f71,https://api.labless.dev/api/runs/run_sub_b0205bdfe2
run_sub_b78cc53f39,2026-06-13T04:01:27.416292Z,aug-split-rstain-202,0.6341192609714378,unvalidated,RyanKim17920,Data / augmentation,,run_sub_6c6c051f71,https://api.labless.dev/api/runs/run_sub_b78cc53f39
run_sub_77e674dc25,2026-06-13T04:01:47.065367Z,aug-split-rstain-j-2,0.6354585295491476,unvalidated,RyanKim17920,Data / augmentation,,run_sub_6c6c051f71,https://api.labless.dev/api/runs/run_sub_77e674dc25
run_sub_ccedcb2e62,2026-06-13T04:02:06.493771Z,aug-symaug-j-2026061,0.6329856049376202,unvalidated,RyanKim17920,Other / controls,,run_sub_6c6c051f71,https://api.labless.dev/api/runs/run_sub_ccedcb2e62
run_sub_dca2712358,2026-06-13T04:02:45.082382Z,curated,0.6243212652590538,unvalidated,RyanKim17920,Data / augmentation,,run_sub_6c6c051f71,https://api.labless.dev/api/runs/run_sub_dca2712358
run_sub_ae9a69c526,2026-06-13T04:03:04.741862Z,evo-1780892424,0.632645440788069,unvalidated,RyanKim17920,Other / controls,,run_sub_6c6c051f71,https://api.labless.dev/api/runs/run_sub_ae9a69c526
run_sub_9d3be16566,2026-06-13T04:03:25.832377Z,exp_0010,0.6429160065165063,unvalidated,RyanKim17920,Tuning / schedules; Data / augmentation; Objectives / losses,,run_sub_6c6c051f71,https://api.labless.dev/api/runs/run_sub_9d3be16566
run_sub_a87f7763be,2026-06-13T04:06:53.275332Z,exp_0011,0.6387001379508159,unvalidated,RyanKim17920,Objectives / losses,,run_sub_6c6c051f71,https://api.labless.dev/api/runs/run_sub_a87f7763be
run_sub_6ba22604b6,2026-06-13T04:07:26.541384Z,exp_0012,0.6416556682506918,unvalidated,RyanKim17920,Tuning / schedules; Objectives / losses,,run_sub_6c6c051f71,https://api.labless.dev/api/runs/run_sub_6ba22604b6
run_sub_0f11886868,2026-06-13T04:07:47.227301Z,exp_0013,0.6440840587748028,unvalidated,RyanKim17920,Data / augmentation; Objectives / losses,,run_sub_6c6c051f71,https://api.labless.dev/api/runs/run_sub_0f11886868
run_sub_a0a62f2cc5,2026-06-13T04:08:07.767266Z,exp_0014,0.6365418135772877,unvalidated,RyanKim17920,Tuning / schedules; Data / augmentation; Objectives / losses,,run_sub_6c6c051f71,https://api.labless.dev/api/runs/run_sub_a0a62f2cc5
run_sub_514565704f,2026-06-13T04:08:28.183679Z,exp_0015,0.6392667643547755,unvalidated,RyanKim17920,Tuning / schedules; Objectives / losses; Architecture / backbone,,run_sub_6c6c051f71,https://api.labless.dev/api/runs/run_sub_514565704f
run_sub_e9c8754449,2026-06-13T04:08:48.811629Z,exp_0016,0.6438105304582984,unvalidated,RyanKim17920,Tuning / schedules; Data / augmentation; Objectives / losses; Architecture / backbone; Readout / post-train,,run_sub_6c6c051f71,https://api.labless.dev/api/runs/run_sub_e9c8754449
run_sub_2bf88f58c3,2026-06-13T04:09:10.330557Z,exp_0017,0.6401408888791285,unvalidated,RyanKim17920,Tuning / schedules; Objectives / losses,,run_sub_6c6c051f71,https://api.labless.dev/api/runs/run_sub_2bf88f58c3
run_sub_d9a2e2d88f,2026-06-13T04:09:30.955793Z,exp_0018,0.642536057644591,unvalidated,RyanKim17920,Objectives / losses; Readout / post-train,,run_sub_6c6c051f71,https://api.labless.dev/api/runs/run_sub_d9a2e2d88f
run_sub_1861cd5edb,2026-06-13T04:09:52.246568Z,exp_0019,0.643202249299613,unvalidated,RyanKim17920,Tuning / schedules; Data / augmentation; Objectives / losses,,run_sub_6c6c051f71,https://api.labless.dev/api/runs/run_sub_1861cd5edb
run_sub_ff5f3ed41c,2026-06-13T04:10:13.471841Z,exp_0020,0.6321844421521122,unvalidated,RyanKim17920,Tuning / schedules,,run_sub_6c6c051f71,https://api.labless.dev/api/runs/run_sub_ff5f3ed41c
run_sub_24969e57ad,2026-06-13T04:10:34.701112Z,exp_0021,0.6198074275527305,unvalidated,RyanKim17920,Tuning / schedules; Data / augmentation; Readout / post-train,,run_sub_6c6c051f71,https://api.labless.dev/api/runs/run_sub_24969e57ad
run_sub_a29ff7f4fe,2026-06-13T04:10:56.192347Z,exp_0022,0.6327962598650215,unvalidated,RyanKim17920,Tuning / schedules; Objectives / losses,,run_sub_6c6c051f71,https://api.labless.dev/api/runs/run_sub_a29ff7f4fe
run_sub_b7e98ee893,2026-06-13T04:11:18.680517Z,exp_0023,0.6310766235679224,unvalidated,RyanKim17920,Data / augmentation; Objectives / losses,,run_sub_6c6c051f71,https://api.labless.dev/api/runs/run_sub_b7e98ee893
run_sub_709ff179a3,2026-06-13T04:11:40.120598Z,exp_0024,0.6292226623281296,unvalidated,RyanKim17920,Tuning / schedules; Architecture / backbone; Readout / post-train,,run_sub_6c6c051f71,https://api.labless.dev/api/runs/run_sub_709ff179a3
run_sub_5ecfe5d1d4,2026-06-13T04:12:01.524534Z,exp_0025,0.6291414265842996,unvalidated,RyanKim17920,Architecture / backbone,,run_sub_6c6c051f71,https://api.labless.dev/api/runs/run_sub_5ecfe5d1d4
run_sub_958c6a2902,2026-06-13T04:12:23.702030Z,exp_0026,0.6295186030137074,unvalidated,RyanKim17920,Tuning / schedules; Data / augmentation; Objectives / losses,,run_sub_6c6c051f71,https://api.labless.dev/api/runs/run_sub_958c6a2902
run_sub_6a71ae8139,2026-06-13T04:13:05.956353Z,exp_0028,0.6309809171646403,unvalidated,RyanKim17920,Tuning / schedules,,run_sub_6c6c051f71,https://api.labless.dev/api/runs/run_sub_6a71ae8139
run_sub_8f74c1e2ac,2026-06-13T04:13:28.031444Z,exp_0029,0.6256830186247192,unvalidated,RyanKim17920,Tuning / schedules; Objectives / losses,,run_sub_6c6c051f71,https://api.labless.dev/api/runs/run_sub_8f74c1e2ac
run_sub_a749665a38,2026-06-13T04:13:49.409863Z,exp_0030,0.6255258419683931,unvalidated,RyanKim17920,Tuning / schedules; Data / augmentation; Objectives / losses,,run_sub_6c6c051f71,https://api.labless.dev/api/runs/run_sub_a749665a38
run_sub_0f6929ea49,2026-06-13T04:14:10.141915Z,exp_0031,0.6272658822467339,unvalidated,RyanKim17920,Tuning / schedules; Data / augmentation; Objectives / losses,,run_sub_6c6c051f71,https://api.labless.dev/api/runs/run_sub_0f6929ea49
run_sub_f9e00d2070,2026-06-13T04:14:30.997249Z,exp_0032,0.6338182526064033,unvalidated,RyanKim17920,Other / controls,,run_sub_6c6c051f71,https://api.labless.dev/api/runs/run_sub_f9e00d2070
run_sub_15d6c8b12b,2026-06-13T04:14:52.691053Z,exp_0033,0.6291541071505898,unvalidated,RyanKim17920,Tuning / schedules; Data / augmentation,,run_sub_6c6c051f71,https://api.labless.dev/api/runs/run_sub_15d6c8b12b
run_sub_361cf89806,2026-06-13T04:15:13.458759Z,exp_0035,0.6302768031670682,unvalidated,RyanKim17920,Data / augmentation,,run_sub_6c6c051f71,https://api.labless.dev/api/runs/run_sub_361cf89806
run_sub_3f78a86980,2026-06-13T04:15:34.120996Z,exp_0036,0.6326727449460353,unvalidated,RyanKim17920,Tuning / schedules; Data / augmentation; Objectives / losses; Readout / post-train,,run_sub_6c6c051f71,https://api.labless.dev/api/runs/run_sub_3f78a86980
run_sub_b576d92595,2026-06-13T04:15:55.188201Z,exp_0037,0.6331141085794469,unvalidated,RyanKim17920,Tuning / schedules; Architecture / backbone; Readout / post-train,,run_sub_6c6c051f71,https://api.labless.dev/api/runs/run_sub_b576d92595
run_sub_410cfc913d,2026-06-13T04:16:15.960522Z,exp_0038,0.6299602581264886,unvalidated,RyanKim17920,Data / augmentation; Readout / post-train,,run_sub_6c6c051f71,https://api.labless.dev/api/runs/run_sub_410cfc913d
run_sub_2835fac4e1,2026-06-13T04:16:36.509289Z,exp_0039,0.6258263991961025,unvalidated,RyanKim17920,Data / augmentation; Objectives / losses; Readout / post-train,,run_sub_6c6c051f71,https://api.labless.dev/api/runs/run_sub_2835fac4e1
run_sub_bee8c8e67e,2026-06-13T04:16:57.387368Z,exp_0040,0.6284157800544521,unvalidated,RyanKim17920,Tuning / schedules; Objectives / losses,,run_sub_6c6c051f71,https://api.labless.dev/api/runs/run_sub_bee8c8e67e
run_sub_1bd672fdd0,2026-06-13T04:17:17.750255Z,exp_0042,0.6298072426023965,unvalidated,RyanKim17920,Tuning / schedules; Data / augmentation,,run_sub_6c6c051f71,https://api.labless.dev/api/runs/run_sub_1bd672fdd0
run_sub_bfabb429f1,2026-06-13T04:17:38.496886Z,exp_0043,0.630703581006335,unvalidated,RyanKim17920,Data / augmentation; Objectives / losses,,run_sub_6c6c051f71,https://api.labless.dev/api/runs/run_sub_bfabb429f1
run_sub_3d77e408ff,2026-06-13T04:17:58.857726Z,exp_0044,0.6206909338820583,unvalidated,RyanKim17920,Objectives / losses,,run_sub_6c6c051f71,https://api.labless.dev/api/runs/run_sub_3d77e408ff
run_sub_245e9362e6,2026-06-13T04:18:19.343620Z,exp_0045,0.6326871911474014,unvalidated,RyanKim17920,Data / augmentation; Architecture / backbone,,run_sub_6c6c051f71,https://api.labless.dev/api/runs/run_sub_245e9362e6
run_sub_76276b5a94,2026-06-13T04:18:40.381783Z,exp_0046,0.6289121463126924,unvalidated,RyanKim17920,Tuning / schedules; Data / augmentation; Readout / post-train,,run_sub_6c6c051f71,https://api.labless.dev/api/runs/run_sub_76276b5a94
run_sub_8bf5635560,2026-06-13T04:19:00.581081Z,exp_0047,0.6330044541824692,unvalidated,RyanKim17920,Architecture / backbone; Readout / post-train,,run_sub_6c6c051f71,https://api.labless.dev/api/runs/run_sub_8bf5635560
run_sub_6d3c16e7d1,2026-06-13T04:19:21.615370Z,exp_0048,0.6249157701146537,unvalidated,RyanKim17920,Architecture / backbone; Readout / post-train,,run_sub_6c6c051f71,https://api.labless.dev/api/runs/run_sub_6d3c16e7d1
run_sub_4a5f40530b,2026-06-13T04:19:42.298957Z,exp_0049,0.6284309110510203,unvalidated,RyanKim17920,Tuning / schedules; Data / augmentation; Architecture / backbone,,run_sub_6c6c051f71,https://api.labless.dev/api/runs/run_sub_4a5f40530b
run_sub_84ab85f3d5,2026-06-13T04:20:02.630891Z,exp_0050,0.6295447629840042,unvalidated,RyanKim17920,Tuning / schedules; Readout / post-train,,run_sub_6c6c051f71,https://api.labless.dev/api/runs/run_sub_84ab85f3d5
run_sub_c90ab695c0,2026-06-13T04:20:23.141645Z,exp_0053,0.6324733643568058,unvalidated,RyanKim17920,Data / augmentation; Objectives / losses; Architecture / backbone,,run_sub_6c6c051f71,https://api.labless.dev/api/runs/run_sub_c90ab695c0
run_sub_9f7be454c3,2026-06-13T04:20:43.667685Z,exp_0054,0.6310638481059259,unvalidated,RyanKim17920,Tuning / schedules; Objectives / losses,,run_sub_6c6c051f71,https://api.labless.dev/api/runs/run_sub_9f7be454c3
run_sub_15bd61e6d0,2026-06-13T04:21:04.075144Z,exp_0055,0.6299650010937222,unvalidated,RyanKim17920,Tuning / schedules; Data / augmentation; Readout / post-train,,run_sub_6c6c051f71,https://api.labless.dev/api/runs/run_sub_15bd61e6d0
run_sub_530655d5b4,2026-06-13T04:21:24.499053Z,exp_0056,0.6328230169135809,unvalidated,RyanKim17920,Other / controls,,run_sub_6c6c051f71,https://api.labless.dev/api/runs/run_sub_530655d5b4
run_sub_c8701efaea,2026-06-13T04:21:44.913679Z,exp_0057,0.6458844190492857,unvalidated,RyanKim17920,Other / controls,,run_sub_6c6c051f71,https://api.labless.dev/api/runs/run_sub_c8701efaea
run_sub_17672296c0,2026-06-13T04:22:26.701982Z,jepa-curated-v2,0.6365933239099066,unvalidated,RyanKim17920,Data / augmentation; Objectives / losses,,run_sub_6c6c051f71,https://api.labless.dev/api/runs/run_sub_17672296c0
run_sub_1956cbb74d,2026-06-13T04:22:47.176687Z,jepa-curated-v4,0.64099097056752,unvalidated,RyanKim17920,Data / augmentation; Objectives / losses,,run_sub_6c6c051f71,https://api.labless.dev/api/runs/run_sub_1956cbb74d
run_sub_1c8143c06d,2026-06-13T04:23:07.541849Z,jepa-curated-v5,0.6382939444142811,unvalidated,RyanKim17920,Data / augmentation; Objectives / losses,,run_sub_6c6c051f71,https://api.labless.dev/api/runs/run_sub_1c8143c06d
run_sub_4249fe7bd2,2026-06-13T04:23:38.416954Z,jepa-curated-v6,0.6339009934461423,unvalidated,RyanKim17920,Data / augmentation; Objectives / losses,,run_sub_6c6c051f71,https://api.labless.dev/api/runs/run_sub_4249fe7bd2
run_sub_1bf76093c5,2026-06-13T04:24:38.311970Z,jepa-mask10-diag,0.64392931221562,unvalidated,RyanKim17920,Objectives / losses,,run_sub_6c6c051f71,https://api.labless.dev/api/runs/run_sub_1bf76093c5
run_sub_1ecbd52de3,2026-06-13T04:24:59.097498Z,jepa-mask10-diag-7,0.6432326143455451,unvalidated,RyanKim17920,Objectives / losses,,run_sub_6c6c051f71,https://api.labless.dev/api/runs/run_sub_1ecbd52de3
run_sub_7f355a8988,2026-06-13T04:25:40.686729Z,jepa-mask10-dinov3-t,0.63989340056567,unvalidated,RyanKim17920,Objectives / losses; Architecture / backbone,,run_sub_6c6c051f71,https://api.labless.dev/api/runs/run_sub_7f355a8988
run_sub_94bd78522b,2026-06-13T04:28:36.514778Z,online-stream-202606,0.6228892687939994,unvalidated,RyanKim17920,Other / controls,,run_sub_6c6c051f71,https://api.labless.dev/api/runs/run_sub_94bd78522b
run_sub_5f9864c9c6,2026-06-13T04:28:57.667115Z,online-stream-j-2026,0.6232122624726926,unvalidated,RyanKim17920,Other / controls,,run_sub_6c6c051f71,https://api.labless.dev/api/runs/run_sub_5f9864c9c6
run_sub_8f11d1b7f8,2026-06-13T04:29:18.790709Z,soft-equiv-20260610,0.5715402067692102,unvalidated,RyanKim17920,Other / controls,,run_sub_6c6c051f71,https://api.labless.dev/api/runs/run_sub_8f11d1b7f8
run_sub_5e309ca08b,2026-06-13T04:29:39.162406Z,soft-equiv-j-2026061,0.5667561529316577,unvalidated,RyanKim17920,Other / controls,,run_sub_6c6c051f71,https://api.labless.dev/api/runs/run_sub_5e309ca08b
run_sub_752a96b487,2026-06-13T04:29:59.795195Z,soft08-20260610,0.6303126405691991,unvalidated,RyanKim17920,Other / controls,,run_sub_6c6c051f71,https://api.labless.dev/api/runs/run_sub_752a96b487
run_sub_5c2fb4fb95,2026-06-13T04:30:20.527122Z,soft08-j-20260610,0.6307257459833189,unvalidated,RyanKim17920,Other / controls,,run_sub_6c6c051f71,https://api.labless.dev/api/runs/run_sub_5c2fb4fb95
run_sub_5477d8c01e,2026-06-13T04:30:41.409839Z,softeq-filt08-202606,0.6265519989998661,unvalidated,RyanKim17920,Other / controls,,run_sub_6c6c051f71,https://api.labless.dev/api/runs/run_sub_5477d8c01e
run_sub_2699a372b7,2026-06-13T04:31:23.512775Z,stream-tcga-20260609,0.642663804768116,unvalidated,RyanKim17920,Other / controls,,run_sub_6c6c051f71,https://api.labless.dev/api/runs/run_sub_2699a372b7
run_sub_f1a4c23b32,2026-06-13T04:33:37.528586Z,jepa-curated-v7,0.629387373676558,unvalidated,RyanKim17920,Data / augmentation; Objectives / losses,,run_sub_6c6c051f71,https://api.labless.dev/api/runs/run_sub_f1a4c23b32
run_sub_2f0f7b6623,2026-06-13T04:33:52.291445Z,exp_0027,0.63088392792577,unvalidated,RyanKim17920,Tuning / schedules; Objectives / losses,,run_sub_6c6c051f71,https://api.labless.dev/api/runs/run_sub_2f0f7b6623
run_sub_37f32261e6,2026-06-13T04:34:07.424608Z,softeq-filt08-j-2026,0.6259092268996465,unvalidated,RyanKim17920,Other / controls,,run_sub_6c6c051f71,https://api.labless.dev/api/runs/run_sub_37f32261e6
run_sub_4209bba23d,2026-06-13T14:57:40.872735Z,exp_0059,0.599876750332711,unvalidated,RyanKim17920,Data / augmentation,,run_sub_6c6c051f71,https://api.labless.dev/api/runs/run_sub_4209bba23d
run_sub_32addaa772,2026-06-13T14:58:01.290494Z,exp_0060,0.6343199621449153,unvalidated,RyanKim17920,Tuning / schedules; Objectives / losses; Molecular / text,,run_sub_6c6c051f71,https://api.labless.dev/api/runs/run_sub_32addaa772
run_sub_a799eaed0f,2026-06-13T14:58:21.786833Z,exp_0080,0.6402217951833258,unvalidated,RyanKim17920,Tuning / schedules; Data / augmentation; Objectives / losses,,run_sub_6c6c051f71,https://api.labless.dev/api/runs/run_sub_a799eaed0f
run_sub_b1e38fcacd,2026-06-13T14:58:44.060867Z,exp_0081,0.6376404578263348,unvalidated,RyanKim17920,Tuning / schedules; Data / augmentation; Molecular / text,,run_sub_6c6c051f71,https://api.labless.dev/api/runs/run_sub_b1e38fcacd
run_sub_3a9be17551,2026-06-13T14:59:05.883445Z,exp_0083,0.6552741918483282,unvalidated,RyanKim17920,Readout / post-train,,run_sub_6c6c051f71,https://api.labless.dev/api/runs/run_sub_3a9be17551
run_sub_f5dfe51224,2026-06-13T14:59:27.248760Z,exp_0084,0.651050535147288,unvalidated,RyanKim17920,Molecular / text,,run_sub_6c6c051f71,https://api.labless.dev/api/runs/run_sub_f5dfe51224
run_sub_833ffaa55c,2026-06-13T14:59:48.663499Z,exp_0085,0.6444621881676275,unvalidated,RyanKim17920,Objectives / losses; Molecular / text,,run_sub_6c6c051f71,https://api.labless.dev/api/runs/run_sub_833ffaa55c
run_sub_3cef252c7e,2026-06-13T15:00:10.715101Z,exp_0087,0.6467382262482851,unvalidated,RyanKim17920,Tuning / schedules; Data / augmentation; Molecular / text,,run_sub_6c6c051f71,https://api.labless.dev/api/runs/run_sub_3cef252c7e
run_sub_f144938d8a,2026-06-13T15:00:33.196205Z,exp_0089,0.6447740587293004,unvalidated,RyanKim17920,Tuning / schedules; Objectives / losses; Molecular / text; Architecture / backbone,,run_sub_6c6c051f71,https://api.labless.dev/api/runs/run_sub_f144938d8a
run_sub_88ff12b96a,2026-06-13T15:00:54.428199Z,exp_0092,0.6465892362224799,unvalidated,RyanKim17920,Tuning / schedules; Objectives / losses; Molecular / text,,run_sub_6c6c051f71,https://api.labless.dev/api/runs/run_sub_88ff12b96a
run_sub_1c9da5ba80,2026-06-13T15:01:16.389332Z,exp_0093,0.6529332561203728,unvalidated,RyanKim17920,Tuning / schedules; Objectives / losses; Molecular / text; Architecture / backbone,,run_sub_6c6c051f71,https://api.labless.dev/api/runs/run_sub_1c9da5ba80
run_sub_b88106af85,2026-06-13T15:01:37.969794Z,exp_0094,0.6492152210039538,unvalidated,RyanKim17920,Tuning / schedules; Objectives / losses; Molecular / text,,run_sub_6c6c051f71,https://api.labless.dev/api/runs/run_sub_b88106af85
run_sub_a25fbce8a7,2026-06-13T15:02:37.688742Z,exp_0096,0.6435297447686458,unvalidated,RyanKim17920,Tuning / schedules; Data / augmentation; Objectives / losses,,run_sub_6c6c051f71,https://api.labless.dev/api/runs/run_sub_a25fbce8a7
run_sub_c638d9d09a,2026-06-13T15:03:22.020356Z,exp_0102,0.6531871725568477,unvalidated,RyanKim17920,Tuning / schedules; Data / augmentation; Objectives / losses,,run_sub_6c6c051f71,https://api.labless.dev/api/runs/run_sub_c638d9d09a
run_sub_bfa958498a,2026-06-13T15:03:44.377676Z,exp_0104,0.6521428941607733,unvalidated,RyanKim17920,Tuning / schedules; Data / augmentation; Objectives / losses; Architecture / backbone,,run_sub_6c6c051f71,https://api.labless.dev/api/runs/run_sub_bfa958498a
run_sub_7da79ded62,2026-06-13T15:04:05.563352Z,exp_0105,0.6404114827157683,unvalidated,RyanKim17920,Tuning / schedules; Objectives / losses,,run_sub_6c6c051f71,https://api.labless.dev/api/runs/run_sub_7da79ded62
run_sub_c13d4744db,2026-06-13T15:04:26.750469Z,exp_0106,0.6505613988140571,unvalidated,RyanKim17920,Tuning / schedules; Molecular / text,,run_sub_6c6c051f71,https://api.labless.dev/api/runs/run_sub_c13d4744db
run_sub_49c6f10dbe,2026-06-13T15:05:33.803753Z,exp_0108,0.6550673107272028,unvalidated,RyanKim17920,Tuning / schedules; Data / augmentation; Objectives / losses,,run_sub_6c6c051f71,https://api.labless.dev/api/runs/run_sub_49c6f10dbe
run_sub_4cb03c4bda,2026-06-13T15:05:55.204612Z,exp_0109,0.6552477945026962,unvalidated,RyanKim17920,Data / augmentation; Molecular / text,,run_sub_6c6c051f71,https://api.labless.dev/api/runs/run_sub_4cb03c4bda
run_sub_5d8ee9da18,2026-06-13T15:06:16.729026Z,exp_0110,0.6532044310112985,unvalidated,RyanKim17920,Other / controls,,run_sub_6c6c051f71,https://api.labless.dev/api/runs/run_sub_5d8ee9da18
run_sub_259dc0f6af,2026-06-13T15:06:38.384044Z,exp_0111,0.6537748355101796,unvalidated,RyanKim17920,Tuning / schedules; Data / augmentation; Molecular / text,,run_sub_6c6c051f71,https://api.labless.dev/api/runs/run_sub_259dc0f6af
run_sub_d55ff378c8,2026-06-13T15:06:59.962483Z,exp_0112,0.6507305125041246,unvalidated,RyanKim17920,Tuning / schedules; Data / augmentation; Objectives / losses; Architecture / backbone,,run_sub_6c6c051f71,https://api.labless.dev/api/runs/run_sub_d55ff378c8
run_sub_d7ba4aea0e,2026-06-13T15:07:28.547498Z,exp_0113,0.6550813027018906,unvalidated,RyanKim17920,Tuning / schedules; Data / augmentation; Objectives / losses; Molecular / text,,run_sub_6c6c051f71,https://api.labless.dev/api/runs/run_sub_d7ba4aea0e
run_sub_264cc64cd3,2026-06-13T15:07:50.038557Z,exp_0114,0.657693340744976,unvalidated,RyanKim17920,Architecture / backbone; Readout / post-train,,run_sub_6c6c051f71,https://api.labless.dev/api/runs/run_sub_264cc64cd3
run_sub_4b051428f5,2026-06-13T15:08:11.374609Z,exp_0115,0.6509488113478962,unvalidated,RyanKim17920,Tuning / schedules; Data / augmentation; Objectives / losses,,run_sub_6c6c051f71,https://api.labless.dev/api/runs/run_sub_4b051428f5
run_sub_8c4c058005,2026-06-13T17:47:11.310341Z,jf-m-scan,0.6432115309194708,unvalidated,ml-and-ml,Tuning / schedules; Objectives / losses; Molecular / text; Readout / post-train,,run_sub_6c6c051f71,https://api.labless.dev/api/runs/run_sub_8c4c058005
run_sub_e01f267ac1,2026-06-13T17:47:35.975072Z,jf-m-scanyrrace,0.62995198886466,unvalidated,ml-and-ml,Tuning / schedules; Objectives / losses; Molecular / text; Readout / post-train,,run_sub_6c6c051f71,https://api.labless.dev/api/runs/run_sub_e01f267ac1
run_sub_d202b08f88,2026-06-13T17:47:49.417560Z,df-se-g05,0.6221740653691024,unvalidated,ml-and-ml,Data / augmentation; Objectives / losses; Molecular / text,,run_sub_6c6c051f71,https://api.labless.dev/api/runs/run_sub_d202b08f88
run_sub_622f83ae98,2026-06-13T17:48:02.061450Z,df-sefga-g05,0.6294630630394463,unvalidated,ml-and-ml,Objectives / losses; Molecular / text,,run_sub_6c6c051f71,https://api.labless.dev/api/runs/run_sub_622f83ae98
run_sub_3c776a5574,2026-06-13T21:06:39.236570Z,fino_expr_g08_r,0.6462916091257419,unvalidated,nevasini1,Molecular / text,,run_sub_6c6c051f71,https://api.labless.dev/api/runs/run_sub_3c776a5574
run_sub_0d51d5fc61,2026-06-13T21:08:52.555525Z,fino_g08_r,0.6447279907661017,unvalidated,nevasini1,Molecular / text,,run_sub_6c6c051f71,https://api.labless.dev/api/runs/run_sub_0d51d5fc61
run_sub_c942fa6b47,2026-06-13T21:09:05.795586Z,fino_full_r,0.6398489397106619,unvalidated,nevasini1,Molecular / text,,run_sub_6c6c051f71,https://api.labless.dev/api/runs/run_sub_c942fa6b47
run_sub_adab12aa1e,2026-06-13T21:09:18.724028Z,fino_best_g12_r,0.6481540864112234,unvalidated,nevasini1,Molecular / text,,run_sub_6c6c051f71,https://api.labless.dev/api/runs/run_sub_adab12aa1e
run_sub_fdcbdbf4bf,2026-06-13T21:12:32.328878Z,fino_submit,0.6485518818011353,unvalidated,nevasini1,Molecular / text,,run_sub_6c6c051f71,https://api.labless.dev/api/runs/run_sub_fdcbdbf4bf
run_sub_c04f080c1f,2026-06-13T21:12:48.396363Z,fino_g10_s2024,0.6465079066173941,unvalidated,nevasini1,Molecular / text,,run_sub_6c6c051f71,https://api.labless.dev/api/runs/run_sub_c04f080c1f
run_sub_e366d6101e,2026-06-13T21:13:02.076821Z,fino_expr_fga_r,0.6444262665334693,unvalidated,nevasini1,Molecular / text,,run_sub_6c6c051f71,https://api.labless.dev/api/runs/run_sub_e366d6101e
run_sub_e26c3dbefd,2026-06-13T21:17:15.428381Z,fino_g10_s1337,0.6468402844966246,unvalidated,nevasini1,Molecular / text,,run_sub_6c6c051f71,https://api.labless.dev/api/runs/run_sub_e26c3dbefd
run_sub_afa423cbcf,2026-06-13T21:17:28.720954Z,fino_g10_s99,0.6409627006373187,unvalidated,nevasini1,Molecular / text,,run_sub_6c6c051f71,https://api.labless.dev/api/runs/run_sub_afa423cbcf
run_sub_ca939ca14a,2026-06-13T21:17:41.796951Z,fino_expr_r,0.644880668312085,unvalidated,nevasini1,Molecular / text,,run_sub_6c6c051f71,https://api.labless.dev/api/runs/run_sub_ca939ca14a
run_sub_9100ce4da6,2026-06-13T21:17:56.053135Z,fino_best_r,0.646733726679124,unvalidated,nevasini1,Molecular / text,,run_sub_6c6c051f71,https://api.labless.dev/api/runs/run_sub_9100ce4da6
run_sub_1bd6a3c61d,2026-06-14T02:58:33.421004Z,fino-densefuse,0.6499887858829985,unvalidated,nevasini1,Objectives / losses; Molecular / text; Readout / post-train,,run_sub_6c6c051f71,https://api.labless.dev/api/runs/run_sub_1bd6a3c61d
run_sub_83e4308b41,2026-06-14T03:50:56.152021Z,pathorob-201,0.6639287357514352,unvalidated,RyanKim17920,Readout / post-train,,run_sub_6c6c051f71,https://api.labless.dev/api/runs/run_sub_83e4308b41
run_sub_cd344b7325,2026-06-14T04:00:06.175640Z,deepen-jepa-95,0.6489098907097338,unvalidated,RyanKim17920,Tuning / schedules; Data / augmentation; Objectives / losses; Molecular / text; Architecture / backbone,,run_sub_6c6c051f71,https://api.labless.dev/api/runs/run_sub_cd344b7325
run_sub_53df730e21,2026-06-14T04:02:42.177498Z,self-gram-107,0.6466019566449146,unvalidated,RyanKim17920,Tuning / schedules; Data / augmentation; Objectives / losses; Architecture / backbone,,run_sub_6c6c051f71,https://api.labless.dev/api/runs/run_sub_53df730e21
run_sub_e8f6636fa7,2026-06-14T04:06:14.002423Z,three-factor-116,0.6342130999668701,unvalidated,RyanKim17920,Molecular / text; Readout / post-train,,run_sub_6c6c051f71,https://api.labless.dev/api/runs/run_sub_e8f6636fa7
run_sub_584caaacd8,2026-06-14T04:06:37.640114Z,stack-lr125-st-117,0.6536970975787749,unvalidated,RyanKim17920,Tuning / schedules; Molecular / text,,run_sub_6c6c051f71,https://api.labless.dev/api/runs/run_sub_584caaacd8
run_sub_a09c29adb9,2026-06-14T04:07:01.162913Z,stratified-fino-118,0.6542801725516365,unvalidated,RyanKim17920,Tuning / schedules; Data / augmentation; Molecular / text; Readout / post-train,,run_sub_6c6c051f71,https://api.labless.dev/api/runs/run_sub_a09c29adb9
run_sub_503119cd4f,2026-06-14T04:07:26.839948Z,stack-stain-aug-127,0.6540227975690872,unvalidated,RyanKim17920,Data / augmentation; Objectives / losses; Molecular / text,,run_sub_6c6c051f71,https://api.labless.dev/api/runs/run_sub_503119cd4f
run_sub_46d48d250e,2026-06-14T04:07:52.160167Z,fino-base-small-128,0.6491202259593086,unvalidated,RyanKim17920,Tuning / schedules; Data / augmentation; Objectives / losses; Molecular / text; Readout / post-train,,run_sub_6c6c051f71,https://api.labless.dev/api/runs/run_sub_46d48d250e
run_sub_10c755e67f,2026-06-14T04:08:15.588538Z,rkd-relational-129,0.650819045629223,unvalidated,RyanKim17920,Tuning / schedules; Data / augmentation; Objectives / losses,,run_sub_6c6c051f71,https://api.labless.dev/api/runs/run_sub_10c755e67f
run_sub_9b2d66dd00,2026-06-14T04:08:40.505563Z,param-level-dino-130,0.6354582739923721,unvalidated,RyanKim17920,Tuning / schedules; Data / augmentation; Objectives / losses; Architecture / backbone,,run_sub_6c6c051f71,https://api.labless.dev/api/runs/run_sub_9b2d66dd00
run_sub_22b5b644ea,2026-06-14T04:09:04.324238Z,graft-cluster-131,0.6498360254555734,unvalidated,RyanKim17920,Tuning / schedules; Data / augmentation; Molecular / text,,run_sub_6c6c051f71,https://api.labless.dev/api/runs/run_sub_22b5b644ea
run_sub_a394ec270a,2026-06-14T04:09:28.799948Z,ibot-all-token-132,0.643702194584366,unvalidated,RyanKim17920,Tuning / schedules; Objectives / losses,,run_sub_6c6c051f71,https://api.labless.dev/api/runs/run_sub_a394ec270a
run_sub_e506363b50,2026-06-14T04:09:52.957546Z,high-res-2x-133,0.6525980233410563,unvalidated,RyanKim17920,Tuning / schedules; Data / augmentation; Objectives / losses,,run_sub_6c6c051f71,https://api.labless.dev/api/runs/run_sub_e506363b50
run_sub_e325b9197a,2026-06-14T04:10:17.176741Z,high-mag-tile-134,0.6099043627048201,unvalidated,RyanKim17920,Data / augmentation,,run_sub_6c6c051f71,https://api.labless.dev/api/runs/run_sub_e325b9197a
run_sub_47068ff6fc,2026-06-14T04:10:41.361733Z,slide-frequency-135,0.6441748150591359,unvalidated,RyanKim17920,Tuning / schedules; Data / augmentation,,run_sub_6c6c051f71,https://api.labless.dev/api/runs/run_sub_47068ff6fc
run_sub_e0706f49d5,2026-06-14T04:11:05.371104Z,fino-base-137,0.6495708233392624,unvalidated,RyanKim17920,Tuning / schedules; Objectives / losses; Molecular / text; Readout / post-train,,run_sub_6c6c051f71,https://api.labless.dev/api/runs/run_sub_e0706f49d5
run_sub_94949416e8,2026-06-14T04:11:29.003052Z,jepa-predictor-138,0.645317760227493,unvalidated,RyanKim17920,Tuning / schedules; Objectives / losses,,run_sub_6c6c051f71,https://api.labless.dev/api/runs/run_sub_94949416e8
run_sub_5864a0d118,2026-06-14T04:11:52.875019Z,late-phase-cls-139,0.6537106414137647,unvalidated,RyanKim17920,Tuning / schedules; Data / augmentation; Objectives / losses; Architecture / backbone,,run_sub_6c6c051f71,https://api.labless.dev/api/runs/run_sub_5864a0d118
run_sub_6a3dc08f81,2026-06-14T04:12:16.558887Z,replace-paad-140,0.6440298285774332,unvalidated,RyanKim17920,Tuning / schedules; Molecular / text,,run_sub_6c6c051f71,https://api.labless.dev/api/runs/run_sub_6a3dc08f81
run_sub_6958860122,2026-06-14T04:12:40.550795Z,late-dino-cls-142,0.6542298323548935,unvalidated,RyanKim17920,Tuning / schedules; Data / augmentation; Objectives / losses,,run_sub_6c6c051f71,https://api.labless.dev/api/runs/run_sub_6958860122
run_sub_3d03ef1dec,2026-06-14T04:13:03.780576Z,kde-schedule-143,0.6512011324145877,unvalidated,RyanKim17920,Tuning / schedules; Data / augmentation,,run_sub_6c6c051f71,https://api.labless.dev/api/runs/run_sub_3d03ef1dec
run_sub_354b3096d4,2026-06-14T04:13:27.416748Z,post-minimum-144,0.6403814698433976,unvalidated,RyanKim17920,Tuning / schedules; Data / augmentation,,run_sub_6c6c051f71,https://api.labless.dev/api/runs/run_sub_354b3096d4
run_sub_3793ee76c2,2026-06-14T04:13:52.050936Z,post-hoc-power-145,0.6506868580864437,unvalidated,RyanKim17920,Tuning / schedules; Architecture / backbone,,run_sub_6c6c051f71,https://api.labless.dev/api/runs/run_sub_3793ee76c2
run_sub_b8d995906c,2026-06-14T04:14:15.591891Z,refreshed-ema-146,0.6410116368576351,unvalidated,RyanKim17920,Tuning / schedules; Data / augmentation; Objectives / losses; Architecture / backbone,,run_sub_6c6c051f71,https://api.labless.dev/api/runs/run_sub_b8d995906c
run_sub_479ac69eb6,2026-06-14T04:14:39.315714Z,simdino-coding-156,0.5836588022633714,unvalidated,RyanKim17920,Tuning / schedules; Objectives / losses; Molecular / text,,run_sub_6c6c051f71,https://api.labless.dev/api/runs/run_sub_479ac69eb6
run_sub_36656ba4ae,2026-06-14T04:15:03.210623Z,multi-block-158,0.6470539318131048,unvalidated,RyanKim17920,Tuning / schedules; Objectives / losses; Molecular / text; Architecture / backbone,,run_sub_6c6c051f71,https://api.labless.dev/api/runs/run_sub_36656ba4ae
run_sub_62feaeaf96,2026-06-14T04:15:26.928558Z,additive-coding-161,0.6119036779588014,unvalidated,RyanKim17920,Tuning / schedules; Objectives / losses,,run_sub_6c6c051f71,https://api.labless.dev/api/runs/run_sub_62feaeaf96
run_sub_d34e87772f,2026-06-14T04:15:50.500574Z,late-gated-patch-162,0.6523357375797809,unvalidated,RyanKim17920,Tuning / schedules; Architecture / backbone,,run_sub_6c6c051f71,https://api.labless.dev/api/runs/run_sub_d34e87772f
run_sub_0bbdc2cf6f,2026-06-14T04:16:14.519522Z,post-hoc-power-163,0.6420897125271955,unvalidated,RyanKim17920,Tuning / schedules,,run_sub_6c6c051f71,https://api.labless.dev/api/runs/run_sub_0bbdc2cf6f
run_sub_1262737024,2026-06-14T04:16:38.844451Z,port-last-dense-164,0.6578347782717646,unvalidated,RyanKim17920,Data / augmentation; Readout / post-train,,run_sub_6c6c051f71,https://api.labless.dev/api/runs/run_sub_1262737024
run_sub_bc084464be,2026-06-14T04:17:02.596331Z,co-location-oom-165,0.6503828539712646,unvalidated,RyanKim17920,Objectives / losses; Molecular / text; Architecture / backbone; Readout / post-train,,run_sub_6c6c051f71,https://api.labless.dev/api/runs/run_sub_bc084464be
run_sub_1292ad70ab,2026-06-14T04:17:26.139766Z,dense-seg-166,0.646043471908961,unvalidated,RyanKim17920,Architecture / backbone; Readout / post-train,,run_sub_6c6c051f71,https://api.labless.dev/api/runs/run_sub_1292ad70ab
run_sub_f73f3047b0,2026-06-14T04:18:08.113947Z,survival-rank-168,0.6472942378838357,unvalidated,RyanKim17920,Tuning / schedules; Data / augmentation; Molecular / text,,run_sub_6c6c051f71,https://api.labless.dev/api/runs/run_sub_f73f3047b0
run_sub_d8c1811000,2026-06-14T04:18:31.570500Z,ledoit-wolf-170,0.6549747338998343,unvalidated,RyanKim17920,Tuning / schedules; Readout / post-train,,run_sub_6c6c051f71,https://api.labless.dev/api/runs/run_sub_d8c1811000
run_sub_2d8a81b59d,2026-06-14T04:18:55.831795Z,port-exp-0114-172,0.6578019170983604,unvalidated,RyanKim17920,Readout / post-train,,run_sub_6c6c051f71,https://api.labless.dev/api/runs/run_sub_2d8a81b59d
run_sub_ba79edc448,2026-06-14T04:19:19.370357Z,multi-block-173,0.6461841477223147,unvalidated,RyanKim17920,Tuning / schedules; Objectives / losses; Architecture / backbone; Readout / post-train,,run_sub_6c6c051f71,https://api.labless.dev/api/runs/run_sub_ba79edc448
run_sub_fe4033d412,2026-06-14T04:19:43.443862Z,widen-dense-seg-175,0.6574507598602883,unvalidated,RyanKim17920,Readout / post-train,,run_sub_6c6c051f71,https://api.labless.dev/api/runs/run_sub_fe4033d412
run_sub_9dc8f8434e,2026-06-14T04:20:07.226659Z,land-jbu-seg-176,0.6587996079210178,unvalidated,RyanKim17920,Data / augmentation; Readout / post-train,,run_sub_6c6c051f71,https://api.labless.dev/api/runs/run_sub_9dc8f8434e
run_sub_c01e2cd73b,2026-06-14T04:20:30.863217Z,vary-jbu-seg-177,0.6575220117936288,unvalidated,RyanKim17920,Data / augmentation; Readout / post-train,,run_sub_6c6c051f71,https://api.labless.dev/api/runs/run_sub_c01e2cd73b
run_sub_7a599a9512,2026-06-14T04:21:13.452925Z,multi-depth-cls-179,0.6616248283642318,unvalidated,RyanKim17920,Readout / post-train,,run_sub_6c6c051f71,https://api.labless.dev/api/runs/run_sub_7a599a9512
run_sub_4e2e49f431,2026-06-14T04:21:37.048544Z,covariance-180,0.6511339913034269,unvalidated,RyanKim17920,Tuning / schedules; Readout / post-train,,run_sub_6c6c051f71,https://api.labless.dev/api/runs/run_sub_4e2e49f431
run_sub_4e65f6bf3d,2026-06-14T04:22:00.856653Z,seg-densifier-181,0.6511446370041507,unvalidated,RyanKim17920,Tuning / schedules; Architecture / backbone; Readout / post-train,,run_sub_6c6c051f71,https://api.labless.dev/api/runs/run_sub_4e65f6bf3d
run_sub_88b219b27b,2026-06-14T04:22:25.167055Z,slide-bag-182,0.6591137785552436,unvalidated,RyanKim17920,Data / augmentation; Readout / post-train,,run_sub_6c6c051f71,https://api.labless.dev/api/runs/run_sub_88b219b27b
run_sub_2af152deeb,2026-06-14T04:22:49.246085Z,learned-dense-183,0.6585823735611434,unvalidated,RyanKim17920,Data / augmentation; Readout / post-train,,run_sub_6c6c051f71,https://api.labless.dev/api/runs/run_sub_2af152deeb
run_sub_c7d6d29da9,2026-06-14T04:23:13.443532Z,survival-de-184,0.6530007928927554,unvalidated,RyanKim17920,Data / augmentation; Readout / post-train,,run_sub_6c6c051f71,https://api.labless.dev/api/runs/run_sub_c7d6d29da9
run_sub_d503ccc32a,2026-06-14T04:23:37.431300Z,cls-readout-188,0.6521734787496555,unvalidated,RyanKim17920,Readout / post-train,,run_sub_6c6c051f71,https://api.labless.dev/api/runs/run_sub_d503ccc32a
run_sub_9b15ec49a6,2026-06-14T04:24:01.085043Z,depth-weighted-191,0.6612823293291845,unvalidated,RyanKim17920,Tuning / schedules; Readout / post-train,,run_sub_6c6c051f71,https://api.labless.dev/api/runs/run_sub_9b15ec49a6
run_sub_0c7ded229e,2026-06-14T04:24:24.933706Z,survival-scoped-198,0.661833885719019,unvalidated,RyanKim17920,Data / augmentation; Molecular / text; Readout / post-train,,run_sub_6c6c051f71,https://api.labless.dev/api/runs/run_sub_0c7ded229e
run_sub_b82cd28a60,2026-06-14T04:24:50.178588Z,cls-depth-blend-202,0.6584184075960269,unvalidated,RyanKim17920,Tuning / schedules,,run_sub_6c6c051f71,https://api.labless.dev/api/runs/run_sub_b82cd28a60
run_sub_5b0ea9697a,2026-06-14T05:08:52.088268Z,training-free-167,0.658352738289783,unvalidated,RyanKim17920,Data / augmentation; Readout / post-train,,run_sub_6c6c051f71,https://api.labless.dev/api/runs/run_sub_5b0ea9697a
run_sub_21e84ccb73,2026-06-14T05:11:57.003840Z,combine-exp-0176-178,0.657942442591206,unvalidated,RyanKim17920,Data / augmentation; Readout / post-train,,run_sub_6c6c051f71,https://api.labless.dev/api/runs/run_sub_21e84ccb73
run_sub_b2e57385b8,2026-06-14T06:17:34.484918Z,block-strided-214,0.6640282909987755,unvalidated,RyanKim17920,Architecture / backbone; Readout / post-train,,run_sub_6c6c051f71,https://api.labless.dev/api/runs/run_sub_b2e57385b8
run_sub_62eefbe552,2026-06-14T07:29:15.214159Z,fino-densefuse6,0.6504862462401985,unvalidated,nevasini1,Objectives / losses; Molecular / text; Readout / post-train,,run_sub_6c6c051f71,https://api.labless.dev/api/runs/run_sub_62eefbe552
run_sub_79f95991a6,2026-06-14T07:46:00.984691Z,replace-always-216,0.6503132446936359,unvalidated,RyanKim17920,Tuning / schedules; Objectives / losses; Molecular / text; Architecture / backbone,,run_sub_6c6c051f71,https://api.labless.dev/api/runs/run_sub_79f95991a6
run_sub_4c2aad9ab3,2026-06-14T07:46:25.078202Z,dino-teacher-217,0.6513033487851386,unvalidated,RyanKim17920,Tuning / schedules; Data / augmentation; Objectives / losses,,run_sub_6c6c051f71,https://api.labless.dev/api/runs/run_sub_4c2aad9ab3
run_sub_7063648c5b,2026-06-14T07:46:50.123409Z,staged-objective-218,0.65503854400349,unvalidated,RyanKim17920,Tuning / schedules; Data / augmentation; Objectives / losses,,run_sub_6c6c051f71,https://api.labless.dev/api/runs/run_sub_7063648c5b
run_sub_e674ee911b,2026-06-14T07:47:14.303165Z,late-regime-219,0.6562413201146754,unvalidated,RyanKim17920,Tuning / schedules,,run_sub_6c6c051f71,https://api.labless.dev/api/runs/run_sub_e674ee911b
run_sub_f4390f35ef,2026-06-14T07:47:38.560373Z,high-res-tail-220,0.6442039780951274,unvalidated,RyanKim17920,Tuning / schedules; Data / augmentation,,run_sub_6c6c051f71,https://api.labless.dev/api/runs/run_sub_f4390f35ef
run_sub_799a50e4b4,2026-06-14T07:48:04.430577Z,detached-dense-221,0.647102214374242,unvalidated,RyanKim17920,Tuning / schedules; Data / augmentation; Objectives / losses; Architecture / backbone,,run_sub_6c6c051f71,https://api.labless.dev/api/runs/run_sub_799a50e4b4
run_sub_01ad7a31f2,2026-06-14T07:48:29.067517Z,unsupervised-cls-222,0.651814289991403,unvalidated,RyanKim17920,Tuning / schedules,,run_sub_6c6c051f71,https://api.labless.dev/api/runs/run_sub_01ad7a31f2
run_sub_290aef7cd0,2026-06-14T07:48:54.548305Z,exploit-lr125-223,0.6432586302363917,unvalidated,RyanKim17920,Tuning / schedules; Data / augmentation; Molecular / text,,run_sub_6c6c051f71,https://api.labless.dev/api/runs/run_sub_290aef7cd0
run_sub_2d27200f6c,2026-06-14T09:48:52.106395Z,ibot-style-dense-225,0.6324687715886211,unvalidated,RyanKim17920,Data / augmentation; Objectives / losses,,run_sub_6c6c051f71,https://api.labless.dev/api/runs/run_sub_2d27200f6c
run_sub_e739db70f2,2026-06-14T09:50:22.207777Z,hed-space-stain-231,0.6352754414435405,unvalidated,RyanKim17920,Tuning / schedules; Data / augmentation; Objectives / losses; Readout / post-train,,run_sub_6c6c051f71,https://api.labless.dev/api/runs/run_sub_e739db70f2
run_sub_3825508cb5,2026-06-14T10:46:21.058215Z,cross-227,0.6374385850166255,unvalidated,RyanKim17920,Tuning / schedules; Data / augmentation; Objectives / losses,,run_sub_6c6c051f71,https://api.labless.dev/api/runs/run_sub_3825508cb5
run_sub_6fbb95c0bd,2026-06-14T10:46:46.250120Z,re-aimed-two-228,0.6437420779661501,unvalidated,RyanKim17920,Tuning / schedules; Data / augmentation; Objectives / losses,,run_sub_6c6c051f71,https://api.labless.dev/api/runs/run_sub_6fbb95c0bd
run_sub_4f0b08e8d3,2026-06-14T10:47:11.298672Z,mag-aware-local-229,0.6447000795830018,unvalidated,RyanKim17920,Tuning / schedules; Data / augmentation; Objectives / losses,,run_sub_6c6c051f71,https://api.labless.dev/api/runs/run_sub_4f0b08e8d3
run_sub_28c348d1b1,2026-06-14T10:47:35.919554Z,dino-proto-230,0.6509661326326073,unvalidated,RyanKim17920,Tuning / schedules; Data / augmentation,,run_sub_6c6c051f71,https://api.labless.dev/api/runs/run_sub_28c348d1b1
run_sub_57bd608058,2026-06-14T11:46:20.276905Z,back-half-236,0.6404366237230434,unvalidated,RyanKim17920,Tuning / schedules; Data / augmentation; Objectives / losses,,run_sub_6c6c051f71,https://api.labless.dev/api/runs/run_sub_57bd608058
run_sub_0a4394cc79,2026-06-14T12:46:21.779744Z,mag-aware-global-232,0.6443700655008534,unvalidated,RyanKim17920,Tuning / schedules; Data / augmentation; Objectives / losses,,run_sub_6c6c051f71,https://api.labless.dev/api/runs/run_sub_0a4394cc79
run_sub_95d0123dd9,2026-06-14T12:46:48.120131Z,stack-stain-aug-234,0.6515797991296807,unvalidated,RyanKim17920,Tuning / schedules; Data / augmentation,,run_sub_6c6c051f71,https://api.labless.dev/api/runs/run_sub_95d0123dd9
run_sub_74de1260a8,2026-06-14T12:47:13.626048Z,fresh-trained-235,0.6509433878753939,unvalidated,RyanKim17920,Tuning / schedules,,run_sub_6c6c051f71,https://api.labless.dev/api/runs/run_sub_74de1260a8
run_sub_82c2c9e615,2026-06-14T12:47:40.101850Z,off-trunk-slide-237,0.6416039026071205,unvalidated,RyanKim17920,Tuning / schedules; Objectives / losses; Readout / post-train,,run_sub_6c6c051f71,https://api.labless.dev/api/runs/run_sub_82c2c9e615
run_sub_a47bd97faf,2026-06-14T13:46:24.490155Z,attention-guided-238,0.6526809962314559,unvalidated,RyanKim17920,Data / augmentation; Objectives / losses,,run_sub_6c6c051f71,https://api.labless.dev/api/runs/run_sub_a47bd97faf
run_sub_ba4bf500e2,2026-06-14T13:46:50.716719Z,cls-sphere-239,0.659559308053341,unvalidated,RyanKim17920,Tuning / schedules; Objectives / losses; Molecular / text,,run_sub_6c6c051f71,https://api.labless.dev/api/runs/run_sub_ba4bf500e2
run_sub_ac460fa453,2026-06-14T13:47:16.665655Z,stronger-patch-240,0.6503003350942915,unvalidated,RyanKim17920,Tuning / schedules; Data / augmentation,,run_sub_6c6c051f71,https://api.labless.dev/api/runs/run_sub_ac460fa453
run_sub_59f7f9defa,2026-06-14T13:47:41.373449Z,lawa-deploy-241,0.6465877040997544,unvalidated,RyanKim17920,Tuning / schedules; Architecture / backbone,,run_sub_6c6c051f71,https://api.labless.dev/api/runs/run_sub_59f7f9defa
run_sub_9cc72b2e65,2026-06-14T15:46:40.899624Z,90-degree-242,0.6500845368224586,unvalidated,RyanKim17920,Tuning / schedules; Data / augmentation; Objectives / losses,,run_sub_6c6c051f71,https://api.labless.dev/api/runs/run_sub_9cc72b2e65
run_sub_9e37eb8168,2026-06-14T15:47:06.557561Z,off-trunk-bank-243,0.6451356872950038,unvalidated,RyanKim17920,Tuning / schedules; Objectives / losses,,run_sub_6c6c051f71,https://api.labless.dev/api/runs/run_sub_9e37eb8168
run_sub_1f88ff484a,2026-06-14T15:47:33.474686Z,qk-norm-244,0.6092735577861983,unvalidated,RyanKim17920,Tuning / schedules; Data / augmentation; Architecture / backbone,,run_sub_6c6c051f71,https://api.labless.dev/api/runs/run_sub_1f88ff484a
run_sub_c9496db5cd,2026-06-14T15:47:58.431394Z,off-trunk-245,0.64059355906948,unvalidated,RyanKim17920,Tuning / schedules; Objectives / losses; Readout / post-train,,run_sub_6c6c051f71,https://api.labless.dev/api/runs/run_sub_c9496db5cd
run_sub_f00bf47f9b,2026-06-14T15:48:24.053470Z,cotap-253,0.6473555917918352,unvalidated,RyanKim17920,Tuning / schedules; Data / augmentation,,run_sub_6c6c051f71,https://api.labless.dev/api/runs/run_sub_f00bf47f9b
run_sub_4bdddac4e7,2026-06-15T07:08:28.366796Z,grad-equalize-247,0.6543120124023357,unvalidated,RyanKim17920,Data / augmentation; Molecular / text,,run_sub_6c6c051f71,https://api.labless.dev/api/runs/run_sub_4bdddac4e7
run_sub_fa8c4df71a,2026-06-15T07:08:53.519348Z,mag-aware-local-249,0.6444077065960225,unvalidated,RyanKim17920,Tuning / schedules; Data / augmentation,,run_sub_6c6c051f71,https://api.labless.dev/api/runs/run_sub_fa8c4df71a
run_sub_15a7a8e64b,2026-06-15T07:09:18.361667Z,hed-jitter-250,0.6498580005615422,unvalidated,RyanKim17920,Data / augmentation,,run_sub_6c6c051f71,https://api.labless.dev/api/runs/run_sub_15a7a8e64b
run_sub_2f825fd71c,2026-06-15T07:09:42.909702Z,kde-weight-push-252,0.5976719350819798,unvalidated,RyanKim17920,Tuning / schedules; Data / augmentation; Objectives / losses; Molecular / text,,run_sub_6c6c051f71,https://api.labless.dev/api/runs/run_sub_2f825fd71c
run_sub_453cb16ed8,2026-06-15T07:10:07.428463Z,fino-stain-site-254,0.6445488512642361,unvalidated,RyanKim17920,Data / augmentation; Molecular / text,,run_sub_6c6c051f71,https://api.labless.dev/api/runs/run_sub_453cb16ed8
run_sub_bfbffbcccf,2026-06-15T07:10:31.883438Z,combine-two-256,0.659641719137801,unvalidated,RyanKim17920,Tuning / schedules; Data / augmentation; Objectives / losses; Molecular / text,,run_sub_6c6c051f71,https://api.labless.dev/api/runs/run_sub_bfbffbcccf
run_sub_6e379376f1,2026-06-15T07:10:57.268506Z,re-home-exp-0073-260,0.6485362963208374,unvalidated,RyanKim17920,Molecular / text; Architecture / backbone,,run_sub_6c6c051f71,https://api.labless.dev/api/runs/run_sub_6e379376f1
run_sub_969581e54f,2026-06-15T07:11:21.993795Z,dense-objective-262,0.6553046259282342,unvalidated,RyanKim17920,Tuning / schedules; Objectives / losses; Molecular / text,,run_sub_6c6c051f71,https://api.labless.dev/api/runs/run_sub_969581e54f
run_sub_ac7d86a2fe,2026-06-15T09:46:21.191903Z,exploit-264,0.6495267941495189,unvalidated,RyanKim17920,Tuning / schedules; Data / augmentation; Objectives / losses,,run_sub_6c6c051f71,https://api.labless.dev/api/runs/run_sub_ac7d86a2fe
run_sub_aab500b0bb,2026-06-15T09:46:45.942457Z,dinov3-style-265,0.656095012312869,unvalidated,RyanKim17920,Tuning / schedules; Data / augmentation; Architecture / backbone,,run_sub_6c6c051f71,https://api.labless.dev/api/runs/run_sub_aab500b0bb
run_sub_a49f5b086b,2026-06-15T09:47:11.459884Z,partial-grad-266,0.6550930221209117,unvalidated,RyanKim17920,Data / augmentation; Molecular / text,,run_sub_6c6c051f71,https://api.labless.dev/api/runs/run_sub_a49f5b086b
run_sub_a494a651ad,2026-06-15T09:47:36.593546Z,jepa-distance-267,0.6456099898117018,unvalidated,RyanKim17920,Tuning / schedules; Objectives / losses,,run_sub_6c6c051f71,https://api.labless.dev/api/runs/run_sub_a494a651ad
run_sub_8c0be592ec,2026-06-15T09:48:02.294936Z,high-res-gram-268,0.6492871596828322,unvalidated,RyanKim17920,Tuning / schedules; Data / augmentation; Architecture / backbone,,run_sub_6c6c051f71,https://api.labless.dev/api/runs/run_sub_8c0be592ec
run_sub_7ee5a57cd7,2026-06-15T09:48:28.127873Z,jepa-weight-75-269,0.6542761482319097,unvalidated,RyanKim17920,Tuning / schedules; Objectives / losses,,run_sub_6c6c051f71,https://api.labless.dev/api/runs/run_sub_7ee5a57cd7
run_sub_6f46f0ae1e,2026-06-15T09:48:53.899638Z,jepa-deep-self-270,0.6531721333764051,unvalidated,RyanKim17920,Tuning / schedules; Objectives / losses; Architecture / backbone; Readout / post-train,,run_sub_6c6c051f71,https://api.labless.dev/api/runs/run_sub_6f46f0ae1e
run_sub_edc32aef4c,2026-06-15T10:46:20.481433Z,jepa-canonical-275,0.65363080724027,unvalidated,RyanKim17920,Data / augmentation; Objectives / losses,,run_sub_6c6c051f71,https://api.labless.dev/api/runs/run_sub_edc32aef4c
run_sub_1e2d9d9f77,2026-06-15T10:46:45.535290Z,temporal-dino-278,0.6533234970655953,unvalidated,RyanKim17920,Tuning / schedules; Data / augmentation; Objectives / losses; Architecture / backbone,,run_sub_6c6c051f71,https://api.labless.dev/api/runs/run_sub_1e2d9d9f77
run_sub_0cebc3d39e,2026-06-15T10:47:12.610999Z,raise-jepa-dense-279,0.645413595787781,unvalidated,RyanKim17920,Tuning / schedules; Objectives / losses,,run_sub_6c6c051f71,https://api.labless.dev/api/runs/run_sub_0cebc3d39e
run_sub_34dbbca851,2026-06-15T11:46:28.540062Z,content-aware-273,0.6502283808161551,unvalidated,RyanKim17920,Tuning / schedules; Data / augmentation; Objectives / losses,,run_sub_6c6c051f71,https://api.labless.dev/api/runs/run_sub_34dbbca851
run_sub_069af7a05b,2026-06-15T11:46:52.903830Z,barlow-vicreg-274,0.6483474992198061,unvalidated,RyanKim17920,Tuning / schedules; Objectives / losses,,run_sub_6c6c051f71,https://api.labless.dev/api/runs/run_sub_069af7a05b
run_sub_00f6a2f612,2026-06-15T11:47:18.304321Z,backbone-276,0.639148383925475,unvalidated,RyanKim17920,Tuning / schedules; Data / augmentation; Objectives / losses; Architecture / backbone,,run_sub_6c6c051f71,https://api.labless.dev/api/runs/run_sub_00f6a2f612
run_sub_9c45acebb8,2026-06-15T11:47:43.387996Z,hed07-st-two-277,0.64190398705692,unvalidated,RyanKim17920,Tuning / schedules; Data / augmentation; Objectives / losses; Molecular / text,,run_sub_6c6c051f71,https://api.labless.dev/api/runs/run_sub_9c45acebb8
run_sub_ea4cc6060e,2026-06-15T11:48:08.498613Z,mag-aware-local-280,0.6482393279376055,unvalidated,RyanKim17920,Tuning / schedules; Data / augmentation; Molecular / text,,run_sub_6c6c051f71,https://api.labless.dev/api/runs/run_sub_ea4cc6060e
run_sub_d1f86f05c9,2026-06-15T13:46:19.928177Z,lr-curve-shape-281,0.6445855345289146,unvalidated,RyanKim17920,Tuning / schedules,,run_sub_6c6c051f71,https://api.labless.dev/api/runs/run_sub_d1f86f05c9
run_sub_243d368856,2026-06-15T13:46:45.551891Z,batch-step-282,0.6409036639174348,unvalidated,RyanKim17920,Tuning / schedules,,run_sub_6c6c051f71,https://api.labless.dev/api/runs/run_sub_243d368856
run_sub_f32f515351,2026-06-15T13:47:10.456341Z,optimizer-state-284,0.6553709943182888,unvalidated,RyanKim17920,Tuning / schedules,,run_sub_6c6c051f71,https://api.labless.dev/api/runs/run_sub_f32f515351
run_sub_11fe0c19ee,2026-06-15T13:47:35.273296Z,data-286,0.6482473192406387,unvalidated,RyanKim17920,Data / augmentation; Readout / post-train,,run_sub_6c6c051f71,https://api.labless.dev/api/runs/run_sub_11fe0c19ee
run_sub_6af8ed4698,2026-06-15T13:47:59.865830Z,step-anchored-287,0.6544436698503502,unvalidated,RyanKim17920,Tuning / schedules,,run_sub_6c6c051f71,https://api.labless.dev/api/runs/run_sub_6af8ed4698
run_sub_c87f46301e,2026-06-15T17:49:05.913200Z,sample-keyed-291,0.6577284940420058,unvalidated,RyanKim17920,Tuning / schedules; Data / augmentation; Architecture / backbone,,run_sub_6c6c051f71,https://api.labless.dev/api/runs/run_sub_c87f46301e
run_sub_d92b5ddfc7,2026-06-15T17:49:56.025124Z,kde-70x-35-hed07-292,0.6475999634892621,unvalidated,RyanKim17920,Tuning / schedules; Data / augmentation; Molecular / text,,run_sub_6c6c051f71,https://api.labless.dev/api/runs/run_sub_d92b5ddfc7
run_sub_776a5afbef,2026-06-15T22:52:06.921174Z,exp0214-block-214,0.6635619151367955,unvalidated,RyanKim17920,Architecture / backbone; Readout / post-train,,run_sub_6c6c051f71,https://api.labless.dev/api/runs/run_sub_776a5afbef
run_sub_c66815c807,2026-06-15T22:52:54.412772Z,live-ema-gram-290,0.6483141780785321,unvalidated,RyanKim17920,Tuning / schedules,,run_sub_6c6c051f71,https://api.labless.dev/api/runs/run_sub_c66815c807
run_sub_dffc7771ca,2026-06-15T22:53:21.386078Z,port-block-cls-293,0.6626244427519628,unvalidated,RyanKim17920,Architecture / backbone; Readout / post-train,,run_sub_6c6c051f71,https://api.labless.dev/api/runs/run_sub_dffc7771ca
run_sub_1ee564bcfd,2026-06-15T22:53:47.994124Z,training-multi-294,0.5934993594462743,unvalidated,RyanKim17920,Tuning / schedules; Objectives / losses; Architecture / backbone; Readout / post-train,,run_sub_6c6c051f71,https://api.labless.dev/api/runs/run_sub_1ee564bcfd
run_sub_d10f3e5e5a,2026-06-15T22:54:16.371277Z,slide-percent-297,0.6449448918031486,unvalidated,RyanKim17920,Molecular / text,,run_sub_6c6c051f71,https://api.labless.dev/api/runs/run_sub_d10f3e5e5a
run_sub_e06d9e33cb,2026-06-15T22:55:08.574449Z,patient-level-299,0.6421836150216063,unvalidated,RyanKim17920,Objectives / losses; Molecular / text,,run_sub_6c6c051f71,https://api.labless.dev/api/runs/run_sub_e06d9e33cb
run_sub_ee236e5ed8,2026-06-15T22:55:35.184715Z,halve-dino-head-300,0.6466647473903097,unvalidated,RyanKim17920,Data / augmentation; Architecture / backbone,,run_sub_6c6c051f71,https://api.labless.dev/api/runs/run_sub_ee236e5ed8
run_sub_d48e9d9553,2026-06-15T22:56:01.638494Z,reduce-dino-301,0.6465761987385797,unvalidated,RyanKim17920,Other / controls,,run_sub_6c6c051f71,https://api.labless.dev/api/runs/run_sub_d48e9d9553
run_sub_c4de74a02d,2026-06-15T22:56:28.673300Z,clinical-302,0.6473202655738518,unvalidated,RyanKim17920,Molecular / text,,run_sub_6c6c051f71,https://api.labless.dev/api/runs/run_sub_c4de74a02d
run_sub_057127ba51,2026-06-15T22:56:55.227499Z,narrow-dino-head-303,0.6459752608914043,unvalidated,RyanKim17920,Tuning / schedules,,run_sub_6c6c051f71,https://api.labless.dev/api/runs/run_sub_057127ba51
run_sub_8986771745,2026-06-15T22:57:22.005312Z,port-batch-pca-308,0.6443220084778228,unvalidated,RyanKim17920,Data / augmentation; Readout / post-train,,run_sub_6c6c051f71,https://api.labless.dev/api/runs/run_sub_8986771745
run_sub_c792301a4d,2026-06-15T23:18:37.316448Z,reduce-dino-cls-298,0.6411607061988507,unvalidated,RyanKim17920,Tuning / schedules; Data / augmentation; Objectives / losses; Readout / post-train,,run_sub_6c6c051f71,https://api.labless.dev/api/runs/run_sub_c792301a4d
run_sub_2a73da3280,2026-06-16T02:46:54.263362Z,stack-block-cls-309,0.653688178585546,unvalidated,RyanKim17920,Molecular / text; Readout / post-train,,run_sub_6c6c051f71,https://api.labless.dev/api/runs/run_sub_2a73da3280
run_sub_dfc7d8ab2c,2026-06-16T02:47:24.361005Z,port-block-cls-310,0.6618471804510616,unvalidated,RyanKim17920,Readout / post-train,,run_sub_6c6c051f71,https://api.labless.dev/api/runs/run_sub_dfc7d8ab2c
run_sub_f56fbd265b,2026-06-16T02:47:50.569761Z,batch-pca-soft-311,0.6447431748385328,unvalidated,RyanKim17920,Data / augmentation; Readout / post-train,,run_sub_6c6c051f71,https://api.labless.dev/api/runs/run_sub_f56fbd265b
run_sub_0eeba19684,2026-06-16T04:42:51.398658Z,cls4681-seed7777,0.6640969000239617,unvalidated,RyanKim17920,Tuning / schedules,,run_sub_6c6c051f71,https://api.labless.dev/api/runs/run_sub_0eeba19684
run_sub_5f782f72e3,2026-06-16T04:43:14.263948Z,cls4681-seed42,0.6567979248191949,unvalidated,RyanKim17920,Tuning / schedules,,run_sub_6c6c051f71,https://api.labless.dev/api/runs/run_sub_5f782f72e3
run_sub_c57b14975f,2026-06-16T09:46:08.886630Z,vits-readout,0.657588488707367,unvalidated,txmed82,Data / augmentation; Objectives / losses; Molecular / text; Readout / post-train,,run_sub_6c6c051f71,https://api.labless.dev/api/runs/run_sub_c57b14975f
run_sub_46ebc8a061,2026-06-16T17:29:41.566084Z,cls4681-seed1337,0.6585773892732607,unvalidated,RyanKim17920,Tuning / schedules,,run_sub_6c6c051f71,https://api.labless.dev/api/runs/run_sub_46ebc8a061
run_sub_59d24d6b7b,2026-06-17T22:17:06.569614Z,block-strided-cls,0.6592224020661669,validated,RyanKim17920,Tuning / schedules; Data / augmentation; Objectives / losses; Molecular / text; Architecture / backbone; Readout / post-train,run_sub_1879d32919; run_sub_b2e57385b8,run_sub_6c6c051f71,https://api.labless.dev/api/runs/run_sub_59d24d6b7b
run_sub_d999d71ff2,2026-06-18T03:12:33.822040Z,fino-df6-s271,0.6509027306050152,unvalidated,nevasini1,Tuning / schedules; Objectives / losses; Molecular / text,,run_sub_6c6c051f71,https://api.labless.dev/api/runs/run_sub_d999d71ff2
run_sub_45f1f97336,2026-06-18T20:20:36.395482Z,organ-fino-s7777,0.646150959917833,unvalidated,JeremyKalfus,Data / augmentation; Molecular / text,,run_sub_6c6c051f71,https://api.labless.dev/api/runs/run_sub_45f1f97336
run_sub_a64e43b90c,2026-06-18T22:54:37.763658Z,bsc-s7777,0.6641431726566243,unvalidated,JeremyKalfus,Tuning / schedules; Readout / post-train,,run_sub_6c6c051f71,https://api.labless.dev/api/runs/run_sub_a64e43b90c
run_sub_force_update_9d3be16566,2026-06-18T23:09:26.292922Z,exp_0010,0.6429160065165063,unvalidated,RyanKim17920,Tuning / schedules; Data / augmentation; Objectives / losses,,run_sub_6c6c051f71,https://api.labless.dev/api/runs/run_sub_force_update_9d3be16566
run_sub_f3177bf830,2026-06-19T03:48:35.427119Z,bsc-s7777-k10,0.6659107210081501,unvalidated,JeremyKalfus,Tuning / schedules; Readout / post-train,,run_sub_6c6c051f71,https://api.labless.dev/api/runs/run_sub_f3177bf830
run_sub_b218e3f360,2026-06-19T14:55:20.067165Z,pathorob-v14-final,0.6488278956802336,unvalidated,PaulScotti,Tuning / schedules; Data / augmentation; Molecular / text; Readout / post-train,,run_sub_6c6c051f71,https://api.labless.dev/api/runs/run_sub_b218e3f360
run_sub_2d4ee76dfd,2026-06-19T21:32:26.483366Z,jepa-fino-densefuse6,0.6643702217769909,unvalidated,nevasini1,Objectives / losses; Molecular / text; Readout / post-train,,run_sub_6c6c051f71,https://api.labless.dev/api/runs/run_sub_2d4ee76dfd
run_sub_9d404c0c58,2026-06-20T07:15:27.865207Z,ovfx-reseed-anchor,0.6394070652646937,unvalidated,RyanKim17920,Tuning / schedules,,run_sub_6c6c051f71,https://api.labless.dev/api/runs/run_sub_9d404c0c58
run_sub_22fc0a8864,2026-06-20T18:16:39.517368Z,ovfx-d13-gram,0.6495387165885834,unvalidated,RyanKim17920,Tuning / schedules; Objectives / losses,,run_sub_6c6c051f71,https://api.labless.dev/api/runs/run_sub_22fc0a8864
run_sub_96e4d52c0b,2026-06-20T18:17:26.080559Z,ovfx-d5-trainpca,0.6516280641793968,unvalidated,RyanKim17920,Tuning / schedules; Objectives / losses; Readout / post-train,,run_sub_6c6c051f71,https://api.labless.dev/api/runs/run_sub_96e4d52c0b
run_sub_88042f5dd1,2026-06-20T18:17:39.280279Z,ovfx-d14-clsdwkde,0.6537776748442635,unvalidated,RyanKim17920,Tuning / schedules,,run_sub_6c6c051f71,https://api.labless.dev/api/runs/run_sub_88042f5dd1
run_sub_7cb6376ca9,2026-06-20T18:17:51.717275Z,ovfx-d19-kderealloc,0.6475505135387861,unvalidated,RyanKim17920,Tuning / schedules,,run_sub_6c6c051f71,https://api.labless.dev/api/runs/run_sub_7cb6376ca9
run_sub_b81c54f6bc,2026-06-20T18:21:37.429107Z,ovfx-d4-outpaint,0.6514035727985544,unvalidated,RyanKim17920,Tuning / schedules; Objectives / losses,,run_sub_6c6c051f71,https://api.labless.dev/api/runs/run_sub_b81c54f6bc
run_sub_70390a004f,2026-06-20T18:22:20.881370Z,ovfx-d8-deepsup,0.6523120163604165,unvalidated,RyanKim17920,Tuning / schedules,,run_sub_6c6c051f71,https://api.labless.dev/api/runs/run_sub_70390a004f
run_sub_9bbe1f4c0e,2026-06-20T18:23:54.171427Z,ovfx-d1-severed,0.6493719538388493,unvalidated,RyanKim17920,Tuning / schedules,,run_sub_6c6c051f71,https://api.labless.dev/api/runs/run_sub_9bbe1f4c0e
run_sub_de6355ed20,2026-06-20T18:24:06.412837Z,ovfx-d22-finosurv,0.6524085295307357,unvalidated,RyanKim17920,Tuning / schedules; Molecular / text,,run_sub_6c6c051f71,https://api.labless.dev/api/runs/run_sub_de6355ed20
run_sub_55ae4acc96,2026-06-20T20:06:59.982448Z,ovfx-d17-optphase,0.6568069603500934,unvalidated,RyanKim17920,Tuning / schedules,,run_sub_6c6c051f71,https://api.labless.dev/api/runs/run_sub_55ae4acc96
run_sub_1f17fe3ba8,2026-06-20T20:11:49.065101Z,ovfx-d15-gradgate,0.6545891332580613,unvalidated,RyanKim17920,Tuning / schedules; Architecture / backbone,,run_sub_6c6c051f71,https://api.labless.dev/api/runs/run_sub_1f17fe3ba8
run_sub_d79fab2951,2026-06-20T20:18:48.211668Z,ovfx-d9-ibot,0.6526898099292808,unvalidated,RyanKim17920,Tuning / schedules; Objectives / losses,,run_sub_6c6c051f71,https://api.labless.dev/api/runs/run_sub_d79fab2951
run_sub_02f7c04fd6,2026-06-20T20:30:28.111405Z,ovfx-d20-contblock,0.6530592048171749,unvalidated,RyanKim17920,Tuning / schedules; Data / augmentation,,run_sub_6c6c051f71,https://api.labless.dev/api/runs/run_sub_02f7c04fd6
run_sub_afefcd2c49,2026-06-20T20:33:09.041087Z,ovfx-d21-rectkde,0.653482298276062,unvalidated,RyanKim17920,Tuning / schedules; Objectives / losses,,run_sub_6c6c051f71,https://api.labless.dev/api/runs/run_sub_afefcd2c49
run_sub_39a5d40511,2026-06-20T20:37:57.409008Z,ovfx-d11-pcov,0.6197509603012187,unvalidated,RyanKim17920,Tuning / schedules; Objectives / losses,,run_sub_6c6c051f71,https://api.labless.dev/api/runs/run_sub_39a5d40511
run_sub_5968cf0209,2026-06-20T20:46:46.170899Z,ovfx-d16-teachreshp,0.6547008307728004,unvalidated,RyanKim17920,Tuning / schedules,,run_sub_6c6c051f71,https://api.labless.dev/api/runs/run_sub_5968cf0209
run_sub_cb53c47dbe,2026-06-20T23:15:50.721360Z,jepa-fino-df6-l2norm,0.6648656764118759,unvalidated,nevasini1,Objectives / losses; Molecular / text; Readout / post-train,,run_sub_6c6c051f71,https://api.labless.dev/api/runs/run_sub_cb53c47dbe
run_sub_374c9842fd,2026-06-21T00:16:51.532690Z,ovfx-d18-emacap,0.649528154553544,unvalidated,RyanKim17920,Other / controls,,run_sub_6c6c051f71,https://api.labless.dev/api/runs/run_sub_374c9842fd
run_sub_f6efaa52c8,2026-06-21T00:17:03.780796Z,ovfx-d6-mcr2,0.6547979791764569,unvalidated,RyanKim17920,Objectives / losses,,run_sub_6c6c051f71,https://api.labless.dev/api/runs/run_sub_f6efaa52c8
run_sub_f7ca513d9b,2026-06-21T00:33:29.456742Z,ovfx-d24-kdecarr,0.6563675487489901,unvalidated,RyanKim17920,Tuning / schedules,,run_sub_6c6c051f71,https://api.labless.dev/api/runs/run_sub_f7ca513d9b
run_sub_e863067510,2026-06-21T00:40:07.845216Z,ovfx-d12-sigreg,0.6538989057976548,unvalidated,RyanKim17920,Tuning / schedules; Objectives / losses,,run_sub_6c6c051f71,https://api.labless.dev/api/runs/run_sub_e863067510
run_sub_05cabdd876,2026-06-21T00:48:11.590903Z,ovfx-d23-finodeep,0.6464878736195159,unvalidated,RyanKim17920,Molecular / text,,run_sub_6c6c051f71,https://api.labless.dev/api/runs/run_sub_05cabdd876
run_sub_7c7f418231,2026-06-21T00:54:06.653112Z,ovfx-d7-xmagprim,0.6483022186653992,unvalidated,RyanKim17920,Other / controls,,run_sub_6c6c051f71,https://api.labless.dev/api/runs/run_sub_7c7f418231
run_sub_580b685742,2026-06-21T00:56:03.200763Z,ovfx-d3-xmagsev,0.6554297931630048,unvalidated,RyanKim17920,Other / controls,,run_sub_6c6c051f71,https://api.labless.dev/api/runs/run_sub_580b685742
run_sub_10338b2a87,2026-06-21T01:02:14.084208Z,ovfx-d25-frozwarm,0.6418489952185152,unvalidated,RyanKim17920,Tuning / schedules; Molecular / text; Architecture / backbone,,run_sub_6c6c051f71,https://api.labless.dev/api/runs/run_sub_10338b2a87
run_sub_e4e8422057,2026-06-21T01:38:43.669054Z,ovfx-d10-featup,0.6427902617786071,unvalidated,RyanKim17920,Other / controls,,run_sub_6c6c051f71,https://api.labless.dev/api/runs/run_sub_e4e8422057
run_sub_c83517282a,2026-06-21T01:47:05.418758Z,ovfx-combo-d17d16,0.6554196298932392,unvalidated,RyanKim17920,Tuning / schedules,,run_sub_6c6c051f71,https://api.labless.dev/api/runs/run_sub_c83517282a
run_sub_c8b7d1ca33,2026-06-21T02:02:14.601239Z,ovfx-d11-retune,0.6415443719542075,unvalidated,RyanKim17920,Tuning / schedules,,run_sub_6c6c051f71,https://api.labless.dev/api/runs/run_sub_c8b7d1ca33
run_sub_8fc472586a,2026-06-21T02:11:01.231306Z,ovfx-combo-d17d24,0.6539336339491736,unvalidated,RyanKim17920,Tuning / schedules,,run_sub_6c6c051f71,https://api.labless.dev/api/runs/run_sub_8fc472586a
run_sub_9ae45a6656,2026-06-21T02:54:06.824769Z,clean-base-s2026,0.641693463576402,unvalidated,RyanKim17920,Other / controls,,run_sub_6c6c051f71,https://api.labless.dev/api/runs/run_sub_9ae45a6656
run_sub_6d00f5510f,2026-06-21T02:54:20.242085Z,clean-base-s2027,0.6470603803575935,unvalidated,RyanKim17920,Other / controls,,run_sub_6c6c051f71,https://api.labless.dev/api/runs/run_sub_6d00f5510f
run_sub_63b1458cf5,2026-06-21T02:54:33.863257Z,clean-base-s2028,0.6426933069345869,unvalidated,RyanKim17920,Other / controls,,run_sub_6c6c051f71,https://api.labless.dev/api/runs/run_sub_63b1458cf5
run_sub_baa8bbd833,2026-06-21T02:54:47.001897Z,clean-supp-s2026,0.6324623301913644,unvalidated,RyanKim17920,Other / controls,,run_sub_6c6c051f71,https://api.labless.dev/api/runs/run_sub_baa8bbd833
run_sub_aeecf0610f,2026-06-21T02:55:00.515323Z,clean-supp-s2027,0.6401027716102192,unvalidated,RyanKim17920,Other / controls,,run_sub_6c6c051f71,https://api.labless.dev/api/runs/run_sub_aeecf0610f
run_sub_5c2de91c36,2026-06-21T02:55:13.832924Z,clean-supp-s2028,0.641585327151971,unvalidated,RyanKim17920,Other / controls,,run_sub_6c6c051f71,https://api.labless.dev/api/runs/run_sub_5c2de91c36
run_sub_6dfff49f22,2026-06-21T04:23:15.688312Z,ovfx-721-baseline,0.6447629850950529,unvalidated,RyanKim17920,Tuning / schedules,,run_sub_6c6c051f71,https://api.labless.dev/api/runs/run_sub_6dfff49f22
run_sub_66834a9f40,2026-06-21T04:23:31.397236Z,ovfx-721-d17,0.6442463217313602,unvalidated,RyanKim17920,Tuning / schedules,,run_sub_6c6c051f71,https://api.labless.dev/api/runs/run_sub_66834a9f40
run_sub_ae40ecbc94,2026-06-21T04:23:48.504389Z,ovfx-721-d24,0.6441376524444056,unvalidated,RyanKim17920,Tuning / schedules,,run_sub_6c6c051f71,https://api.labless.dev/api/runs/run_sub_ae40ecbc94
run_sub_084b8f10f4,2026-06-21T04:24:05.731887Z,ovfx-721-d3,0.6449275048719881,unvalidated,RyanKim17920,Tuning / schedules,,run_sub_6c6c051f71,https://api.labless.dev/api/runs/run_sub_084b8f10f4
run_sub_e600cf8c13,2026-06-21T04:24:22.415983Z,ovfx-721-d6,0.6467780490215613,unvalidated,RyanKim17920,Tuning / schedules,,run_sub_6c6c051f71,https://api.labless.dev/api/runs/run_sub_e600cf8c13
run_sub_f20cac25ad,2026-06-21T04:24:38.505486Z,ovfx-721-d16,0.6451747557084466,unvalidated,RyanKim17920,Tuning / schedules,,run_sub_6c6c051f71,https://api.labless.dev/api/runs/run_sub_f20cac25ad
run_sub_35ab18b763,2026-06-21T04:24:54.843751Z,ovfx-721-n2,0.6460973660983435,unvalidated,RyanKim17920,Tuning / schedules,,run_sub_6c6c051f71,https://api.labless.dev/api/runs/run_sub_35ab18b763
run_sub_987f141fb9,2026-06-21T04:31:18.943472Z,r3-s2026,0.6475809843972837,unvalidated,RyanKim17920,Molecular / text,,run_sub_6c6c051f71,https://api.labless.dev/api/runs/run_sub_987f141fb9
run_sub_b932ded428,2026-06-21T04:31:34.235290Z,r3-s2027,0.6436360386861424,unvalidated,RyanKim17920,Other / controls,,run_sub_6c6c051f71,https://api.labless.dev/api/runs/run_sub_b932ded428
run_sub_78f61d7f43,2026-06-21T04:31:45.717890Z,r3-s2028,0.6438186019920634,unvalidated,RyanKim17920,Other / controls,,run_sub_6c6c051f71,https://api.labless.dev/api/runs/run_sub_78f61d7f43
run_sub_285a5f677b,2026-06-21T04:31:57.702477Z,mol-s2026,0.6482098179465988,unvalidated,RyanKim17920,Other / controls,,run_sub_6c6c051f71,https://api.labless.dev/api/runs/run_sub_285a5f677b
run_sub_33ae642612,2026-06-21T04:32:09.849216Z,mol-s2027,0.6416318796738255,unvalidated,RyanKim17920,Other / controls,,run_sub_6c6c051f71,https://api.labless.dev/api/runs/run_sub_33ae642612
run_sub_c82603be94,2026-06-21T04:32:22.649913Z,mol-s2028,0.6406577546637461,unvalidated,RyanKim17920,Other / controls,,run_sub_6c6c051f71,https://api.labless.dev/api/runs/run_sub_c82603be94
run_sub_9ef8e31347,2026-06-21T04:34:39.671692Z,ovfx-721-n1,0.4718773714026313,unvalidated,RyanKim17920,Tuning / schedules,,run_sub_6c6c051f71,https://api.labless.dev/api/runs/run_sub_9ef8e31347
run_sub_9be6b175e5,2026-06-21T05:07:54.333389Z,reseed_anchor,0.6499184579326384,unvalidated,RyanKim17920,Tuning / schedules,,run_sub_6c6c051f71,https://api.labless.dev/api/runs/run_sub_9be6b175e5
run_sub_d9375e5e22,2026-06-21T06:39:39.722799Z,abl_nofino_s2026,0.6450114263871605,unvalidated,RyanKim17920,Molecular / text,,run_sub_6c6c051f71,https://api.labless.dev/api/runs/run_sub_d9375e5e22
run_sub_8e09959508,2026-06-21T06:39:54.065704Z,abl_mp_subtype_s26,0.650213712778038,unvalidated,RyanKim17920,Molecular / text,,run_sub_6c6c051f71,https://api.labless.dev/api/runs/run_sub_8e09959508
run_sub_b4d0e8a355,2026-06-21T06:40:10.282379Z,abl_mp_expr512_s26,0.6432569676719947,unvalidated,RyanKim17920,Molecular / text,,run_sub_6c6c051f71,https://api.labless.dev/api/runs/run_sub_b4d0e8a355
run_sub_96467f7d53,2026-06-21T06:40:24.771003Z,abl_mp_fga_s2026,0.6445201674681337,unvalidated,RyanKim17920,Molecular / text,,run_sub_6c6c051f71,https://api.labless.dev/api/runs/run_sub_96467f7d53
run_sub_04bdd9f8a1,2026-06-21T06:40:39.009050Z,abl_mp_morph_s2026,0.6462858008493986,unvalidated,RyanKim17920,Other / controls,,run_sub_6c6c051f71,https://api.labless.dev/api/runs/run_sub_04bdd9f8a1
run_sub_1c85d4ee7e,2026-06-21T06:40:54.058457Z,abl_mp_purity_s2026,0.6447711093994425,unvalidated,RyanKim17920,Other / controls,,run_sub_6c6c051f71,https://api.labless.dev/api/runs/run_sub_1c85d4ee7e
run_sub_0c745af28f,2026-06-21T06:41:11.453637Z,abl_mp_tmb_s2026,0.6433602880336513,unvalidated,RyanKim17920,Other / controls,,run_sub_6c6c051f71,https://api.labless.dev/api/runs/run_sub_0c745af28f
run_sub_be19126c54,2026-06-21T06:41:35.606622Z,abl_mp_msi_s2026,0.6438745331124157,unvalidated,RyanKim17920,Other / controls,,run_sub_6c6c051f71,https://api.labless.dev/api/runs/run_sub_be19126c54
run_sub_bda026586e,2026-06-21T06:41:50.357386Z,abl_mp_ploidy_s2026,0.6425959303858136,unvalidated,RyanKim17920,Other / controls,,run_sub_6c6c051f71,https://api.labless.dev/api/runs/run_sub_bda026586e
run_sub_6e58c371d1,2026-06-21T06:42:05.900833Z,abl_mm_tss_s2026,0.6282327159655666,unvalidated,RyanKim17920,Other / controls,,run_sub_6c6c051f71,https://api.labless.dev/api/runs/run_sub_6e58c371d1
run_sub_d12df89b4d,2026-06-21T06:42:23.458045Z,abl_mm_scanner_s2026,0.642577804808796,unvalidated,RyanKim17920,Other / controls,,run_sub_6c6c051f71,https://api.labless.dev/api/runs/run_sub_d12df89b4d
run_sub_03280dc6e2,2026-06-21T06:42:37.459442Z,abl_mm_mpp_s2026,0.6428885517959575,unvalidated,RyanKim17920,Data / augmentation,,run_sub_6c6c051f71,https://api.labless.dev/api/runs/run_sub_03280dc6e2
run_sub_14381d87e8,2026-06-21T08:09:19.878650Z,nofino-s2027,0.6452261276087089,unvalidated,RyanKim17920,Molecular / text,,run_sub_6c6c051f71,https://api.labless.dev/api/runs/run_sub_14381d87e8
run_sub_d1f821d7a5,2026-06-21T08:09:33.730125Z,nofino-s2028,0.6465370139145931,unvalidated,RyanKim17920,Molecular / text,,run_sub_6c6c051f71,https://api.labless.dev/api/runs/run_sub_d1f821d7a5
run_sub_b3e51457e7,2026-06-21T08:09:49.137390Z,mp_subtype-s2027,0.6446399836726177,unvalidated,RyanKim17920,Molecular / text,,run_sub_6c6c051f71,https://api.labless.dev/api/runs/run_sub_b3e51457e7
run_sub_64af58074c,2026-06-21T08:10:03.475464Z,mp_subtype-s2028,0.6463575752066383,unvalidated,RyanKim17920,Molecular / text,,run_sub_6c6c051f71,https://api.labless.dev/api/runs/run_sub_64af58074c
run_sub_b80d703c0b,2026-06-21T14:07:52.358040Z,ovfx_c2_d3_xmag,0.6540454859198425,unvalidated,RyanKim17920,Tuning / schedules,,run_sub_6c6c051f71,https://api.labless.dev/api/runs/run_sub_b80d703c0b
run_sub_dfc9e3e857,2026-06-21T14:08:03.899169Z,ovfx_c2_d6_mcr2,0.654236142255797,unvalidated,RyanKim17920,Tuning / schedules,,run_sub_6c6c051f71,https://api.labless.dev/api/runs/run_sub_dfc9e3e857
run_sub_dfaec70469,2026-06-21T16:30:21.182235Z,subscan-s2026,0.628364252451916,unvalidated,RyanKim17920,Molecular / text,,run_sub_6c6c051f71,https://api.labless.dev/api/runs/run_sub_dfaec70469
run_sub_f4665dfcfd,2026-06-21T16:30:36.258034Z,subscan-s2027,0.6362044973590372,unvalidated,RyanKim17920,Molecular / text,,run_sub_6c6c051f71,https://api.labless.dev/api/runs/run_sub_f4665dfcfd
run_sub_69e3384e48,2026-06-21T16:30:51.144300Z,subscan-s2028,0.640474901614233,unvalidated,RyanKim17920,Molecular / text,,run_sub_6c6c051f71,https://api.labless.dev/api/runs/run_sub_69e3384e48
run_sub_adeeb8bc03,2026-06-21T19:09:54.872959Z,abl M+ cancer s2026,0.6510423802489231,unvalidated,RyanKim17920,Other / controls,,run_sub_6c6c051f71,https://api.labless.dev/api/runs/run_sub_adeeb8bc03
run_sub_2c951fed82,2026-06-21T19:10:14.841239Z,abl M+ mutcnt26,0.6439595865572733,unvalidated,RyanKim17920,Other / controls,,run_sub_6c6c051f71,https://api.labless.dev/api/runs/run_sub_2c951fed82
run_sub_06d778232f,2026-06-21T19:10:30.491074Z,abl M+ osst26,0.6483210460536576,unvalidated,RyanKim17920,Other / controls,,run_sub_6c6c051f71,https://api.labless.dev/api/runs/run_sub_06d778232f
run_sub_cd02514a86,2026-06-21T19:10:44.094275Z,abl M- year s2026,0.6320462348651752,unvalidated,RyanKim17920,Other / controls,,run_sub_6c6c051f71,https://api.labless.dev/api/runs/run_sub_cd02514a86
run_sub_83135101be,2026-06-21T20:38:35.483997Z,conf M+ cancer s2027,0.648364788380024,unvalidated,RyanKim17920,Tuning / schedules,,run_sub_6c6c051f71,https://api.labless.dev/api/runs/run_sub_83135101be
run_sub_b766c9cc1f,2026-06-21T20:38:51.923230Z,conf M+ cancer s2028,0.652703238734935,unvalidated,RyanKim17920,Tuning / schedules,,run_sub_6c6c051f71,https://api.labless.dev/api/runs/run_sub_b766c9cc1f
run_sub_d643aabd4c,2026-06-21T20:39:05.754922Z,conf os_status s27,0.6464854160459177,unvalidated,RyanKim17920,Tuning / schedules,,run_sub_6c6c051f71,https://api.labless.dev/api/runs/run_sub_d643aabd4c
run_sub_d1b84cddca,2026-06-21T20:39:20.464489Z,conf os_status s28,0.64824639805821,unvalidated,RyanKim17920,Tuning / schedules,,run_sub_6c6c051f71,https://api.labless.dev/api/runs/run_sub_d1b84cddca
run_sub_0f4fa5ddad,2026-06-22T05:21:29.941149Z,crux1-s010,0.6434197420924193,unvalidated,RyanKim17920,Tuning / schedules,,run_sub_6c6c051f71,https://api.labless.dev/api/runs/run_sub_0f4fa5ddad
run_sub_f8174d815b,2026-06-22T05:21:47.778132Z,crux1-s025,0.6447348593177346,unvalidated,RyanKim17920,Tuning / schedules,,run_sub_6c6c051f71,https://api.labless.dev/api/runs/run_sub_f8174d815b
run_sub_d02d698ecf,2026-06-22T05:22:05.136324Z,crux1-s050,0.6359044694696074,unvalidated,RyanKim17920,Tuning / schedules,,run_sub_6c6c051f71,https://api.labless.dev/api/runs/run_sub_d02d698ecf
run_sub_b047b28d2c,2026-06-22T14:01:45.808503Z,curation-unbalanced,0.6653186070961798,unvalidated,PaulScotti,Data / augmentation; Molecular / text,,run_sub_6c6c051f71,https://api.labless.dev/api/runs/run_sub_b047b28d2c
run_sub_1cb79388a3,2026-06-22T17:57:26.507199Z,curation-balanced,0.6436595846631434,unvalidated,PaulScotti,Tuning / schedules; Data / augmentation; Molecular / text,,run_sub_6c6c051f71,https://api.labless.dev/api/runs/run_sub_1cb79388a3
run_sub_3e305f030f,2026-06-22T21:05:27.704451Z,curation-halfnhalf,0.6431311873441238,unvalidated,PaulScotti,Tuning / schedules; Data / augmentation; Molecular / text,,run_sub_6c6c051f71,https://api.labless.dev/api/runs/run_sub_3e305f030f
run_sub_8b24ba430d,2026-06-23T04:44:31.009022Z,bsc-s932-k10,0.6518517351830015,validated,JeremyKalfus,Tuning / schedules; Readout / post-train,run_sub_f3177bf830,run_sub_6c6c051f71,https://api.labless.dev/api/runs/run_sub_8b24ba430d
run_sub_810dd07f21,2026-06-25T15:29:59.512908Z,kde_s220794,0.6544678809735366,unvalidated,RyanKim17920,Tuning / schedules,,run_sub_6c6c051f71,https://api.labless.dev/api/runs/run_sub_810dd07f21
run_sub_db29b159b9,2026-06-25T15:31:25.999441Z,kde_s613547,0.654116641675506,unvalidated,RyanKim17920,Tuning / schedules,,run_sub_6c6c051f71,https://api.labless.dev/api/runs/run_sub_db29b159b9
run_sub_37d7e8be05,2026-06-25T15:32:13.060454Z,km_k50_m1e5_s207925,0.6548312357486884,unvalidated,RyanKim17920,Tuning / schedules,,run_sub_6c6c051f71,https://api.labless.dev/api/runs/run_sub_37d7e8be05
run_sub_628406d16e,2026-06-25T15:33:16.253887Z,km_k50_m1e5_s220794,0.6555554281632736,unvalidated,RyanKim17920,Tuning / schedules,,run_sub_6c6c051f71,https://api.labless.dev/api/runs/run_sub_628406d16e
run_sub_21f8805a2c,2026-06-25T15:34:30.709231Z,km_k50_m1e5_s613547,0.652856335836289,unvalidated,RyanKim17920,Tuning / schedules,,run_sub_6c6c051f71,https://api.labless.dev/api/runs/run_sub_21f8805a2c
run_sub_4824d4cfbb,2026-06-25T15:35:14.923111Z,mfix_w1e5_s207925,0.6502690941520441,unvalidated,RyanKim17920,Tuning / schedules,,run_sub_6c6c051f71,https://api.labless.dev/api/runs/run_sub_4824d4cfbb
run_sub_d2635eb73d,2026-06-25T15:36:00.321790Z,mfix_w1e5_s220794,0.6518019917381476,unvalidated,RyanKim17920,Tuning / schedules,,run_sub_6c6c051f71,https://api.labless.dev/api/runs/run_sub_d2635eb73d
run_sub_cd134074ed,2026-06-25T15:36:47.222790Z,mfix_w1e5_s613547,0.6494482086224254,unvalidated,RyanKim17920,Tuning / schedules,,run_sub_6c6c051f71,https://api.labless.dev/api/runs/run_sub_cd134074ed
run_sub_c93e3b54c7,2026-06-25T15:38:03.134522Z,sig_s220794,0.650783451422461,unvalidated,RyanKim17920,Tuning / schedules; Objectives / losses,,run_sub_6c6c051f71,https://api.labless.dev/api/runs/run_sub_c93e3b54c7
run_sub_09147660f6,2026-06-25T15:38:44.724630Z,sig_s613547,0.6482831055209217,unvalidated,RyanKim17920,Tuning / schedules; Objectives / losses,,run_sub_6c6c051f71,https://api.labless.dev/api/runs/run_sub_09147660f6
run_sub_124c3067d6,2026-06-25T15:40:07.466479Z,sigw05_s207925,0.6452013426229641,unvalidated,RyanKim17920,Tuning / schedules; Objectives / losses,,run_sub_6c6c051f71,https://api.labless.dev/api/runs/run_sub_124c3067d6
run_sub_ffa9864c9f,2026-06-25T16:58:48.066485Z,cancerMp-j4-207925,0.6467731315155419,unvalidated,RyanKim17920,Objectives / losses,,run_sub_6c6c051f71,https://api.labless.dev/api/runs/run_sub_ffa9864c9f
run_sub_e7ac4b08c1,2026-06-25T16:59:06.946644Z,orig-j4-207925,0.6489243005633396,unvalidated,RyanKim17920,Objectives / losses; Molecular / text,,run_sub_6c6c051f71,https://api.labless.dev/api/runs/run_sub_e7ac4b08c1
run_sub_d81f2e3c0c,2026-06-25T17:01:58.959453Z,nofino-j4-207925,0.6407281111375956,unvalidated,RyanKim17920,Objectives / losses; Molecular / text,,run_sub_6c6c051f71,https://api.labless.dev/api/runs/run_sub_d81f2e3c0c
run_sub_1eb67b8543,2026-06-25T17:02:30.213062Z,cancerMp-j3-207925,0.6466667199894786,unvalidated,RyanKim17920,Objectives / losses,,run_sub_6c6c051f71,https://api.labless.dev/api/runs/run_sub_1eb67b8543
run_sub_793e6f623e,2026-06-25T17:02:50.850669Z,orig-j3-207925,0.6496545188946616,unvalidated,RyanKim17920,Objectives / losses,,run_sub_6c6c051f71,https://api.labless.dev/api/runs/run_sub_793e6f623e
run_sub_a8169ba3ff,2026-06-25T17:03:09.516834Z,nofino-j3-207925,0.6407906217221155,unvalidated,RyanKim17920,Objectives / losses; Molecular / text,,run_sub_6c6c051f71,https://api.labless.dev/api/runs/run_sub_a8169ba3ff
run_sub_f4f3fd43a8,2026-06-26T08:04:08.257784Z,d3rawema,0.6496372425974605,unvalidated,tmabraham,Architecture / backbone,,run_sub_6c6c051f71,https://api.labless.dev/api/runs/run_sub_f4f3fd43a8
run_sub_bb0a2b8816,2026-06-26T18:02:13.034474Z,dinov2b-fair,0.6348436443398529,unvalidated,RyanKim17920,Architecture / backbone; Readout / post-train,,run_sub_6c6c051f71,https://api.labless.dev/api/runs/run_sub_bb0a2b8816
run_sub_87feea99ba,2026-06-26T18:04:19.839318Z,dinov2b-fino,0.6461729912569105,unvalidated,RyanKim17920,Molecular / text; Architecture / backbone,,run_sub_6c6c051f71,https://api.labless.dev/api/runs/run_sub_87feea99ba
run_sub_de8743914a,2026-06-26T18:04:49.904413Z,hs-orig-s613547,0.6548979381915896,unvalidated,RyanKim17920,Tuning / schedules,,run_sub_6c6c051f71,https://api.labless.dev/api/runs/run_sub_de8743914a
run_sub_1079216e81,2026-06-26T18:05:54.846782Z,hs-orig-s220794,0.6526536853938418,unvalidated,RyanKim17920,Tuning / schedules,,run_sub_6c6c051f71,https://api.labless.dev/api/runs/run_sub_1079216e81
run_sub_7417812d2b,2026-06-26T18:06:21.058282Z,combo-nofino-207925,0.6471261738714075,unvalidated,RyanKim17920,Tuning / schedules; Molecular / text,,run_sub_6c6c051f71,https://api.labless.dev/api/runs/run_sub_7417812d2b
run_sub_d2dbce08aa,2026-06-26T18:06:37.636484Z,combo-nofino-2026,0.641812914074194,unvalidated,RyanKim17920,Tuning / schedules; Molecular / text,,run_sub_6c6c051f71,https://api.labless.dev/api/runs/run_sub_d2dbce08aa
run_sub_4fb9fdea15,2026-06-26T18:07:01.005396Z,hs-cancer-s220794,0.6494952805924203,unvalidated,RyanKim17920,Tuning / schedules,,run_sub_6c6c051f71,https://api.labless.dev/api/runs/run_sub_4fb9fdea15
run_sub_a64fc7b838,2026-06-26T18:07:24.333865Z,combo-cancer-2026,0.6413561949160131,unvalidated,RyanKim17920,Tuning / schedules,,run_sub_6c6c051f71,https://api.labless.dev/api/runs/run_sub_a64fc7b838
run_sub_4e202ef307,2026-06-26T18:08:18.431856Z,combo-cancer-207925,0.6434565736377081,unvalidated,RyanKim17920,Tuning / schedules,,run_sub_6c6c051f71,https://api.labless.dev/api/runs/run_sub_4e202ef307
run_sub_f62e8441af,2026-06-26T18:08:52.326257Z,hs-cancer-s613547,0.6455812423874715,unvalidated,RyanKim17920,Tuning / schedules,,run_sub_6c6c051f71,https://api.labless.dev/api/runs/run_sub_f62e8441af
run_sub_78f0932a49,2026-06-26T18:09:09.386675Z,dinov3-b,0.6434776093057172,unvalidated,RyanKim17920,Architecture / backbone,,run_sub_6c6c051f71,https://api.labless.dev/api/runs/run_sub_78f0932a49
run_sub_b5fc326591,2026-06-26T18:09:44.029018Z,sup-2tech-s2026,0.6400623870547014,unvalidated,RyanKim17920,Tuning / schedules,,run_sub_6c6c051f71,https://api.labless.dev/api/runs/run_sub_b5fc326591
run_sub_098ac9c38b,2026-06-26T18:09:50.850538Z,hs-nofino-s613547,0.6420809225465306,unvalidated,RyanKim17920,Tuning / schedules; Molecular / text,,run_sub_6c6c051f71,https://api.labless.dev/api/runs/run_sub_098ac9c38b
run_sub_cba2bc877a,2026-06-26T18:10:01.288477Z,dinov3-s,0.6394450030506763,unvalidated,RyanKim17920,Architecture / backbone,,run_sub_6c6c051f71,https://api.labless.dev/api/runs/run_sub_cba2bc877a
run_sub_5e153900c3,2026-06-26T18:11:03.453720Z,hs-nofino-s220794,0.645581301731697,unvalidated,RyanKim17920,Tuning / schedules; Molecular / text,,run_sub_6c6c051f71,https://api.labless.dev/api/runs/run_sub_5e153900c3
run_sub_ee428cbcff,2026-06-26T18:11:14.738714Z,genbio-rgbs,0.6344305754525996,unvalidated,RyanKim17920,Data / augmentation; Architecture / backbone,,run_sub_6c6c051f71,https://api.labless.dev/api/runs/run_sub_ee428cbcff
run_sub_91b846daea,2026-06-26T18:11:21.718315Z,sup-someones-s2026,0.6357922400286536,unvalidated,RyanKim17920,Tuning / schedules,,run_sub_6c6c051f71,https://api.labless.dev/api/runs/run_sub_91b846daea
run_sub_7ddcf2fe32,2026-06-26T18:12:25.278054Z,sup-c2tech-s2026,0.6299235523139604,unvalidated,RyanKim17920,Tuning / schedules,,run_sub_6c6c051f71,https://api.labless.dev/api/runs/run_sub_7ddcf2fe32
run_sub_eb8fee7897,2026-06-26T18:13:00.376339Z,sup-ctss-s2026,0.6376258166193833,unvalidated,RyanKim17920,Tuning / schedules,,run_sub_6c6c051f71,https://api.labless.dev/api/runs/run_sub_eb8fee7897
run_sub_fe7418321b,2026-06-26T18:14:15.308503Z,sup-cscan-s2026,0.6367554491961757,unvalidated,RyanKim17920,Tuning / schedules,,run_sub_6c6c051f71,https://api.labless.dev/api/runs/run_sub_fe7418321b
run_sub_46f6b12254,2026-06-26T18:15:00.180372Z,sup-capp-s2026,0.6345644011909565,unvalidated,RyanKim17920,Tuning / schedules,,run_sub_6c6c051f71,https://api.labless.dev/api/runs/run_sub_46f6b12254
run_sub_05402d0000,2026-06-26T18:15:36.949013Z,a2-grppat-s2026,0.6450766239684138,unvalidated,RyanKim17920,Tuning / schedules; Molecular / text,,run_sub_6c6c051f71,https://api.labless.dev/api/runs/run_sub_05402d0000
run_sub_63a798f9e1,2026-06-26T18:16:12.779180Z,a2-grpsub-207925,0.6453819348939269,unvalidated,RyanKim17920,Tuning / schedules; Molecular / text,,run_sub_6c6c051f71,https://api.labless.dev/api/runs/run_sub_63a798f9e1
run_sub_f3b0362de7,2026-06-26T18:17:00.006501Z,b-orig-s2026,0.6441121221941677,unvalidated,RyanKim17920,Tuning / schedules,,run_sub_6c6c051f71,https://api.labless.dev/api/runs/run_sub_f3b0362de7
run_sub_6390756087,2026-06-26T18:17:03.866951Z,fino-a33-base,0.6479332081275279,unvalidated,RyanKim17920,Molecular / text,,run_sub_6c6c051f71,https://api.labless.dev/api/runs/run_sub_6390756087
run_sub_def80f0d09,2026-06-26T18:17:45.921574Z,fino-a33-treat,0.6342689807051674,unvalidated,RyanKim17920,Molecular / text; Readout / post-train,,run_sub_6c6c051f71,https://api.labless.dev/api/runs/run_sub_def80f0d09
run_sub_a706dc087e,2026-06-26T18:18:19.979735Z,b-orig-s2027,0.6442316409370468,unvalidated,RyanKim17920,Tuning / schedules,,run_sub_6c6c051f71,https://api.labless.dev/api/runs/run_sub_a706dc087e
run_sub_39b08a8232,2026-06-26T18:18:45.418620Z,fino-papermatch,0.6494102701817873,unvalidated,RyanKim17920,Molecular / text,,run_sub_6c6c051f71,https://api.labless.dev/api/runs/run_sub_39b08a8232
run_sub_fb12c4d526,2026-06-26T18:19:19.064341Z,b-cancer-s2026,0.6498001066250747,unvalidated,RyanKim17920,Tuning / schedules,,run_sub_6c6c051f71,https://api.labless.dev/api/runs/run_sub_fb12c4d526
run_sub_77b8e83d59,2026-06-26T18:19:57.946628Z,fino-baseline-17,0.6440607319137035,unvalidated,RyanKim17920,Molecular / text,,run_sub_6c6c051f71,https://api.labless.dev/api/runs/run_sub_77b8e83d59
run_sub_ed2cb9e816,2026-06-26T18:20:17.326322Z,b-cancer-s2027,0.6464169698726452,unvalidated,RyanKim17920,Tuning / schedules,,run_sub_6c6c051f71,https://api.labless.dev/api/runs/run_sub_ed2cb9e816
run_sub_e43b4f41b2,2026-06-26T18:21:17.137683Z,b-cexpr-s2026,0.6468647988619186,unvalidated,RyanKim17920,Tuning / schedules,,run_sub_6c6c051f71,https://api.labless.dev/api/runs/run_sub_e43b4f41b2
run_sub_64495eb78a,2026-06-26T18:22:21.847584Z,b-cexpr-s2027,0.6396724102305179,unvalidated,RyanKim17920,Tuning / schedules,,run_sub_6c6c051f71,https://api.labless.dev/api/runs/run_sub_64495eb78a
run_sub_ed06ca7c95,2026-06-26T18:26:22.733255Z,exp-0319,0.663369917944966,unvalidated,RyanKim17920,Tuning / schedules,,run_sub_6c6c051f71,https://api.labless.dev/api/runs/run_sub_ed06ca7c95
run_sub_de59a46092,2026-06-26T18:41:11.641858Z,finometa-base-meta,0.62524276942698,unvalidated,RyanKim17920,Data / augmentation; Molecular / text,,run_sub_6c6c051f71,https://api.labless.dev/api/runs/run_sub_de59a46092
run_sub_9137511364,2026-06-26T18:41:56.775832Z,noise-jfino-s2026,0.6532544578893411,unvalidated,RyanKim17920,Tuning / schedules; Objectives / losses; Molecular / text,,run_sub_6c6c051f71,https://api.labless.dev/api/runs/run_sub_9137511364
run_sub_47ff5efa84,2026-06-26T18:42:37.759630Z,noise-jfino-s2027,0.6521390636689647,unvalidated,RyanKim17920,Tuning / schedules; Objectives / losses; Molecular / text,,run_sub_6c6c051f71,https://api.labless.dev/api/runs/run_sub_47ff5efa84
run_sub_b78828ac35,2026-06-26T18:44:24.622210Z,exp-0320,0.6283374881032466,unvalidated,RyanKim17920,Tuning / schedules,,run_sub_6c6c051f71,https://api.labless.dev/api/runs/run_sub_b78828ac35
run_sub_c6b3d75771,2026-06-26T18:56:03.385265Z,finometa-base-raw,0.6289174279712323,unvalidated,RyanKim17920,Data / augmentation; Molecular / text,,run_sub_6c6c051f71,https://api.labless.dev/api/runs/run_sub_c6b3d75771
run_sub_4f89170d3f,2026-06-26T20:01:12.895919Z,c5-base-748839,0.6520938381514181,unvalidated,RyanKim17920,Tuning / schedules,,run_sub_6c6c051f71,https://api.labless.dev/api/runs/run_sub_4f89170d3f
run_sub_19bedfb32c,2026-06-27T01:43:53.367178Z,c5-tissuedens,0.6522297468387384,unvalidated,RyanKim17920,Tuning / schedules; Data / augmentation,,run_sub_6c6c051f71,https://api.labless.dev/api/runs/run_sub_19bedfb32c
run_sub_5dda1388e5,2026-06-27T01:44:13.720901Z,c5-jmaskdiff,0.6507229575888519,unvalidated,RyanKim17920,Tuning / schedules,,run_sub_6c6c051f71,https://api.labless.dev/api/runs/run_sub_5dda1388e5
run_sub_27d71fc348,2026-06-27T01:44:34.849561Z,c5-tissdg3,0.6515058654196133,unvalidated,RyanKim17920,Tuning / schedules,,run_sub_6c6c051f71,https://api.labless.dev/api/runs/run_sub_27d71fc348
run_sub_20e115f3da,2026-06-27T02:33:58.503194Z,pp_cls_depth_stats,0.6501,unvalidated,RyanKim17920,Molecular / text,,run_sub_6c6c051f71,https://api.labless.dev/api/runs/run_sub_20e115f3da
run_sub_20c74e073e,2026-06-27T02:57:12.933149Z,d3rawema-r1,0.6247757942641643,unvalidated,RyanKim17920,Other / controls,,run_sub_6c6c051f71,https://api.labless.dev/api/runs/run_sub_20c74e073e
run_sub_50d89345ce,2026-06-27T03:28:32.394585Z,c5-jmask_harddose_t1,0.6484194170961787,unvalidated,RyanKim17920,Other / controls,,run_sub_6c6c051f71,https://api.labless.dev/api/runs/run_sub_50d89345ce
run_sub_dd2cb3dc22,2026-06-27T03:34:20.538542Z,c5-l5_fast_warmup_t1,0.6517134002799064,unvalidated,RyanKim17920,Tuning / schedules,,run_sub_6c6c051f71,https://api.labless.dev/api/runs/run_sub_dd2cb3dc22
run_sub_435f6fa546,2026-06-27T04:13:15.012997Z,d3rawema-r2,0.6219148874392408,unvalidated,RyanKim17920,Other / controls,,run_sub_6c6c051f71,https://api.labless.dev/api/runs/run_sub_435f6fa546
run_sub_5ccd693560,2026-06-27T06:51:02.267507Z,c5-l4-asym-t1,0.6469878947238631,unvalidated,RyanKim17920,Tuning / schedules; Data / augmentation; Objectives / losses; Architecture / backbone,,run_sub_6c6c051f71,https://api.labless.dev/api/runs/run_sub_5ccd693560
run_sub_e84570c856,2026-06-27T07:29:13.510087Z,dv3-fresh-start,0.6498490753698637,unvalidated,tmabraham,Tuning / schedules; Data / augmentation; Architecture / backbone,,run_sub_6c6c051f71,https://api.labless.dev/api/runs/run_sub_e84570c856
run_sub_41b50f7bfb,2026-06-27T08:08:34.038164Z,c5-jmask_harddose_t2,0.646413260371129,unvalidated,RyanKim17920,Tuning / schedules; Objectives / losses,,run_sub_6c6c051f71,https://api.labless.dev/api/runs/run_sub_41b50f7bfb
run_sub_9b0771fc09,2026-06-27T09:33:14.257980Z,dv3-fresh-repro,0.6497056249653888,unvalidated,tmabraham,Tuning / schedules; Data / augmentation; Architecture / backbone,,run_sub_6c6c051f71,https://api.labless.dev/api/runs/run_sub_9b0771fc09
run_sub_43f7d43dec,2026-06-27T17:55:23.234510Z,c5-l5_fast_warmup_t2,0.6519121190558083,unvalidated,RyanKim17920,Tuning / schedules; Data / augmentation; Architecture / backbone,,run_sub_6c6c051f71,https://api.labless.dev/api/runs/run_sub_43f7d43dec
run_sub_c6e146a929,2026-06-27T20:52:58.177729Z,c5-l5_fast_warmup_t3,0.6472951220217567,unvalidated,RyanKim17920,Tuning / schedules; Data / augmentation,,run_sub_6c6c051f71,https://api.labless.dev/api/runs/run_sub_c6e146a929
run_sub_8b48aadfd1,2026-06-28T16:29:22.195926Z,c5-l6_stain_noise_t1,0.6352828864303618,unvalidated,RyanKim17920,Tuning / schedules; Data / augmentation,,run_sub_6c6c051f71,https://api.labless.dev/api/runs/run_sub_8b48aadfd1
run_sub_c5585cd0c6,2026-06-28T16:42:54.279203Z,c5-l13_dino_decay_t1,0.6501416823052365,unvalidated,RyanKim17920,Tuning / schedules; Objectives / losses; Molecular / text,,run_sub_6c6c051f71,https://api.labless.dev/api/runs/run_sub_c5585cd0c6
run_sub_dbd200f470,2026-06-28T17:05:39.798387Z,fino_2factor_t01,0.6378385509833177,unvalidated,RyanKim17920,Tuning / schedules; Molecular / text,,run_sub_6c6c051f71,https://api.labless.dev/api/runs/run_sub_dbd200f470
run_sub_b6b065e924,2026-06-28T21:05:13.548268Z,c5-l13_dino_decay_t2,0.6512116472167604,unvalidated,RyanKim17920,Tuning / schedules,,run_sub_6c6c051f71,https://api.labless.dev/api/runs/run_sub_b6b065e924
run_sub_58f47053dc,2026-06-29T10:05:43.211271Z,capi-ibot-clean,0.6526824199166961,unvalidated,tmabraham,Tuning / schedules; Data / augmentation; Objectives / losses,,run_sub_6c6c051f71,https://api.labless.dev/api/runs/run_sub_58f47053dc
run_sub_1677a861d2,2026-06-30T02:25:21.827074Z,cls_dstats_delta,0.6578947014205512,unvalidated,RyanKim17920,Tuning / schedules,,run_sub_6c6c051f71,https://api.labless.dev/api/runs/run_sub_1677a861d2
run_sub_d849de061e,2026-07-01T07:59:39.645254Z,c6-mc-curated-t1,0.6537597557285186,unvalidated,RyanKim17920,Data / augmentation,,run_sub_6c6c051f71,https://api.labless.dev/api/runs/run_sub_d849de061e
run_sub_01402e3ec1,2026-07-01T14:29:22.709946Z,c6-l19-sgdr-paper-t1,0.4725916944720301,unvalidated,RyanKim17920,Tuning / schedules,,run_sub_6c6c051f71,https://api.labless.dev/api/runs/run_sub_01402e3ec1
run_sub_00d0cd3df1,2026-07-01T20:48:31.375765Z,c6-l8-pcgv-t1,0.6544200249216586,unvalidated,RyanKim17920,Tuning / schedules; Objectives / losses,,run_sub_6c6c051f71,https://api.labless.dev/api/runs/run_sub_00d0cd3df1
run_sub_c17a8360be,2026-07-01T20:53:04.480371Z,c6-lcc-v10s128-t3,0.6591044042286365,unvalidated,RyanKim17920,Tuning / schedules; Data / augmentation,,run_sub_6c6c051f71,https://api.labless.dev/api/runs/run_sub_c17a8360be
run_sub_7cc207f872,2026-07-01T20:53:37.689551Z,c6-mc-basiccur-t1,0.6539912675684175,unvalidated,RyanKim17920,Tuning / schedules; Data / augmentation,,run_sub_6c6c051f71,https://api.labless.dev/api/runs/run_sub_7cc207f872
run_sub_883ca30856,2026-07-01T20:54:11.545005Z,c6-mc-slidebal-t2,0.6510049782377034,unvalidated,RyanKim17920,Tuning / schedules; Data / augmentation,,run_sub_6c6c051f71,https://api.labless.dev/api/runs/run_sub_883ca30856
run_sub_9d687148f0,2026-07-01T20:54:56.031502Z,c6-sproto-calib-t2,0.6469678199093611,unvalidated,RyanKim17920,Tuning / schedules,,run_sub_6c6c051f71,https://api.labless.dev/api/runs/run_sub_9d687148f0
run_sub_62672892f5,2026-07-01T20:55:35.526425Z,c6-sproto-near-t1,0.6460884025082453,unvalidated,RyanKim17920,Tuning / schedules,,run_sub_6c6c051f71,https://api.labless.dev/api/runs/run_sub_62672892f5
run_sub_a464be887b,2026-07-02T23:05:56.849366Z,c6-base-882147,0.6534086961334545,unvalidated,RyanKim17920,Tuning / schedules,,run_sub_6c6c051f71,https://api.labless.dev/api/runs/run_sub_a464be887b
run_sub_5b45859608,2026-07-02T23:19:44.012715Z,c6-reseed-anc-beffa9,0.6489649257243464,unvalidated,RyanKim17920,Tuning / schedules,,run_sub_6c6c051f71,https://api.labless.dev/api/runs/run_sub_5b45859608
run_sub_d1b0ff327c,2026-07-08T23:26:11.066494Z,c6-train-d02-50ee5a,0.6545524459143792,unvalidated,RyanKim17920,Tuning / schedules,,run_sub_6c6c051f71,https://api.labless.dev/api/runs/run_sub_d1b0ff327c
run_sub_8d06e12f27,2026-07-08T23:35:18.023874Z,c6-train-d04-223ece,0.653335527233241,unvalidated,RyanKim17920,Tuning / schedules,,run_sub_6c6c051f71,https://api.labless.dev/api/runs/run_sub_8d06e12f27
run_sub_d75a3976d1,2026-07-09T00:44:59.721745Z,c6-train-d01-4681b4,0.6531805778803479,unvalidated,RyanKim17920,Readout / post-train,,run_sub_6c6c051f71,https://api.labless.dev/api/runs/run_sub_d75a3976d1
run_sub_cde355b5b0,2026-07-09T00:53:35.514015Z,c6-train-d03-t4,0.6462299289860274,unvalidated,RyanKim17920,Other / controls,,run_sub_6c6c051f71,https://api.labless.dev/api/runs/run_sub_cde355b5b0
run_sub_67ef4bc3a3,2026-07-09T03:15:57.662465Z,c6-train-d01-ea4086,0.6491797041108093,unvalidated,RyanKim17920,Other / controls,,run_sub_6c6c051f71,https://api.labless.dev/api/runs/run_sub_67ef4bc3a3
run_sub_f79c052f14,2026-07-09T03:16:25.537099Z,c6-train-d02-t1-kde6,0.6517886040032743,unvalidated,RyanKim17920,Tuning / schedules,,run_sub_6c6c051f71,https://api.labless.dev/api/runs/run_sub_f79c052f14
run_sub_b49845869d,2026-07-09T04:42:44.282602Z,c6_fino_freez-dcd392,0.6485446967208895,unvalidated,RyanKim17920,Tuning / schedules; Molecular / text,,run_sub_6c6c051f71,https://api.labless.dev/api/runs/run_sub_b49845869d
run_sub_861952a2e1,2026-07-09T04:43:11.067256Z,c6-train-d04-236f36,0.6533038811791337,unvalidated,RyanKim17920,Other / controls,,run_sub_6c6c051f71,https://api.labless.dev/api/runs/run_sub_861952a2e1
run_sub_cf6dc5ce21,2026-07-09T06:07:34.105043Z,c6-patient-sa-f63507,0.6545140608333695,unvalidated,RyanKim17920,Data / augmentation,,run_sub_6c6c051f71,https://api.labless.dev/api/runs/run_sub_cf6dc5ce21
run_sub_f7d64cef67,2026-07-09T06:08:25.691159Z,c6-jepa-multi-829d44,0.6483531542948415,unvalidated,RyanKim17920,Objectives / losses; Readout / post-train,,run_sub_6c6c051f71,https://api.labless.dev/api/runs/run_sub_f7d64cef67
run_sub_5858dac66a,2026-07-09T07:31:56.712871Z,c6-train-d04-37c70f,0.6517166669384904,unvalidated,RyanKim17920,Other / controls,,run_sub_6c6c051f71,https://api.labless.dev/api/runs/run_sub_5858dac66a
run_sub_e57668ba3c,2026-07-09T08:58:24.394482Z,c6-train-d01-trial4,0.6531655211356492,unvalidated,RyanKim17920,Other / controls,,run_sub_6c6c051f71,https://api.labless.dev/api/runs/run_sub_e57668ba3c
run_sub_2b95b84ba2,2026-07-09T08:59:49.491028Z,c6-fino-freez-2aab84,0.6467794433343069,unvalidated,RyanKim17920,Molecular / text,,run_sub_6c6c051f71,https://api.labless.dev/api/runs/run_sub_2b95b84ba2
run_sub_ab68e6f39b,2026-07-09T10:22:18.138463Z,c6-train-d04-cf9fad,0.6542377025781844,unvalidated,RyanKim17920,Tuning / schedules,,run_sub_6c6c051f71,https://api.labless.dev/api/runs/run_sub_ab68e6f39b
run_sub_ac92e417e7,2026-07-09T10:22:27.365402Z,c6-train-d02-t3,0.6523922612225697,unvalidated,RyanKim17920,Other / controls,,run_sub_6c6c051f71,https://api.labless.dev/api/runs/run_sub_ac92e417e7
run_sub_ef78858d82,2026-07-09T11:39:47.993684Z,c6-train-d06-816fc9,0.6500027221200004,unvalidated,RyanKim17920,Data / augmentation,,run_sub_6c6c051f71,https://api.labless.dev/api/runs/run_sub_ef78858d82
run_sub_fae3c7f79e,2026-07-09T11:41:22.090363Z,c6-train-d01-960630,0.6523574760992716,unvalidated,RyanKim17920,Other / controls,,run_sub_6c6c051f71,https://api.labless.dev/api/runs/run_sub_fae3c7f79e
run_sub_4e18691490,2026-07-09T12:54:33.814439Z,c6_kde_conc15-49f9cd,0.6542414138830515,unvalidated,RyanKim17920,Tuning / schedules,,run_sub_6c6c051f71,https://api.labless.dev/api/runs/run_sub_4e18691490
run_sub_151d8ded49,2026-07-09T12:59:06.885151Z,c6-train-d04-7d73f8,0.6533473564270842,unvalidated,RyanKim17920,Other / controls,,run_sub_6c6c051f71,https://api.labless.dev/api/runs/run_sub_151d8ded49
run_sub_ee3f9251d0,2026-07-09T14:05:19.458292Z,c6-train-d06-t3,0.6522246798039839,unvalidated,RyanKim17920,Other / controls,,run_sub_6c6c051f71,https://api.labless.dev/api/runs/run_sub_ee3f9251d0
run_sub_2160eb9ce2,2026-07-09T15:19:12.338339Z,c6-train-d06-cfc5d3,0.6509080442928931,unvalidated,RyanKim17920,Data / augmentation,,run_sub_6c6c051f71,https://api.labless.dev/api/runs/run_sub_2160eb9ce2
run_sub_008ae5ba6f,2026-07-09T16:32:59.812350Z,c6-train-d06-aa076f,0.652615737684212,unvalidated,RyanKim17920,Data / augmentation,,run_sub_6c6c051f71,https://api.labless.dev/api/runs/run_sub_008ae5ba6f
run_sub_83c094d4f1,2026-07-09T17:47:48.866452Z,c6-train-d09-t1,0.6484487244522816,unvalidated,RyanKim17920,Other / controls,,run_sub_6c6c051f71,https://api.labless.dev/api/runs/run_sub_83c094d4f1
run_sub_d038eec100,2026-07-09T17:50:52.077546Z,c6-train-d07-96c203,0.6531097621157932,unvalidated,RyanKim17920,Objectives / losses,,run_sub_6c6c051f71,https://api.labless.dev/api/runs/run_sub_d038eec100
run_sub_96a077b7cc,2026-07-09T18:58:33.739295Z,c6-asym-aug-l-16c394,0.654059333180087,unvalidated,RyanKim17920,Other / controls,,run_sub_6c6c051f71,https://api.labless.dev/api/runs/run_sub_96a077b7cc
run_sub_c86f83487c,2026-07-09T19:04:37.566535Z,c6-sinkhorn-geom-it5,0.6521342290681351,unvalidated,RyanKim17920,Objectives / losses,,run_sub_6c6c051f71,https://api.labless.dev/api/runs/run_sub_c86f83487c
run_sub_2c402f222b,2026-07-09T20:13:23.665412Z,c6-train-d08-t1,0.6536276648339031,unvalidated,RyanKim17920,Other / controls,,run_sub_6c6c051f71,https://api.labless.dev/api/runs/run_sub_2c402f222b
run_sub_3f65b89b9c,2026-07-09T20:18:57.773913Z,c6-train-d12-9f2bf6,0.6500529552339089,unvalidated,RyanKim17920,Other / controls,,run_sub_6c6c051f71,https://api.labless.dev/api/runs/run_sub_3f65b89b9c
run_sub_2764924a8e,2026-07-09T21:26:49.759096Z,c6-sinkhorn-e-317888,0.6322091817844545,unvalidated,RyanKim17920,Objectives / losses,,run_sub_6c6c051f71,https://api.labless.dev/api/runs/run_sub_2764924a8e
run_sub_32d9db949d,2026-07-09T21:32:43.525444Z,c6-jepa-mask-931f23,0.6469830183253168,unvalidated,RyanKim17920,Objectives / losses,,run_sub_6c6c051f71,https://api.labless.dev/api/runs/run_sub_32d9db949d
run_sub_564cdd6d8a,2026-07-09T22:45:36.659209Z,c6-train-d07-52e822,0.6542270275075056,unvalidated,RyanKim17920,Molecular / text,,run_sub_6c6c051f71,https://api.labless.dev/api/runs/run_sub_564cdd6d8a
run_sub_bba9a4a058,2026-07-09T22:49:43.527872Z,c6-lcc-alone-t2,0.653154549886973,unvalidated,RyanKim17920,Other / controls,,run_sub_6c6c051f71,https://api.labless.dev/api/runs/run_sub_bba9a4a058
run_sub_03c251a87d,2026-07-09T22:50:43.343057Z,c6-optim-geom-4c60ce,0.6497702724364185,unvalidated,RyanKim17920,Other / controls,,run_sub_6c6c051f71,https://api.labless.dev/api/runs/run_sub_03c251a87d
run_sub_36effd98bf,2026-07-10T04:06:21.880694Z,c6-train-d01-db8aa0,0.648264080368173,unvalidated,RyanKim17920,Other / controls,,run_sub_6c6c051f71,https://api.labless.dev/api/runs/run_sub_36effd98bf
run_sub_7e0be0829c,2026-07-10T05:57:03.033065Z,c6-train-d03-6a3884,0.6512788756127645,unvalidated,RyanKim17920,Molecular / text,,run_sub_6c6c051f71,https://api.labless.dev/api/runs/run_sub_7e0be0829c
run_sub_030984ae5d,2026-07-10T07:36:59.256005Z,c6-train-d01-5e97b9,0.6481016953870706,unvalidated,RyanKim17920,Objectives / losses,,run_sub_6c6c051f71,https://api.labless.dev/api/runs/run_sub_030984ae5d
run_sub_43178b0ba2,2026-07-10T12:12:55.677243Z,trial_03,0.6533201224031118,unvalidated,RyanKim17920,Other / controls,,run_sub_6c6c051f71,https://api.labless.dev/api/runs/run_sub_43178b0ba2
run_sub_ed87978ba0,2026-07-10T12:46:42.074501Z,c6-train-d03-t2,0.6539755993107715,unvalidated,RyanKim17920,Other / controls,,run_sub_6c6c051f71,https://api.labless.dev/api/runs/run_sub_ed87978ba0
run_sub_a0ad329bc0,2026-07-10T14:04:38.671209Z,c6-train-d06-d6d652,0.6529833362542552,unvalidated,RyanKim17920,Other / controls,,run_sub_6c6c051f71,https://api.labless.dev/api/runs/run_sub_a0ad329bc0
run_sub_46839cd41a,2026-07-10T14:19:50.372156Z,c6-kde-concen-f6b16f,0.6534957895712282,unvalidated,RyanKim17920,Tuning / schedules,,run_sub_6c6c051f71,https://api.labless.dev/api/runs/run_sub_46839cd41a
run_sub_8d2ec13d42,2026-07-10T14:52:48.137612Z,c6-train-d04-t2,0.63495485562993,unvalidated,RyanKim17920,Other / controls,,run_sub_6c6c051f71,https://api.labless.dev/api/runs/run_sub_8d2ec13d42
run_sub_f12b3eb433,2026-07-10T15:31:01.370552Z,c6-train-d03-823be8,0.6528520549997062,unvalidated,RyanKim17920,Tuning / schedules,,run_sub_6c6c051f71,https://api.labless.dev/api/runs/run_sub_f12b3eb433
run_sub_b268852d67,2026-07-10T16:43:48.141702Z,c6-teacher-em-db0c3b,0.6519007485238164,unvalidated,RyanKim17920,Other / controls,,run_sub_6c6c051f71,https://api.labless.dev/api/runs/run_sub_b268852d67
run_sub_daed518e6d,2026-07-10T16:47:34.038801Z,c6-train-d02-00c454,0.6528814839682947,unvalidated,RyanKim17920,Tuning / schedules,,run_sub_6c6c051f71,https://api.labless.dev/api/runs/run_sub_daed518e6d
run_sub_4e76cb7161,2026-07-10T18:06:32.359801Z,c6-train-d06-05b56d,0.6531900147826751,unvalidated,RyanKim17920,Other / controls,,run_sub_6c6c051f71,https://api.labless.dev/api/runs/run_sub_4e76cb7161
run_sub_e91defdb80,2026-07-11T01:31:37.544924Z,c6-train-d12-t6,0.6478389882950862,unvalidated,RyanKim17920,Other / controls,,run_sub_6c6c051f71,https://api.labless.dev/api/runs/run_sub_e91defdb80
run_sub_4fda09f271,2026-07-11T05:13:36.915220Z,c6_sinkhorn_iter5_t1,0.65205343763876,unvalidated,RyanKim17920,Objectives / losses,,run_sub_6c6c051f71,https://api.labless.dev/api/runs/run_sub_4fda09f271
run_sub_067b88987d,2026-07-11T05:27:03.133242Z,c6-train-d03-8aed14,0.6522120446426369,unvalidated,RyanKim17920,Other / controls,,run_sub_6c6c051f71,https://api.labless.dev/api/runs/run_sub_067b88987d
run_sub_f3fe0733a2,2026-07-11T05:28:18.501626Z,lc10x128-s271828,0.6597000080847469,unvalidated,OccamsTrustyRazor,Tuning / schedules,,run_sub_6c6c051f71,https://api.labless.dev/api/runs/run_sub_f3fe0733a2
run_sub_b6dec7de8a,2026-07-11T05:29:51.570132Z,c6-train-d08-d347e2,0.6531809440331456,unvalidated,RyanKim17920,Objectives / losses,,run_sub_6c6c051f71,https://api.labless.dev/api/runs/run_sub_b6dec7de8a
run_sub_0d2306b604,2026-07-11T06:34:55.893471Z,c6_optim_geo-079f83,0.644149070811457,unvalidated,RyanKim17920,Other / controls,,run_sub_6c6c051f71,https://api.labless.dev/api/runs/run_sub_0d2306b604
run_sub_caaaabcd3e,2026-07-11T06:46:03.536042Z,c6-jepa-cond-f9ce7f,0.6463474171224733,unvalidated,RyanKim17920,Objectives / losses,,run_sub_6c6c051f71,https://api.labless.dev/api/runs/run_sub_caaaabcd3e
run_sub_7da2e8b076,2026-07-11T07:42:24.453352Z,localctx10x128,0.6644745767959198,unvalidated,OccamsTrustyRazor,Tuning / schedules; Objectives / losses; Molecular / text,,run_sub_6c6c051f71,https://api.labless.dev/api/runs/run_sub_7da2e8b076
run_sub_ad6fb84e52,2026-07-11T07:52:35.124454Z,c6-sinkhorn-iter5-t2,0.6522305476219428,unvalidated,RyanKim17920,Objectives / losses,,run_sub_6c6c051f71,https://api.labless.dev/api/runs/run_sub_ad6fb84e52
run_sub_4e94600124,2026-07-11T07:59:35.382597Z,c6_asym_teach-645e8b,0.6461790027579455,unvalidated,RyanKim17920,Other / controls,,run_sub_6c6c051f71,https://api.labless.dev/api/runs/run_sub_4e94600124
run_sub_16d1c8bfa4,2026-07-11T09:14:20.615634Z,c6-optim-geom-9f5e9c,0.6485819416234386,unvalidated,RyanKim17920,Other / controls,,run_sub_6c6c051f71,https://api.labless.dev/api/runs/run_sub_16d1c8bfa4
run_sub_b79ffd2ad4,2026-07-11T09:17:35.789978Z,c6-teacher-em-c8ce27,0.6525457870712461,unvalidated,RyanKim17920,Other / controls,,run_sub_6c6c051f71,https://api.labless.dev/api/runs/run_sub_b79ffd2ad4
run_sub_3c2e79aef6,2026-07-11T10:21:55.972848Z,c6-asym-aug-s-e977fe,0.6108076098459261,unvalidated,RyanKim17920,Other / controls,,run_sub_6c6c051f71,https://api.labless.dev/api/runs/run_sub_3c2e79aef6
run_sub_9d7b1ab0fd,2026-07-11T10:40:07.366158Z,c6-train-d03-trial6,0.6539719830925415,unvalidated,RyanKim17920,Other / controls,,run_sub_6c6c051f71,https://api.labless.dev/api/runs/run_sub_9d7b1ab0fd
run_sub_a4be54f58c,2026-07-11T11:45:20.048002Z,c6-train-d08-trial3,0.6541750714601616,unvalidated,RyanKim17920,Other / controls,,run_sub_6c6c051f71,https://api.labless.dev/api/runs/run_sub_a4be54f58c
run_sub_84bcdb93da,2026-07-11T12:00:56.181640Z,c6-jepa-geome-3a1ab0,0.6466255495656611,unvalidated,RyanKim17920,Objectives / losses,,run_sub_6c6c051f71,https://api.labless.dev/api/runs/run_sub_84bcdb93da
run_sub_794cac8107,2026-07-11T12:43:15.305638Z,lctx10x128-s7777,0.6648894283503807,unvalidated,OccamsTrustyRazor,Tuning / schedules,,run_sub_6c6c051f71,https://api.labless.dev/api/runs/run_sub_794cac8107
run_sub_0d5110698c,2026-07-11T13:12:15.783564Z,c6-train-d08-29b21a,0.6539458959452273,unvalidated,RyanKim17920,Other / controls,,run_sub_6c6c051f71,https://api.labless.dev/api/runs/run_sub_0d5110698c
run_sub_05e8624a23,2026-07-11T16:46:27.994907Z,c6-train-d15-t2,0.6543565981219007,unvalidated,RyanKim17920,Other / controls,,run_sub_6c6c051f71,https://api.labless.dev/api/runs/run_sub_05e8624a23
run_sub_b91eb8fd4c,2026-07-11T18:07:05.494043Z,c6-train-d04-t5,0.6527250281534445,unvalidated,RyanKim17920,Other / controls,,run_sub_6c6c051f71,https://api.labless.dev/api/runs/run_sub_b91eb8fd4c
run_sub_273c394c92,2026-07-11T18:07:24.412536Z,c6-train-d09-37395b,0.6468299198460961,unvalidated,RyanKim17920,Other / controls,,run_sub_6c6c051f71,https://api.labless.dev/api/runs/run_sub_273c394c92
run_sub_63ab79b906,2026-07-11T19:29:29.983227Z,c6-train-d08-trial06,0.6514157147745722,unvalidated,RyanKim17920,Other / controls,,run_sub_6c6c051f71,https://api.labless.dev/api/runs/run_sub_63ab79b906
run_sub_13e58c3c85,2026-07-12T03:19:02.311576Z,molcap-text-s7777,0.6652239193862792,unvalidated,OccamsTrustyRazor,Molecular / text,,run_sub_6c6c051f71,https://api.labless.dev/api/runs/run_sub_13e58c3c85
run_sub_57a26ec42b,2026-07-12T10:58:25.751614Z,lctx10-kde05-nuis,0.6597108586006121,unvalidated,OccamsTrustyRazor,Tuning / schedules; Molecular / text,,run_sub_6c6c051f71,https://api.labless.dev/api/runs/run_sub_57a26ec42b
run_sub_17d8e9f70f,2026-07-12T10:59:43.360267Z,lctx12-kde05-s7777,0.6640880845250816,unvalidated,OccamsTrustyRazor,Tuning / schedules,,run_sub_6c6c051f71,https://api.labless.dev/api/runs/run_sub_17d8e9f70f
run_sub_91ae661e33,2026-07-14T11:00:03.579167Z,molcap-route-s7777,0.6637154886140434,unvalidated,occamsrazor0102,Tuning / schedules; Molecular / text,,run_sub_6c6c051f71,https://api.labless.dev/api/runs/run_sub_91ae661e33
run_sub_e3d0052a13,2026-07-14T17:47:44.360105Z,c7-reseed-anc-caed33,0.6484475128267544,unvalidated,RyanKim17920,Tuning / schedules,,run_sub_6c6c051f71,https://api.labless.dev/api/runs/run_sub_e3d0052a13
run_sub_70c47eb534,2026-07-14T17:47:48.152504Z,c7-base-882147,0.6530875760102289,unvalidated,RyanKim17920,Tuning / schedules,,run_sub_6c6c051f71,https://api.labless.dev/api/runs/run_sub_70c47eb534
run_sub_354e53619d,2026-07-14T20:31:47.574852Z,c6lcc-combined-pp,0.664839283812248,unvalidated,RyanKim17920,Tuning / schedules; Readout / post-train,,run_sub_6c6c051f71,https://api.labless.dev/api/runs/run_sub_354e53619d
run_sub_9770260f56,2026-07-14T21:56:14.230978Z,c7-train-p-me-97ee40,0.6548412540819261,unvalidated,RyanKim17920,Other / controls,,run_sub_6c6c051f71,https://api.labless.dev/api/runs/run_sub_9770260f56
run_sub_e3fe26b2ba,2026-07-14T21:56:29.785303Z,c7-train-p-ma-e20394,0.6472463927651949,unvalidated,RyanKim17920,Other / controls,,run_sub_6c6c051f71,https://api.labless.dev/api/runs/run_sub_e3fe26b2ba
run_sub_265ebf885f,2026-07-14T21:56:32.953584Z,c7-train-p-te-8dc649,0.6462378828611252,unvalidated,RyanKim17920,Other / controls,,run_sub_6c6c051f71,https://api.labless.dev/api/runs/run_sub_265ebf885f
run_sub_c8cf4281d2,2026-07-15T00:36:52.259850Z,c7-train-p-wa-5fc40c,0.6528624109922284,unvalidated,RyanKim17920,Tuning / schedules,,run_sub_6c6c051f71,https://api.labless.dev/api/runs/run_sub_c8cf4281d2
run_sub_9220550b7b,2026-07-15T00:56:23.358720Z,c7-trial2-sli-d1c0af,0.6526464137076878,unvalidated,RyanKim17920,Data / augmentation,,run_sub_6c6c051f71,https://api.labless.dev/api/runs/run_sub_9220550b7b
run_sub_cb2a7ce038,2026-07-15T00:57:24.334798Z,c7-train-p-fi-cd5b3f,0.6524319279114462,unvalidated,RyanKim17920,Tuning / schedules; Molecular / text,,run_sub_6c6c051f71,https://api.labless.dev/api/runs/run_sub_cb2a7ce038
run_sub_c613297e8b,2026-07-15T01:13:22.000005Z,c7-train-p-je-e28955,0.6536698953046012,unvalidated,RyanKim17920,Objectives / losses,,run_sub_6c6c051f71,https://api.labless.dev/api/runs/run_sub_c613297e8b
run_sub_b554dcacd1,2026-07-15T01:14:36.960451Z,c6-kde-count-3fde50,0.6421421785408933,unvalidated,RyanKim17920,Tuning / schedules,,run_sub_6c6c051f71,https://api.labless.dev/api/runs/run_sub_b554dcacd1
run_sub_f73cf49531,2026-07-15T01:23:36.084990Z,c7-train-p-c6-8db363,0.6535272531666065,unvalidated,RyanKim17920,Architecture / backbone,,run_sub_6c6c051f71,https://api.labless.dev/api/runs/run_sub_f73cf49531
run_sub_90e5eb6249,2026-07-15T01:24:42.281300Z,c7-trial3-ada-b7a076,0.6526800272437643,unvalidated,RyanKim17920,Other / controls,,run_sub_6c6c051f71,https://api.labless.dev/api/runs/run_sub_90e5eb6249
run_sub_fd6759a23f,2026-07-15T01:26:43.325756Z,c7-train-p-re-588b2d,0.6530053208211591,unvalidated,RyanKim17920,Data / augmentation,,run_sub_6c6c051f71,https://api.labless.dev/api/runs/run_sub_fd6759a23f
run_sub_2b93a3f3b4,2026-07-15T01:31:37.809946Z,c7-train-p-pr-9cfec7,0.6527626063318083,unvalidated,RyanKim17920,Other / controls,,run_sub_6c6c051f71,https://api.labless.dev/api/runs/run_sub_2b93a3f3b4
run_sub_e467c6ee70,2026-07-15T01:52:18.416285Z,c7-warmup-fra-b12cff,0.6496611543225204,unvalidated,RyanKim17920,Tuning / schedules,,run_sub_6c6c051f71,https://api.labless.dev/api/runs/run_sub_e467c6ee70
run_sub_03dea1e86c,2026-07-15T01:52:46.560511Z,c7-train-p-pc-fd527a,0.6541148002597191,unvalidated,RyanKim17920,Objectives / losses,,run_sub_6c6c051f71,https://api.labless.dev/api/runs/run_sub_03dea1e86c
run_sub_2587dbd082,2026-07-15T02:32:33.674597Z,c7-train-p-fi-e0cf59,0.650210355868287,unvalidated,RyanKim17920,Tuning / schedules; Molecular / text,,run_sub_6c6c051f71,https://api.labless.dev/api/runs/run_sub_2587dbd082
run_sub_28da36b911,2026-07-15T02:34:57.307011Z,c7-train-p-sl-28f596,0.6523890726085748,unvalidated,RyanKim17920,Other / controls,,run_sub_6c6c051f71,https://api.labless.dev/api/runs/run_sub_28da36b911
run_sub_d55a0669e8,2026-07-15T02:48:56.323236Z,c7-jepa-freeb-f06ee3,0.6420018184148925,unvalidated,RyanKim17920,Objectives / losses,,run_sub_6c6c051f71,https://api.labless.dev/api/runs/run_sub_d55a0669e8
run_sub_73dfc46d60,2026-07-15T02:51:21.664601Z,c7-capi-clust-b9ca20,0.6530322841251921,unvalidated,RyanKim17920,Objectives / losses,,run_sub_6c6c051f71,https://api.labless.dev/api/runs/run_sub_73dfc46d60
run_sub_9ae66231da,2026-07-15T03:06:37.168548Z,c7-train-p-c6-53b719,0.6503404254110697,unvalidated,RyanKim17920,Architecture / backbone,,run_sub_6c6c051f71,https://api.labless.dev/api/runs/run_sub_9ae66231da
run_sub_12b3e59ccb,2026-07-15T03:06:58.627151Z,c7-train-p-pr-960da5,0.6534576512334345,unvalidated,RyanKim17920,Other / controls,,run_sub_6c6c051f71,https://api.labless.dev/api/runs/run_sub_12b3e59ccb
run_sub_084b3cce68,2026-07-15T03:10:27.498075Z,c7-train-p-re-d704cc,0.6450683873475972,unvalidated,RyanKim17920,Data / augmentation,,run_sub_6c6c051f71,https://api.labless.dev/api/runs/run_sub_084b3cce68
run_sub_5e0bf06e37,2026-07-15T03:12:11.122415Z,c7-train-p-di-4ae63a,0.6488705202288975,unvalidated,RyanKim17920,Other / controls,,run_sub_6c6c051f71,https://api.labless.dev/api/runs/run_sub_5e0bf06e37
run_sub_1c90585ee1,2026-07-15T03:25:57.096928Z,c7-train-p-di-54b4f2,0.6417813086396376,unvalidated,RyanKim17920,Other / controls,,run_sub_6c6c051f71,https://api.labless.dev/api/runs/run_sub_1c90585ee1
run_sub_f0104397cd,2026-07-15T03:38:03.233565Z,c7-train-p-c7-2309cc,0.6480038910851448,unvalidated,RyanKim17920,Other / controls,,run_sub_6c6c051f71,https://api.labless.dev/api/runs/run_sub_f0104397cd
run_sub_e7c4a3c47f,2026-07-15T04:10:35.823149Z,c7-tr4-alpha1-f0d629,0.6534086743406965,unvalidated,RyanKim17920,Data / augmentation,,run_sub_6c6c051f71,https://api.labless.dev/api/runs/run_sub_e7c4a3c47f
run_sub_b1beec1796,2026-07-15T04:55:40.210433Z,c7-disagree-g-c20b7a,0.5885415649394842,unvalidated,RyanKim17920,Other / controls,,run_sub_6c6c051f71,https://api.labless.dev/api/runs/run_sub_b1beec1796
run_sub_ce1ea837b7,2026-07-15T06:43:47.744726Z,c7-metadata-c-d343db,0.6528159030553027,unvalidated,RyanKim17920,Other / controls,,run_sub_6c6c051f71,https://api.labless.dev/api/runs/run_sub_ce1ea837b7
run_sub_347ea317a1,2026-07-15T06:52:11.884994Z,c7-fino-freez-caa2ea,0.6425378829577959,unvalidated,RyanKim17920,Tuning / schedules; Molecular / text,,run_sub_6c6c051f71,https://api.labless.dev/api/runs/run_sub_347ea317a1
run_sub_60749ea31b,2026-07-15T06:57:07.708785Z,c7-train-p-ba-dc2917,0.6526488765173466,unvalidated,RyanKim17920,Tuning / schedules; Architecture / backbone,,run_sub_6c6c051f71,https://api.labless.dev/api/runs/run_sub_60749ea31b
run_sub_69783fa2ab,2026-07-15T07:00:10.944109Z,slide-balance-8d8a33,0.6534147831503904,unvalidated,RyanKim17920,Data / augmentation,,run_sub_6c6c051f71,https://api.labless.dev/api/runs/run_sub_69783fa2ab
run_sub_a6f8752ba9,2026-07-15T07:07:10.974076Z,c7-tr4-kde-wt-8dadcc,0.6501583038805522,unvalidated,RyanKim17920,Tuning / schedules,,run_sub_6c6c051f71,https://api.labless.dev/api/runs/run_sub_a6f8752ba9
run_sub_042331de27,2026-07-15T07:08:44.296363Z,c7-train-p-wa-479d03,0.6534026468036628,unvalidated,RyanKim17920,Tuning / schedules,,run_sub_6c6c051f71,https://api.labless.dev/api/runs/run_sub_042331de27
run_sub_fcaa23af5f,2026-07-15T07:18:40.506611Z,c7-train-p-ba-595391,0.6441916855396639,unvalidated,RyanKim17920,Tuning / schedules; Architecture / backbone,,run_sub_6c6c051f71,https://api.labless.dev/api/runs/run_sub_fcaa23af5f
run_sub_fe38617a2a,2026-07-15T07:29:49.419240Z,c7-train-p-wi-23eae1,0.6434606516496951,unvalidated,RyanKim17920,Other / controls,,run_sub_6c6c051f71,https://api.labless.dev/api/runs/run_sub_fe38617a2a
run_sub_d0aff4ac88,2026-07-15T07:43:37.512926Z,c7-pcgrad-mul-d2c13e,0.6412858542247435,unvalidated,RyanKim17920,Objectives / losses,,run_sub_6c6c051f71,https://api.labless.dev/api/runs/run_sub_d0aff4ac88
run_sub_9dc7f63a8f,2026-07-15T08:08:32.913618Z,c7-train-p-je-bb16a6,0.6434173028985122,unvalidated,RyanKim17920,Objectives / losses,,run_sub_6c6c051f71,https://api.labless.dev/api/runs/run_sub_9dc7f63a8f
run_sub_0af54af82c,2026-07-15T08:08:55.681354Z,c7-warmup-fra-d22f83,0.6440220507472543,unvalidated,RyanKim17920,Tuning / schedules,,run_sub_6c6c051f71,https://api.labless.dev/api/runs/run_sub_0af54af82c
run_sub_022def534a,2026-07-15T08:09:00.448140Z,c7-train-p-ma-5d0299,0.6441432907861566,unvalidated,RyanKim17920,Other / controls,,run_sub_6c6c051f71,https://api.labless.dev/api/runs/run_sub_022def534a
run_sub_1468036a33,2026-07-15T08:09:24.363474Z,c7-train-p-kd-bba7b6,0.6445650162482391,unvalidated,RyanKim17920,Tuning / schedules,,run_sub_6c6c051f71,https://api.labless.dev/api/runs/run_sub_1468036a33
run_sub_2da69d1391,2026-07-15T08:09:56.652769Z,c7-train-p-ro-c1c6e3,0.6436211050576561,unvalidated,RyanKim17920,Tuning / schedules,,run_sub_6c6c051f71,https://api.labless.dev/api/runs/run_sub_2da69d1391
run_sub_ec45cc7d62,2026-07-15T08:09:59.921606Z,c7-train-p-c7-515bfc,0.6445019689428785,unvalidated,RyanKim17920,Data / augmentation,,run_sub_6c6c051f71,https://api.labless.dev/api/runs/run_sub_ec45cc7d62
run_sub_2b992b717d,2026-07-15T08:10:04.148282Z,c7-train-p-kd-4a9238,0.6440671958870791,unvalidated,RyanKim17920,Tuning / schedules,,run_sub_6c6c051f71,https://api.labless.dev/api/runs/run_sub_2b992b717d
run_sub_5257c1e6f3,2026-07-15T08:10:11.952011Z,c7-train-p-ma-e42532,0.6454639519807414,unvalidated,RyanKim17920,Tuning / schedules,,run_sub_6c6c051f71,https://api.labless.dev/api/runs/run_sub_5257c1e6f3
run_sub_39279c58bf,2026-07-15T08:10:21.252534Z,c7-train-p-ma-45421e,0.6447222205129116,unvalidated,RyanKim17920,Other / controls,,run_sub_6c6c051f71,https://api.labless.dev/api/runs/run_sub_39279c58bf
run_sub_35fef37c30,2026-07-15T08:10:49.275138Z,c7-train-p-bo-074be6,0.6448108689444508,unvalidated,RyanKim17920,Other / controls,,run_sub_6c6c051f71,https://api.labless.dev/api/runs/run_sub_35fef37c30
run_sub_235ae0e469,2026-07-15T08:14:08.937908Z,c7-train-p-me-2fc119,0.6433422428188461,unvalidated,RyanKim17920,Data / augmentation,,run_sub_6c6c051f71,https://api.labless.dev/api/runs/run_sub_235ae0e469
run_sub_361f27359c,2026-07-15T08:29:59.850571Z,c7-train-p-kd-9ad4c5,0.6441988170119375,unvalidated,RyanKim17920,Tuning / schedules,,run_sub_6c6c051f71,https://api.labless.dev/api/runs/run_sub_361f27359c
run_sub_9f55bfaa16,2026-07-15T08:31:41.934600Z,c7-train-p-kd-c7fd2b,0.6447085095546796,unvalidated,RyanKim17920,Tuning / schedules,,run_sub_6c6c051f71,https://api.labless.dev/api/runs/run_sub_9f55bfaa16
run_sub_36b042bc07,2026-07-15T08:32:18.010821Z,c7-train-p-me-493d91,0.6444500257303177,unvalidated,RyanKim17920,Other / controls,,run_sub_6c6c051f71,https://api.labless.dev/api/runs/run_sub_36b042bc07
run_sub_1a75f3ff3c,2026-07-15T08:32:26.982721Z,c7-schedule-w-2d17ec,0.6450990732773135,unvalidated,RyanKim17920,Tuning / schedules,,run_sub_6c6c051f71,https://api.labless.dev/api/runs/run_sub_1a75f3ff3c
run_sub_d0a15e7e60,2026-07-15T08:37:54.420847Z,c7-pcgrad-l8-916558,0.6439593100374263,unvalidated,RyanKim17920,Objectives / losses,,run_sub_6c6c051f71,https://api.labless.dev/api/runs/run_sub_d0a15e7e60
run_sub_b8e1c73b19,2026-07-15T08:50:45.717563Z,c7-train-p-kd-337b46,0.6434549064380475,unvalidated,RyanKim17920,Tuning / schedules,,run_sub_6c6c051f71,https://api.labless.dev/api/runs/run_sub_b8e1c73b19
run_sub_edc80450e2,2026-07-15T08:52:56.748722Z,c7-tr5-warmup-7dac9a,0.6448483150907457,unvalidated,RyanKim17920,Tuning / schedules,,run_sub_6c6c051f71,https://api.labless.dev/api/runs/run_sub_edc80450e2
run_sub_3dc81f431c,2026-07-15T09:36:37.184835Z,c7-train6-lr-f9d155,0.6445724234374784,unvalidated,RyanKim17920,Tuning / schedules,,run_sub_6c6c051f71,https://api.labless.dev/api/runs/run_sub_3dc81f431c
run_sub_66904f2a6a,2026-07-15T09:36:44.179879Z,c7-teacher-mo-371275,0.6451939585492381,unvalidated,RyanKim17920,Other / controls,,run_sub_6c6c051f71,https://api.labless.dev/api/runs/run_sub_66904f2a6a
run_sub_be3dbccce9,2026-07-15T09:37:46.786792Z,c7-teacher-te-25e9d3,0.6439604844475728,unvalidated,RyanKim17920,Tuning / schedules,,run_sub_6c6c051f71,https://api.labless.dev/api/runs/run_sub_be3dbccce9
run_sub_6cde799e33,2026-07-15T09:38:02.847762Z,c7-train-p-ma-781561,0.6446908763101308,unvalidated,RyanKim17920,Other / controls,,run_sub_6c6c051f71,https://api.labless.dev/api/runs/run_sub_6cde799e33
run_sub_7462293c52,2026-07-15T09:38:37.101753Z,c7-train-p-mo-728101,0.6460410905653999,unvalidated,RyanKim17920,Other / controls,,run_sub_6c6c051f71,https://api.labless.dev/api/runs/run_sub_7462293c52
run_sub_6a0daf8045,2026-07-15T09:59:11.425659Z,c7-wd-constan-5a7a05,0.6449609907489675,unvalidated,RyanKim17920,Other / controls,,run_sub_6c6c051f71,https://api.labless.dev/api/runs/run_sub_6a0daf8045
run_sub_1f1da710da,2026-07-15T09:59:19.228698Z,c7-teacher-mo-9557f0,0.6440804633445878,unvalidated,RyanKim17920,Other / controls,,run_sub_6c6c051f71,https://api.labless.dev/api/runs/run_sub_1f1da710da
run_sub_329a98cfb5,2026-07-15T09:59:28.155774Z,c7-train-p-c7-fb4cb2,0.6439834053986102,unvalidated,RyanKim17920,Other / controls,,run_sub_6c6c051f71,https://api.labless.dev/api/runs/run_sub_329a98cfb5
run_sub_98a3c41dc5,2026-07-15T09:59:38.045135Z,c7-train-p-c7-333f98,0.6439926684148887,unvalidated,RyanKim17920,Tuning / schedules,,run_sub_6c6c051f71,https://api.labless.dev/api/runs/run_sub_98a3c41dc5
run_sub_ec66d6ce10,2026-07-15T10:01:49.234048Z,trial04-moder-6259be,0.6441999343002753,unvalidated,RyanKim17920,Other / controls,,run_sub_6c6c051f71,https://api.labless.dev/api/runs/run_sub_ec66d6ce10
run_sub_2ef1500ae2,2026-07-15T17:17:22.585570Z,c7-wd-const-004-t3,0.6534432171888852,unvalidated,RyanKim17920,Other / controls,,run_sub_6c6c051f71,https://api.labless.dev/api/runs/run_sub_2ef1500ae2
run_sub_ffa28598b2,2026-07-15T17:22:46.796695Z,c7-train-p-me-6b2c2f,0.6457176908817077,unvalidated,RyanKim17920,Other / controls,,run_sub_6c6c051f71,https://api.labless.dev/api/runs/run_sub_ffa28598b2
run_sub_3fc628941e,2026-07-15T17:25:13.745524Z,c7-train-p-sl-326403,0.6549025373551695,unvalidated,RyanKim17920,Other / controls,,run_sub_6c6c051f71,https://api.labless.dev/api/runs/run_sub_3fc628941e
run_sub_b200ab2ced,2026-07-15T17:26:12.638800Z,c7-trial7-glo-54f50c,0.6387480031354499,unvalidated,RyanKim17920,Tuning / schedules; Data / augmentation,,run_sub_6c6c051f71,https://api.labless.dev/api/runs/run_sub_b200ab2ced
run_sub_dd668e90d9,2026-07-15T17:26:41.138506Z,c7-train-p-di-d6e490,0.6529945566958978,unvalidated,RyanKim17920,Other / controls,,run_sub_6c6c051f71,https://api.labless.dev/api/runs/run_sub_dd668e90d9
run_sub_3933af8ae4,2026-07-15T17:27:49.068155Z,c6-dino-local-b0db11,0.6540949135158556,unvalidated,RyanKim17920,Data / augmentation,,run_sub_6c6c051f71,https://api.labless.dev/api/runs/run_sub_3933af8ae4
run_sub_43eb47df5d,2026-07-15T17:28:28.981974Z,trial07-kde01-lc1e01,0.6474075373515994,unvalidated,RyanKim17920,Tuning / schedules,,run_sub_6c6c051f71,https://api.labless.dev/api/runs/run_sub_43eb47df5d
run_sub_337909f0e9,2026-07-15T17:28:38.498771Z,c7-teacher-te-ef9e38,0.6420403363616033,unvalidated,RyanKim17920,Tuning / schedules,,run_sub_6c6c051f71,https://api.labless.dev/api/runs/run_sub_337909f0e9
run_sub_a76ecae97c,2026-07-15T17:33:26.339240Z,c7-train-gram-9c9631,0.6447861739116035,unvalidated,RyanKim17920,Objectives / losses,,run_sub_6c6c051f71,https://api.labless.dev/api/runs/run_sub_a76ecae97c
run_sub_37cfcfa126,2026-07-15T17:36:03.561048Z,t1-outpaint-j-b2ff32,0.628996209611948,unvalidated,RyanKim17920,Objectives / losses,,run_sub_6c6c051f71,https://api.labless.dev/api/runs/run_sub_37cfcfa126
run_sub_d99bfb3d9f,2026-07-15T17:37:27.398159Z,c7-train-p-bo-0969fc,0.6458900552466349,unvalidated,RyanKim17920,Other / controls,,run_sub_6c6c051f71,https://api.labless.dev/api/runs/run_sub_d99bfb3d9f
run_sub_a44df55e6b,2026-07-15T17:39:39.450160Z,c7-train-p-mo-1be6db,0.6272080785464313,unvalidated,RyanKim17920,Other / controls,,run_sub_6c6c051f71,https://api.labless.dev/api/runs/run_sub_a44df55e6b
run_sub_bbb050eaa1,2026-07-15T17:40:57.610527Z,c7-attmask-ra-5c8806,0.6478242471179907,unvalidated,RyanKim17920,Tuning / schedules,,run_sub_6c6c051f71,https://api.labless.dev/api/runs/run_sub_bbb050eaa1
run_sub_9ca39517ca,2026-07-15T17:41:26.932770Z,c7-ibot-dual-61c690,0.6521558462539302,unvalidated,RyanKim17920,Objectives / losses,,run_sub_6c6c051f71,https://api.labless.dev/api/runs/run_sub_9ca39517ca
run_sub_aedc6daf09,2026-07-15T17:45:54.176859Z,c7-train-p-c7-2aad21,0.6538986417239164,unvalidated,RyanKim17920,Objectives / losses,,run_sub_6c6c051f71,https://api.labless.dev/api/runs/run_sub_aedc6daf09
run_sub_7cbe671c9b,2026-07-15T17:52:58.397635Z,c7-pref-wired-d03757,0.6391263846601988,unvalidated,RyanKim17920,Tuning / schedules,,run_sub_6c6c051f71,https://api.labless.dev/api/runs/run_sub_7cbe671c9b
run_sub_373d6eb34c,2026-07-15T18:58:24.275408Z,c7-wd-constan-d16539,0.6529301498299298,unvalidated,RyanKim17920,Other / controls,,run_sub_6c6c051f71,https://api.labless.dev/api/runs/run_sub_373d6eb34c
run_sub_97423be335,2026-07-15T19:08:51.647711Z,c7-train-p-c7-2299ec,0.6428027040413841,unvalidated,RyanKim17920,Tuning / schedules,,run_sub_6c6c051f71,https://api.labless.dev/api/runs/run_sub_97423be335
run_sub_29e1662fc1,2026-07-15T19:20:00.386931Z,c7-train-p-bo-138f6e,0.6521848970247903,unvalidated,RyanKim17920,Other / controls,,run_sub_6c6c051f71,https://api.labless.dev/api/runs/run_sub_29e1662fc1
run_sub_ef3dfd095e,2026-07-15T19:23:04.256694Z,c7-train-p-mo-835047,0.6428122299560555,unvalidated,RyanKim17920,Objectives / losses,,run_sub_6c6c051f71,https://api.labless.dev/api/runs/run_sub_ef3dfd095e
run_sub_99ce242b1b,2026-07-15T19:25:53.399615Z,c7-train-p-mo-553721,0.6380668612074244,unvalidated,RyanKim17920,Objectives / losses,,run_sub_6c6c051f71,https://api.labless.dev/api/runs/run_sub_99ce242b1b
run_sub_5049234b26,2026-07-15T19:31:40.285170Z,c7-train-p-mo-c800e4,0.6253596140869009,unvalidated,RyanKim17920,Other / controls,,run_sub_6c6c051f71,https://api.labless.dev/api/runs/run_sub_5049234b26
run_sub_c351a2c446,2026-07-15T19:31:53.416181Z,c7-train-p-lc-677583,0.6521565496717527,unvalidated,RyanKim17920,Other / controls,,run_sub_6c6c051f71,https://api.labless.dev/api/runs/run_sub_c351a2c446
run_sub_1a14b49380,2026-07-15T19:33:39.707612Z,c7-capi-clust-80040d,0.6495963667688192,unvalidated,RyanKim17920,Objectives / losses,,run_sub_6c6c051f71,https://api.labless.dev/api/runs/run_sub_1a14b49380
run_sub_50134304cf,2026-07-15T19:33:55.052297Z,c7-train-p-mo-340691,0.6528522273743294,unvalidated,RyanKim17920,Objectives / losses,,run_sub_6c6c051f71,https://api.labless.dev/api/runs/run_sub_50134304cf
run_sub_b0894aa4fa,2026-07-15T20:27:51.032066Z,molcap-ema-r7778,0.6560012249270079,unvalidated,OccamsTrustyRazor,Tuning / schedules; Molecular / text,,run_sub_6c6c051f71,https://api.labless.dev/api/runs/run_sub_b0894aa4fa
run_sub_310ea9d301,2026-07-15T21:05:56.014050Z,c7-trial4-out-4d0b95,0.6457723943933152,unvalidated,RyanKim17920,Objectives / losses,,run_sub_6c6c051f71,https://api.labless.dev/api/runs/run_sub_310ea9d301
run_sub_9d08b07b94,2026-07-15T21:10:46.557524Z,c7-train-p-c7-2e0670,0.6529671781873201,unvalidated,RyanKim17920,Objectives / losses,,run_sub_6c6c051f71,https://api.labless.dev/api/runs/run_sub_9d08b07b94
run_sub_44fec9c43e,2026-07-15T21:12:04.377299Z,c7-train-p-mo-ec0aa4,0.653143171067805,unvalidated,RyanKim17920,Objectives / losses,,run_sub_6c6c051f71,https://api.labless.dev/api/runs/run_sub_44fec9c43e
run_sub_1c8b258b50,2026-07-15T21:15:16.095663Z,c7-train-p-mo-a97fc8,0.6206808809458857,unvalidated,RyanKim17920,Objectives / losses,,run_sub_6c6c051f71,https://api.labless.dev/api/runs/run_sub_1c8b258b50
run_sub_05ecdaee42,2026-07-15T21:22:36.250299Z,c7-train-p-mo-081b3f,0.6530344801700945,unvalidated,RyanKim17920,Other / controls,,run_sub_6c6c051f71,https://api.labless.dev/api/runs/run_sub_05ecdaee42
run_sub_a6b753ff39,2026-07-15T23:04:24.313309Z,c7-train-p-mo-bd7352,0.6533342020178038,unvalidated,RyanKim17920,Objectives / losses,,run_sub_6c6c051f71,https://api.labless.dev/api/runs/run_sub_a6b753ff39
run_sub_7551186e5b,2026-07-15T23:12:59.795055Z,c7-train-p-mo-0a89c0,0.6362014678079599,unvalidated,RyanKim17920,Other / controls,,run_sub_6c6c051f71,https://api.labless.dev/api/runs/run_sub_7551186e5b
run_sub_c2479d00fc,2026-07-15T23:14:25.807695Z,c7-outpaintin-094f48,0.648733824627487,unvalidated,RyanKim17920,Tuning / schedules; Objectives / losses,,run_sub_6c6c051f71,https://api.labless.dev/api/runs/run_sub_c2479d00fc
run_sub_2ac63c58e2,2026-07-16T00:31:42.253487Z,c7-train-p-ma-245604,0.6438399184344699,unvalidated,RyanKim17920,Other / controls,,run_sub_6c6c051f71,https://api.labless.dev/api/runs/run_sub_2ac63c58e2
run_sub_76da80266b,2026-07-16T00:33:24.776763Z,c7-train-p-lc-83c04a,0.6461301006186743,unvalidated,RyanKim17920,Other / controls,,run_sub_6c6c051f71,https://api.labless.dev/api/runs/run_sub_76da80266b
run_sub_00f62edb0f,2026-07-16T00:34:27.610889Z,c7-train-p-ma-5b7b8f,0.6532507039971331,unvalidated,RyanKim17920,Tuning / schedules,,run_sub_6c6c051f71,https://api.labless.dev/api/runs/run_sub_00f62edb0f
run_sub_ab99efc028,2026-07-16T00:35:30.085302Z,c7-train-p-me-8d8867,0.6531526755999431,unvalidated,RyanKim17920,Data / augmentation,,run_sub_6c6c051f71,https://api.labless.dev/api/runs/run_sub_ab99efc028
run_sub_692fe4ae84,2026-07-16T00:36:32.637782Z,c7-pcgrad-l8-4fc7d6,0.6505531252609528,unvalidated,RyanKim17920,Objectives / losses,,run_sub_6c6c051f71,https://api.labless.dev/api/runs/run_sub_692fe4ae84
run_sub_5d4f30b915,2026-07-16T00:37:32.456832Z,c7-trial4-pcg-d93332,0.654794573835008,unvalidated,RyanKim17920,Objectives / losses,,run_sub_6c6c051f71,https://api.labless.dev/api/runs/run_sub_5d4f30b915
run_sub_31397c985e,2026-07-16T00:38:32.322708Z,c7-pcgrad-mul-339374,0.6544076192369077,unvalidated,RyanKim17920,Objectives / losses,,run_sub_6c6c051f71,https://api.labless.dev/api/runs/run_sub_31397c985e
run_sub_eae1d6c657,2026-07-16T00:39:33.384869Z,c7-train-p-di-4ffbf5,0.6524111373837065,unvalidated,RyanKim17920,Other / controls,,run_sub_6c6c051f71,https://api.labless.dev/api/runs/run_sub_eae1d6c657
run_sub_e70f0f7023,2026-07-16T02:55:21.103304Z,patron-main33,0.6567118347082339,unvalidated,occamsrazor0102,Tuning / schedules; Data / augmentation,,run_sub_6c6c051f71,https://api.labless.dev/api/runs/run_sub_e70f0f7023
run_sub_983e390269,2026-07-16T04:48:53.866691Z,c7-wd-interme-d64fea,0.6516233723401195,unvalidated,RyanKim17920,Other / controls,,run_sub_6c6c051f71,https://api.labless.dev/api/runs/run_sub_983e390269
run_sub_8e06aceb85,2026-07-16T04:50:47.777730Z,slide-balance-8b0d27,0.6520208650127195,unvalidated,RyanKim17920,Data / augmentation,,run_sub_6c6c051f71,https://api.labless.dev/api/runs/run_sub_8e06aceb85
run_sub_e5b61c19d2,2026-07-16T04:55:47.885285Z,gram_anchor_d-1cef55,0.6532827828683967,unvalidated,RyanKim17920,Objectives / losses,,run_sub_6c6c051f71,https://api.labless.dev/api/runs/run_sub_e5b61c19d2
run_sub_a4d79eafc4,2026-07-16T04:57:38.522397Z,c7-train-p-ma-bbefd2,0.6409041288136469,unvalidated,RyanKim17920,Tuning / schedules,,run_sub_6c6c051f71,https://api.labless.dev/api/runs/run_sub_a4d79eafc4
run_sub_e1ffb89eec,2026-07-16T04:59:28.980508Z,c7-train-p-c6-53b719,0.645524486582483,unvalidated,RyanKim17920,Architecture / backbone,,run_sub_6c6c051f71,https://api.labless.dev/api/runs/run_sub_e1ffb89eec
run_sub_97a89864ab,2026-07-16T05:01:21.528719Z,c7-wired-key-1e9a97,0.6440596437040472,unvalidated,RyanKim17920,Other / controls,,run_sub_6c6c051f71,https://api.labless.dev/api/runs/run_sub_97a89864ab
run_sub_f2c9b59f4e,2026-07-16T05:03:21.326698Z,c7-disagree-ramp-t9,0.6492444782810604,unvalidated,RyanKim17920,Other / controls,,run_sub_6c6c051f71,https://api.labless.dev/api/runs/run_sub_f2c9b59f4e
run_sub_20bfd63a2b,2026-07-16T05:06:35.325340Z,c7-lcc-views1-c53a72,0.6549423320383221,unvalidated,RyanKim17920,Other / controls,,run_sub_6c6c051f71,https://api.labless.dev/api/runs/run_sub_20bfd63a2b
run_sub_7c9bf38778,2026-07-16T05:09:56.376747Z,c7-train-p-bo-1a86a0,0.6488077873008012,unvalidated,RyanKim17920,Other / controls,,run_sub_6c6c051f71,https://api.labless.dev/api/runs/run_sub_7c9bf38778
run_sub_ce89cf0bc1,2026-07-16T05:10:12.175883Z,c7-metadata-c-c7f9fb,0.650944779424981,unvalidated,RyanKim17920,Other / controls,,run_sub_6c6c051f71,https://api.labless.dev/api/runs/run_sub_ce89cf0bc1
run_sub_f6cfe134ff,2026-07-16T05:47:00.397988Z,c7-wired-anti-7cdd83,0.6406027213072593,unvalidated,RyanKim17920,Other / controls,,run_sub_6c6c051f71,https://api.labless.dev/api/runs/run_sub_f6cfe134ff
run_sub_288245644f,2026-07-16T06:29:04.869467Z,c7-train-p-ma-1a1a65,0.6526084117474917,unvalidated,RyanKim17920,Other / controls,,run_sub_6c6c051f71,https://api.labless.dev/api/runs/run_sub_288245644f
run_sub_b9b04776da,2026-07-16T07:37:52.414611Z,sam-jepa-mol,0.6519512207023539,unvalidated,saman-rahbar,Objectives / losses; Molecular / text; Readout / post-train,,run_sub_6c6c051f71,https://api.labless.dev/api/runs/run_sub_b9b04776da
run_sub_e798538674,2026-07-16T07:42:02.450327Z,sam-jepa-v2,0.6491823754082308,unvalidated,saman-rahbar,Objectives / losses; Molecular / text; Readout / post-train,,run_sub_6c6c051f71,https://api.labless.dev/api/runs/run_sub_e798538674
run_sub_0a554c2460,2026-07-16T07:55:34.310419Z,c7-mask-stati-9096b7,0.6524592906237406,unvalidated,RyanKim17920,Other / controls,,run_sub_6c6c051f71,https://api.labless.dev/api/runs/run_sub_0a554c2460
run_sub_867294c612,2026-07-16T18:51:47.533598Z,c7-wd-end-010-t8,0.6519361323672377,unvalidated,RyanKim17920,Other / controls,,run_sub_6c6c051f71,https://api.labless.dev/api/runs/run_sub_867294c612
run_sub_22979dd98f,2026-07-16T19:30:39.076040Z,c7-outpaintin-199fc2,0.6524830516421417,unvalidated,RyanKim17920,Objectives / losses,,run_sub_6c6c051f71,https://api.labless.dev/api/runs/run_sub_22979dd98f
run_sub_9842dc7ff2,2026-07-16T19:31:03.831109Z,c7-train-p-me-7418d0,0.6258987504455795,unvalidated,RyanKim17920,Other / controls,,run_sub_6c6c051f71,https://api.labless.dev/api/runs/run_sub_9842dc7ff2
run_sub_20fd561f5f,2026-07-16T19:31:22.473933Z,c7-lcc-views1-7c68d3,0.6554067312542851,unvalidated,RyanKim17920,Other / controls,,run_sub_6c6c051f71,https://api.labless.dev/api/runs/run_sub_20fd561f5f
run_sub_68f14787ec,2026-07-16T20:02:25.330376Z,c7-vit-regist-e52c56,0.6531247001035628,unvalidated,RyanKim17920,Architecture / backbone,,run_sub_6c6c051f71,https://api.labless.dev/api/runs/run_sub_68f14787ec
run_sub_d6beafd6ca,2026-07-16T21:49:45.021724Z,c7-lcc-views1-395bbd,0.6538863412888083,unvalidated,RyanKim17920,Other / controls,,run_sub_6c6c051f71,https://api.labless.dev/api/runs/run_sub_d6beafd6ca
run_sub_8b0f838ee5,2026-07-17T02:58:05.964626Z,c7-mask-ratio-01a364,0.6503094755000364,unvalidated,RyanKim17920,Tuning / schedules,,run_sub_6c6c051f71,https://api.labless.dev/api/runs/run_sub_8b0f838ee5
run_sub_53caef5382,2026-07-17T05:31:22.980170Z,sam-hp-fix,0.6544306959563568,unvalidated,saman-rahbar,Tuning / schedules; Data / augmentation; Objectives / losses; Molecular / text; Readout / post-train,,run_sub_6c6c051f71,https://api.labless.dev/api/runs/run_sub_53caef5382
run_sub_b3b77ffa62,2026-07-17T13:46:47.704050Z,lctx14-kde05-s7777,0.6676553774962252,unvalidated,occamsrazor0102,Tuning / schedules,,run_sub_6c6c051f71,https://api.labless.dev/api/runs/run_sub_b3b77ffa62
run_sub_b514c1ee74,2026-07-17T14:06:08.127158Z,c7-train-p-wd-e5938e,0.6534717026297447,unvalidated,RyanKim17920,Other / controls,,run_sub_6c6c051f71,https://api.labless.dev/api/runs/run_sub_b514c1ee74
run_sub_12b59cc8b4,2026-07-17T14:37:53.933432Z,c7-p-boundary-1d341e,0.6502250314203396,unvalidated,RyanKim17920,Other / controls,,run_sub_6c6c051f71,https://api.labless.dev/api/runs/run_sub_12b59cc8b4
run_sub_c0caa1de3f,2026-07-17T16:15:17.787988Z,c7-schedule-w-38e412,0.6534363975283932,unvalidated,RyanKim17920,Tuning / schedules,,run_sub_6c6c051f71,https://api.labless.dev/api/runs/run_sub_c0caa1de3f
run_sub_39f405f06b,2026-07-17T18:57:17.888242Z,c7-p-fa-sigre-4dc968,0.6549748599406077,unvalidated,RyanKim17920,Objectives / losses,,run_sub_6c6c051f71,https://api.labless.dev/api/runs/run_sub_39f405f06b
run_sub_9385b4e6fa,2026-07-17T20:24:34.985772Z,c7-train-p-fa-062463,0.6543746234859814,unvalidated,RyanKim17920,Objectives / losses,,run_sub_6c6c051f71,https://api.labless.dev/api/runs/run_sub_9385b4e6fa
run_sub_4e69b3db43,2026-07-17T21:50:52.930412Z,c7-fa-sigreg-a85377,0.6538716265853121,unvalidated,RyanKim17920,Objectives / losses,,run_sub_6c6c051f71,https://api.labless.dev/api/runs/run_sub_4e69b3db43
run_sub_b2dacf2915,2026-07-17T23:25:51.252329Z,c7-globalcrop-37f126,0.6484228246262169,unvalidated,RyanKim17920,Tuning / schedules; Data / augmentation,,run_sub_6c6c051f71,https://api.labless.dev/api/runs/run_sub_b2dacf2915
run_sub_6364f200b8,2026-07-17T23:30:36.685928Z,c7-intrinsic-592ca6,0.649114056668997,unvalidated,RyanKim17920,Tuning / schedules,,run_sub_6c6c051f71,https://api.labless.dev/api/runs/run_sub_6364f200b8
run_sub_832d35bf23,2026-07-17T23:30:50.398907Z,c7-sigreg-ort-074edb,0.6543774998082229,unvalidated,RyanKim17920,Objectives / losses,,run_sub_6c6c051f71,https://api.labless.dev/api/runs/run_sub_832d35bf23
run_sub_a2ea3b8091,2026-07-17T23:31:06.972096Z,c7-registers-15bc6e,0.6541780622125117,unvalidated,RyanKim17920,Architecture / backbone,,run_sub_6c6c051f71,https://api.labless.dev/api/runs/run_sub_a2ea3b8091
run_sub_22edb40e08,2026-07-17T23:40:01.425525Z,c7-optimizer-9a2ef4,0.585823171777364,unvalidated,RyanKim17920,Tuning / schedules,,run_sub_6c6c051f71,https://api.labless.dev/api/runs/run_sub_22edb40e08
run_sub_89ad2a55ff,2026-07-17T23:42:46.891096Z,c7-sigreg-low-85ccb7,0.6535476573659481,unvalidated,RyanKim17920,Tuning / schedules; Objectives / losses,,run_sub_6c6c051f71,https://api.labless.dev/api/runs/run_sub_89ad2a55ff
run_sub_5c65c15e13,2026-07-18T00:04:52.442818Z,c7-gradnorm-t-e6d016,0.6329890141452985,unvalidated,RyanKim17920,Objectives / losses,,run_sub_6c6c051f71,https://api.labless.dev/api/runs/run_sub_5c65c15e13
run_sub_f9f0812859,2026-07-18T01:01:06.958171Z,c7-schedule-g-0d484e,0.6510497391938248,unvalidated,RyanKim17920,Tuning / schedules,,run_sub_6c6c051f71,https://api.labless.dev/api/runs/run_sub_f9f0812859
run_sub_527c5cecaf,2026-07-18T01:07:00.960146Z,c7-sigreg-mas-18867d,0.647862085295065,unvalidated,RyanKim17920,Objectives / losses,,run_sub_6c6c051f71,https://api.labless.dev/api/runs/run_sub_527c5cecaf
run_sub_b9e7961d5f,2026-07-18T01:13:19.465512Z,c7-ademamix-w-1f483c,0.5559845292041602,unvalidated,RyanKim17920,Tuning / schedules,,run_sub_6c6c051f71,https://api.labless.dev/api/runs/run_sub_b9e7961d5f
run_sub_d2b05969f8,2026-07-18T01:54:48.475366Z,c7-sigreg-low-a3c8d6,0.6534202798756106,unvalidated,RyanKim17920,Tuning / schedules; Objectives / losses,,run_sub_6c6c051f71,https://api.labless.dev/api/runs/run_sub_d2b05969f8
run_sub_1961769cef,2026-07-18T02:00:26.870925Z,c7-gradnorm-t-4ea85c,0.6323288991580105,unvalidated,RyanKim17920,Objectives / losses,,run_sub_6c6c051f71,https://api.labless.dev/api/runs/run_sub_1961769cef
run_sub_4edda04171,2026-07-18T02:02:46.428515Z,c7-intrinsic-89bade,0.6489330001949759,unvalidated,RyanKim17920,Tuning / schedules,,run_sub_6c6c051f71,https://api.labless.dev/api/runs/run_sub_4edda04171
run_sub_8b19a52ca2,2026-07-18T03:49:29.438679Z,c7-gradnorm-t-b5a51a,0.6323367117520684,unvalidated,RyanKim17920,Objectives / losses,,run_sub_6c6c051f71,https://api.labless.dev/api/runs/run_sub_8b19a52ca2
run_sub_e2110e2aad,2026-07-18T05:24:33.448488Z,c7-globalscal-9664db,0.6509800554399608,unvalidated,RyanKim17920,Other / controls,,run_sub_6c6c051f71,https://api.labless.dev/api/runs/run_sub_e2110e2aad
run_sub_0e5f0341a0,2026-07-18T05:25:53.808453Z,c7-sigreg-low-cdddd3,0.6539826009505997,unvalidated,RyanKim17920,Objectives / losses,,run_sub_6c6c051f71,https://api.labless.dev/api/runs/run_sub_0e5f0341a0
run_sub_751a2f351d,2026-07-18T05:26:18.593191Z,c7-train-p-fa-1b004c,0.6537794933576851,unvalidated,RyanKim17920,Objectives / losses,,run_sub_6c6c051f71,https://api.labless.dev/api/runs/run_sub_751a2f351d
run_sub_a5cdb98a8f,2026-07-18T05:35:27.585953Z,c7-schedule-b-224bc2,0.6533176672626003,unvalidated,RyanKim17920,Tuning / schedules,,run_sub_6c6c051f71,https://api.labless.dev/api/runs/run_sub_a5cdb98a8f
run_sub_1c4167a997,2026-07-18T05:35:35.218951Z,c7-sigreg-ort-b7d31a,0.6523460086848862,unvalidated,RyanKim17920,Objectives / losses,,run_sub_6c6c051f71,https://api.labless.dev/api/runs/run_sub_1c4167a997
run_sub_dee20afabf,2026-07-18T05:40:39.413999Z,c7-p-intrinsi-da17de,0.6226291841158489,unvalidated,RyanKim17920,Objectives / losses,,run_sub_6c6c051f71,https://api.labless.dev/api/runs/run_sub_dee20afabf
run_sub_79109076b9,2026-07-18T06:51:44.865703Z,c7-schedule-b-26364f,0.6511965654831391,unvalidated,RyanKim17920,Tuning / schedules,,run_sub_6c6c051f71,https://api.labless.dev/api/runs/run_sub_79109076b9
run_sub_375838cf9d,2026-07-18T06:55:04.098177Z,c7-sigreg-mas-95bdb0,0.6527480672048038,unvalidated,RyanKim17920,Objectives / losses,,run_sub_6c6c051f71,https://api.labless.dev/api/runs/run_sub_375838cf9d
run_sub_05801a4099,2026-07-18T08:34:45.651497Z,c7-train-p-fa-804cf3,0.653512044966766,unvalidated,RyanKim17920,Objectives / losses,,run_sub_6c6c051f71,https://api.labless.dev/api/runs/run_sub_05801a4099
run_sub_d00dc8afbe,2026-07-18T08:35:54.354403Z,c7-train-p-sc-461572,0.6495300236705408,unvalidated,RyanKim17920,Tuning / schedules,,run_sub_6c6c051f71,https://api.labless.dev/api/runs/run_sub_d00dc8afbe
run_sub_0b1bf858ff,2026-07-18T08:38:07.774092Z,c7-fabank-cap-c0654e,0.6536342165401827,unvalidated,RyanKim17920,Other / controls,,run_sub_6c6c051f71,https://api.labless.dev/api/runs/run_sub_0b1bf858ff
run_sub_613d93656e,2026-07-18T08:47:58.725835Z,c7-pcgrad-blo-3b034d,0.6541465303492962,unvalidated,RyanKim17920,Objectives / losses,,run_sub_6c6c051f71,https://api.labless.dev/api/runs/run_sub_613d93656e
run_sub_d97ad7b676,2026-07-18T08:54:18.290571Z,c7-masking-si-d70f42,0.6512300141920356,unvalidated,RyanKim17920,Objectives / losses,,run_sub_6c6c051f71,https://api.labless.dev/api/runs/run_sub_d97ad7b676
run_sub_4eb642767b,2026-07-18T09:15:30.472859Z,c7-loss-capi-49c4d4,0.618647253542793,unvalidated,RyanKim17920,Objectives / losses,,run_sub_6c6c051f71,https://api.labless.dev/api/runs/run_sub_4eb642767b
run_sub_a9f0b098a0,2026-07-18T09:19:58.437327Z,c7-sigreg-ant-a60fe9,0.6523330410765187,unvalidated,RyanKim17920,Tuning / schedules; Objectives / losses,,run_sub_6c6c051f71,https://api.labless.dev/api/runs/run_sub_a9f0b098a0
run_sub_7d38a0e512,2026-07-18T10:06:50.530406Z,c7-schedule-c-e26f6d,0.593773896114528,unvalidated,RyanKim17920,Tuning / schedules,,run_sub_6c6c051f71,https://api.labless.dev/api/runs/run_sub_7d38a0e512
run_sub_4b326ae126,2026-07-18T10:10:19.616587Z,c7-l8-pcgrad-3480eb,0.652709878916938,unvalidated,RyanKim17920,Objectives / losses,,run_sub_6c6c051f71,https://api.labless.dev/api/runs/run_sub_4b326ae126
run_sub_18b71a4a2f,2026-07-18T10:43:02.255336Z,c7-sigreg-ant-ec59fa,0.6520386077649903,unvalidated,RyanKim17920,Tuning / schedules; Objectives / losses,,run_sub_6c6c051f71,https://api.labless.dev/api/runs/run_sub_18b71a4a2f
run_sub_6b0c335192,2026-07-18T11:30:29.622900Z,c7-capi-clust-81bcb5,0.6238194679176595,unvalidated,RyanKim17920,Objectives / losses,,run_sub_6c6c051f71,https://api.labless.dev/api/runs/run_sub_6b0c335192
run_sub_58fc462ee6,2026-07-18T11:31:34.341583Z,c7-l8-pcgrad-cf4a05,0.6534378808089393,unvalidated,RyanKim17920,Tuning / schedules; Objectives / losses,,run_sub_6c6c051f71,https://api.labless.dev/api/runs/run_sub_58fc462ee6
run_sub_81a8c10f0e,2026-07-18T12:03:25.664080Z,c7-sigreg-ant-ad93a7,0.6485200990951557,unvalidated,RyanKim17920,Tuning / schedules; Objectives / losses,,run_sub_6c6c051f71,https://api.labless.dev/api/runs/run_sub_81a8c10f0e
run_sub_4cdc270892,2026-07-18T13:22:50.299314Z,c7-train-p-fa-47f1ee,0.653423866047684,unvalidated,RyanKim17920,Objectives / losses,,run_sub_6c6c051f71,https://api.labless.dev/api/runs/run_sub_4cdc270892
run_sub_0e51358e48,2026-07-18T13:28:52.350745Z,c7-pcgrad-lay-29c828,0.6512335232851821,unvalidated,RyanKim17920,Objectives / losses,,run_sub_6c6c051f71,https://api.labless.dev/api/runs/run_sub_0e51358e48
run_sub_eaefb7a7d4,2026-07-18T14:56:50.329946Z,c7-l8-pcgrad-e34087,0.650508049274123,unvalidated,RyanKim17920,Tuning / schedules; Objectives / losses,,run_sub_6c6c051f71,https://api.labless.dev/api/runs/run_sub_eaefb7a7d4
run_sub_1f204662a7,2026-07-18T15:10:04.778413Z,c7-fa-proxy-r-c7b059,0.6532239338470448,unvalidated,RyanKim17920,Other / controls,,run_sub_6c6c051f71,https://api.labless.dev/api/runs/run_sub_1f204662a7
run_sub_3027a2c1f0,2026-07-18T16:27:13.486581Z,c7-train-p-fa-9c101d,0.6538629404345592,unvalidated,RyanKim17920,Other / controls,,run_sub_6c6c051f71,https://api.labless.dev/api/runs/run_sub_3027a2c1f0
run_sub_429e181a18,2026-07-18T18:03:15.606882Z,c7-fa-intrins-df19b4,0.6529254398470473,unvalidated,RyanKim17920,Other / controls,,run_sub_6c6c051f71,https://api.labless.dev/api/runs/run_sub_429e181a18
run_sub_887b984b12,2026-07-18T19:32:07.697519Z,c7-train-p-fa-d72e89,0.6544473653492917,unvalidated,RyanKim17920,Other / controls,,run_sub_6c6c051f71,https://api.labless.dev/api/runs/run_sub_887b984b12
run_sub_agent_2218928464296e5fc95bb9cb,2026-07-20T09:54:26.048767Z,Larger JEPA Blocks,0.644828,unvalidated,PaulScotti,Data / augmentation; Objectives / losses,,run_sub_6c6c051f71,https://api.labless.dev/api/runs/run_sub_agent_2218928464296e5fc95bb9cb
run_sub_f6c27887c7,2026-07-20T19:55:03.975576Z,lctx14-kde05-r3,0.6684073345983054,unvalidated,occamsrazor0102,Tuning / schedules; Objectives / losses; Molecular / text,run_sub_59d24d6b7b,run_sub_6c6c051f71,https://api.labless.dev/api/runs/run_sub_f6c27887c7
run_sub_agent_14688ddcf95c8b95506b5293,2026-07-21T01:33:23.774566Z,Seed 20260720,0.645478,unvalidated,PaulScotti,Tuning / schedules; Data / augmentation; Objectives / losses; Architecture / backbone,,run_sub_6c6c051f71,https://api.labless.dev/api/runs/run_sub_agent_14688ddcf95c8b95506b5293
run_sub_agent_36aca864d1ca2fe580cad9b0,2026-07-21T04:16:01.963683Z,14x128 Local Views,0.651123,unvalidated,PaulScotti,Tuning / schedules; Data / augmentation; Objectives / losses,,run_sub_6c6c051f71,https://api.labless.dev/api/runs/run_sub_agent_36aca864d1ca2fe580cad9b0
run_sub_1ef9bffd3b,2026-07-21T13:48:19.471200Z,c8-p-md-resul-9ec6e0,0.6546377921344082,unvalidated,RyanKim17920,Other / controls,,run_sub_6c6c051f71,https://api.labless.dev/api/runs/run_sub_1ef9bffd3b
run_sub_b1b1e300d1,2026-07-21T13:49:19.609728Z,c8-train-p-si-6f5c55,0.6533839893007931,unvalidated,RyanKim17920,Objectives / losses,,run_sub_6c6c051f71,https://api.labless.dev/api/runs/run_sub_b1b1e300d1
run_sub_5105c7204c,2026-07-21T14:26:00.885951Z,c8-md-local-c-3dc6f0,0.6559865068649668,unvalidated,RyanKim17920,Tuning / schedules; Data / augmentation,,run_sub_6c6c051f71,https://api.labless.dev/api/runs/run_sub_5105c7204c
run_sub_f90e0fa626,2026-07-21T14:33:40.564865Z,c8-dinov3-bas-e97dea,0.6531301270103016,unvalidated,RyanKim17920,Tuning / schedules; Objectives / losses; Architecture / backbone,,run_sub_6c6c051f71,https://api.labless.dev/api/runs/run_sub_f90e0fa626
run_sub_eaf298355d,2026-07-21T15:12:12.440062Z,c8-md-larger-b56f13,0.6574560335873388,unvalidated,RyanKim17920,Tuning / schedules; Data / augmentation,,run_sub_6c6c051f71,https://api.labless.dev/api/runs/run_sub_eaf298355d
run_sub_b75109c39d,2026-07-21T15:43:19.704138Z,c8-anticollap-4789c6,0.6492250415253006,unvalidated,RyanKim17920,Objectives / losses,,run_sub_6c6c051f71,https://api.labless.dev/api/runs/run_sub_b75109c39d
run_sub_7579074453,2026-07-21T15:44:39.957385Z,c8-anticollap-d326c8,0.6488342413810885,unvalidated,RyanKim17920,Objectives / losses,,run_sub_6c6c051f71,https://api.labless.dev/api/runs/run_sub_7579074453
run_sub_16c0a4070b,2026-07-21T15:45:48.658476Z,c8-asymmaug-g-407db6,0.6415781329737436,unvalidated,RyanKim17920,Other / controls,,run_sub_6c6c051f71,https://api.labless.dev/api/runs/run_sub_16c0a4070b
run_sub_030069e56b,2026-07-21T15:47:04.263486Z,c8-asymmaug-g-a59630,0.6516681571119306,unvalidated,RyanKim17920,Other / controls,,run_sub_6c6c051f71,https://api.labless.dev/api/runs/run_sub_030069e56b
run_sub_agent_219091dbaf3a8d768ded624a,2026-07-21T22:20:06.460452Z,Halved KDE Weight,0.645167,unvalidated,PaulScotti,Tuning / schedules; Data / augmentation; Objectives / losses,,run_sub_6c6c051f71,https://api.labless.dev/api/runs/run_sub_agent_219091dbaf3a8d768ded624a
run_sub_b54e4bd071,2026-07-22T04:36:03.991138Z,pathgen-672,0.6354870760288932,unvalidated,ciaobladoo,Data / augmentation,,run_sub_6c6c051f71,https://api.labless.dev/api/runs/run_sub_b54e4bd071
run_sub_04a2cd9624,2026-07-22T14:30:37.559226Z,c8-train-p-av-1b3fe9,0.6521637714383288,unvalidated,RyanKim17920,Tuning / schedules,,run_sub_6c6c051f71,https://api.labless.dev/api/runs/run_sub_04a2cd9624
run_sub_ac5a13e986,2026-07-22T14:32:05.983165Z,c8-train-p-wi-4863ab,0.6528960810049098,unvalidated,RyanKim17920,Tuning / schedules,,run_sub_6c6c051f71,https://api.labless.dev/api/runs/run_sub_ac5a13e986
run_sub_d59c2260d7,2026-07-22T14:32:12.181944Z,c8-train-p-av-b33051,0.6497540910094683,unvalidated,RyanKim17920,Objectives / losses,,run_sub_6c6c051f71,https://api.labless.dev/api/runs/run_sub_d59c2260d7
run_sub_4cc0fc67f0,2026-07-22T14:35:52.607058Z,c8-train-p-la-f28406,0.6538538017565793,unvalidated,RyanKim17920,Other / controls,,run_sub_6c6c051f71,https://api.labless.dev/api/runs/run_sub_4cc0fc67f0
run_sub_ac25073ff5,2026-07-22T15:56:38.741669Z,c8-train-p-av-4eb01e,0.6553533735850212,unvalidated,RyanKim17920,Tuning / schedules,,run_sub_6c6c051f71,https://api.labless.dev/api/runs/run_sub_ac25073ff5
run_sub_2b0e61cab2,2026-07-22T16:23:11.605601Z,c8-sigreg-rep-b95311,0.6472479402844478,unvalidated,RyanKim17920,Tuning / schedules; Objectives / losses,,run_sub_6c6c051f71,https://api.labless.dev/api/runs/run_sub_2b0e61cab2
run_sub_1e04767480,2026-07-22T16:32:39.300635Z,c8-sigreg-lat-d3b841,0.6484165558676412,unvalidated,RyanKim17920,Objectives / losses,,run_sub_6c6c051f71,https://api.labless.dev/api/runs/run_sub_1e04767480
run_sub_63d254bfb3,2026-07-22T18:16:32.810778Z,c8-sigreg-rep-85f0b4,0.6447809921171379,unvalidated,RyanKim17920,Tuning / schedules; Objectives / losses,,run_sub_6c6c051f71,https://api.labless.dev/api/runs/run_sub_63d254bfb3
run_sub_4fe6034171,2026-07-22T20:58:23.694263Z,c8-train-p-ge-64f456,0.5936470523180403,unvalidated,RyanKim17920,Other / controls,,run_sub_6c6c051f71,https://api.labless.dev/api/runs/run_sub_4fe6034171
run_sub_3b22c5ab21,2026-07-22T22:30:05.996358Z,c8-train-p-c6-82f442,0.6520914238244753,unvalidated,RyanKim17920,Tuning / schedules,,run_sub_6c6c051f71,https://api.labless.dev/api/runs/run_sub_3b22c5ab21
run_sub_868135e9ae,2026-07-23T14:53:33.248084Z,c8-anticollap-4e9283,0.6530137153969301,unvalidated,RyanKim17920,Tuning / schedules; Objectives / losses,,run_sub_6c6c051f71,https://api.labless.dev/api/runs/run_sub_868135e9ae
run_sub_8f4b10d417,2026-07-23T16:32:01.581113Z,c8-train-p-lo-03f0f6,0.6497932633768033,unvalidated,RyanKim17920,Tuning / schedules; Data / augmentation,,run_sub_6c6c051f71,https://api.labless.dev/api/runs/run_sub_8f4b10d417
run_sub_8cadb6e90c,2026-07-23T16:39:47.651949Z,c8-localcrop-c8d7fc,0.6459246257930309,unvalidated,RyanKim17920,Tuning / schedules; Data / augmentation,,run_sub_6c6c051f71,https://api.labless.dev/api/runs/run_sub_8cadb6e90c
run_sub_24b64a173b,2026-07-23T18:33:53.520718Z,c8-train-p-lo-513167,0.6435928686228573,unvalidated,RyanKim17920,Tuning / schedules; Data / augmentation,,run_sub_6c6c051f71,https://api.labless.dev/api/runs/run_sub_24b64a173b
run_sub_48374386e7,2026-07-23T18:44:36.092883Z,c8-train-p-c8-8bd5be,0.6544005671424149,unvalidated,RyanKim17920,Tuning / schedules; Data / augmentation,,run_sub_6c6c051f71,https://api.labless.dev/api/runs/run_sub_48374386e7
run_sub_739c71f5a6,2026-07-23T23:41:22.251347Z,c8-train-p-c8-764c73,0.6476048725599162,unvalidated,RyanKim17920,Tuning / schedules; Data / augmentation,,run_sub_6c6c051f71,https://api.labless.dev/api/runs/run_sub_739c71f5a6
run_sub_e77501d0dd,2026-07-23T23:46:15.809881Z,c8-train-p-kd-70c7a8,0.6534431087883017,unvalidated,RyanKim17920,Tuning / schedules,,run_sub_6c6c051f71,https://api.labless.dev/api/runs/run_sub_e77501d0dd
run_sub_a80b532bdc,2026-07-24T01:09:21.566946Z,lctx14-kde05-s7375,0.6579872998245659,validated,occamsrazor0102,Tuning / schedules; Readout / post-train,run_sub_f6c27887c7,run_sub_6c6c051f71,https://api.labless.dev/api/runs/run_sub_a80b532bdc
run_sub_49014f2769,2026-07-24T01:52:34.118910Z,c8-anticollap-7feaf9,0.6477171515048665,unvalidated,RyanKim17920,Tuning / schedules; Objectives / losses,,run_sub_6c6c051f71,https://api.labless.dev/api/runs/run_sub_49014f2769
run_sub_07405dbb4b,2026-07-24T02:01:39.091052Z,c8-train-p-lo-d59a52,0.6536124270694624,unvalidated,RyanKim17920,Tuning / schedules; Data / augmentation,,run_sub_6c6c051f71,https://api.labless.dev/api/runs/run_sub_07405dbb4b
run_sub_agent_cf5578b0089e2eaac2cb50a0,2026-07-27T04:40:46.234459Z,Hardest-half mining,0.656906,unvalidated,PaulScotti,Tuning / schedules; Objectives / losses; Molecular / text,,run_sub_6c6c051f71,https://api.labless.dev/api/runs/run_sub_agent_cf5578b0089e2eaac2cb50a0
run_sub_agent_e736b016c7387af3aa9ae51b,2026-07-27T10:23:29.623369Z,Hardest-tile mining,0.652208,unvalidated,PaulScotti,Data / augmentation; Objectives / losses; Molecular / text,,run_sub_6c6c051f71,https://api.labless.dev/api/runs/run_sub_agent_e736b016c7387af3aa9ae51b
run_sub_7744a677de,2026-08-04T13:59:55.241211Z,bsc-s12-repl,0.6572384108064415,unvalidated,PaulScotti,Other / controls,run_sub_59d24d6b7b,run_sub_6c6c051f71,https://api.labless.dev/api/runs/run_sub_7744a677de
run_sub_caa18c644b,2026-08-04T19:21:03.254063Z,bscsc_xattn_wd_vis8,0.6398190038656145,unvalidated,rbiju,Tuning / schedules; Objectives / losses; Architecture / backbone,,run_sub_6c6c051f71,https://api.labless.dev/api/runs/run_sub_caa18c644b
run_sub_4214117aa1,2026-08-05T15:31:55.283926Z,cls_spec_bsc,0.6601116584292918,unvalidated,rbiju,Tuning / schedules; Architecture / backbone,,run_sub_6c6c051f71,https://api.labless.dev/api/runs/run_sub_4214117aa1
run_sub_c3501b60de,2026-08-05T23:41:03.500670Z,cls_spec_bsc_e6,0.66072976116813,unvalidated,rbiju,Architecture / backbone,,run_sub_6c6c051f71,https://api.labless.dev/api/runs/run_sub_c3501b60de
run_sub_f14b780731,2026-08-09T04:03:29.195581Z,labless-proof-c9,0.6522681909882577,unvalidated,RyanKim17920,Other / controls,,run_sub_6c6c051f71,https://api.labless.dev/api/runs/run_sub_f14b780731
run_sub_5982ab1e7d,2026-08-09T04:37:57.937630Z,c8-localcrop-3c3941,0.6587020214689948,unvalidated,RyanKim17920,Tuning / schedules; Data / augmentation,,run_sub_6c6c051f71,https://api.labless.dev/api/runs/run_sub_5982ab1e7d
run_sub_cb562a6514,2026-08-09T04:41:45.573485Z,c8-p-av-jepa-f39afc,0.6551137571184443,unvalidated,RyanKim17920,Objectives / losses,,run_sub_6c6c051f71,https://api.labless.dev/api/runs/run_sub_cb562a6514
run_sub_8407916564,2026-08-09T04:42:52.933279Z,c8-train-p-ca-cd03c3,0.6550561448234782,unvalidated,RyanKim17920,Objectives / losses,,run_sub_6c6c051f71,https://api.labless.dev/api/runs/run_sub_8407916564
run_sub_a5b7e54d32,2026-08-09T04:44:05.026012Z,c8-capi-ibot-03235e,0.6549052804200088,unvalidated,RyanKim17920,Objectives / losses,,run_sub_6c6c051f71,https://api.labless.dev/api/runs/run_sub_a5b7e54d32
run_sub_2c3e700809,2026-08-09T04:45:12.488933Z,c8-train-p-av-1cbcb8,0.654794432832958,unvalidated,RyanKim17920,Other / controls,,run_sub_6c6c051f71,https://api.labless.dev/api/runs/run_sub_2c3e700809
run_sub_df7b66f159,2026-08-09T04:46:28.872132Z,c8-mdminer-ib-88833d,0.6547728522009181,unvalidated,RyanKim17920,Other / controls,,run_sub_6c6c051f71,https://api.labless.dev/api/runs/run_sub_df7b66f159
run_sub_82058eea06,2026-08-09T04:47:42.286567Z,c8-jepa-maske-c92e07,0.6546788843833081,unvalidated,RyanKim17920,Objectives / losses,,run_sub_6c6c051f71,https://api.labless.dev/api/runs/run_sub_82058eea06
run_sub_dfded8b233,2026-08-09T04:48:52.224340Z,c8-train-p-md-db3a14,0.6546542156966737,unvalidated,RyanKim17920,Other / controls,,run_sub_6c6c051f71,https://api.labless.dev/api/runs/run_sub_dfded8b233
run_sub_3d2fc68b1f,2026-08-09T06:46:16.794525Z,c10-reseed-an-c7cc1e,0.648729437989515,unvalidated,RyanKim17920,Tuning / schedules,,run_sub_6c6c051f71,https://api.labless.dev/api/runs/run_sub_3d2fc68b1f
run_sub_ed8b84c8d4,2026-08-09T07:14:42.403734Z,c10-base-550499,0.6504461383702934,unvalidated,RyanKim17920,Tuning / schedules,,run_sub_6c6c051f71,https://api.labless.dev/api/runs/run_sub_ed8b84c8d4
run_sub_0b97b4d2a9,2026-08-09T15:42:08.492657Z,c8-capi-ibot-dbe633,0.6545635006623403,unvalidated,RyanKim17920,Objectives / losses,,run_sub_6c6c051f71,https://api.labless.dev/api/runs/run_sub_0b97b4d2a9
run_sub_a53ec5934d,2026-08-09T15:43:03.995049Z,c8-train-p-c6-c10798,0.6545603680823887,unvalidated,RyanKim17920,Tuning / schedules,,run_sub_6c6c051f71,https://api.labless.dev/api/runs/run_sub_a53ec5934d
run_sub_148869fecd,2026-08-09T15:44:12.979895Z,c8-localcrop-ebf6e6,0.6542980460294755,unvalidated,RyanKim17920,Tuning / schedules; Data / augmentation,,run_sub_6c6c051f71,https://api.labless.dev/api/runs/run_sub_148869fecd
run_sub_ecc8069f85,2026-08-09T15:45:21.385512Z,c8-train-p-au-ad9894,0.654286894863844,unvalidated,RyanKim17920,Other / controls,,run_sub_6c6c051f71,https://api.labless.dev/api/runs/run_sub_ecc8069f85
run_sub_2b9329a968,2026-08-09T15:46:15.379580Z,c8-anticollap-28d568,0.6542838727259459,unvalidated,RyanKim17920,Objectives / losses,,run_sub_6c6c051f71,https://api.labless.dev/api/runs/run_sub_2b9329a968
run_sub_8fda484a9d,2026-08-09T15:47:15.560417Z,c8-lawa-late-ema-t2,0.6542518034226296,unvalidated,RyanKim17920,Other / controls,,run_sub_6c6c051f71,https://api.labless.dev/api/runs/run_sub_8fda484a9d
run_sub_9c572666d5,2026-08-09T15:48:22.272909Z,c8-lawa-tail-172a10,0.6542430234444223,unvalidated,RyanKim17920,Other / controls,,run_sub_6c6c051f71,https://api.labless.dev/api/runs/run_sub_9c572666d5
run_sub_fe01274e44,2026-08-09T15:49:32.992624Z,c8-train-p-re-090674,0.6540523301412418,unvalidated,RyanKim17920,Architecture / backbone,,run_sub_6c6c051f71,https://api.labless.dev/api/runs/run_sub_fe01274e44
run_sub_22648bce02,2026-08-09T15:50:54.334924Z,c8-train-p-lo-6c568c,0.6540238118018198,unvalidated,RyanKim17920,Data / augmentation,,run_sub_6c6c051f71,https://api.labless.dev/api/runs/run_sub_22648bce02
run_sub_e3786b5fdf,2026-08-09T15:52:13.717640Z,c8-p-dinov3-a-5d13a0,0.6539461242812219,unvalidated,RyanKim17920,Architecture / backbone,,run_sub_6c6c051f71,https://api.labless.dev/api/runs/run_sub_e3786b5fdf
run_sub_842ec2ab62,2026-08-09T15:53:22.793024Z,c8-train-p-av-1ec11b,0.6538844345620897,unvalidated,RyanKim17920,Tuning / schedules,,run_sub_6c6c051f71,https://api.labless.dev/api/runs/run_sub_842ec2ab62
run_sub_dbae3e3cc8,2026-08-09T15:54:32.364250Z,c8-sizemix-co-ac106c,0.6538685360569214,unvalidated,RyanKim17920,Data / augmentation,,run_sub_6c6c051f71,https://api.labless.dev/api/runs/run_sub_dbae3e3cc8
run_sub_e2ea611532,2026-08-09T15:57:19.077427Z,c8-train-p-c6-4deb30,0.6538066011269997,unvalidated,RyanKim17920,Tuning / schedules,,run_sub_6c6c051f71,https://api.labless.dev/api/runs/run_sub_e2ea611532
run_sub_f25db7deb9,2026-08-09T15:58:33.325244Z,c8-train-p-si-67f3b7,0.6536281013030896,unvalidated,RyanKim17920,Data / augmentation,,run_sub_6c6c051f71,https://api.labless.dev/api/runs/run_sub_f25db7deb9
run_sub_49ac2ac2c4,2026-08-09T15:59:54.552264Z,c8-train-p-si-8ac9d2,0.6535932974725464,unvalidated,RyanKim17920,Tuning / schedules; Objectives / losses,,run_sub_6c6c051f71,https://api.labless.dev/api/runs/run_sub_49ac2ac2c4
run_sub_0a010124f9,2026-08-09T16:01:16.283005Z,c8-lawa-ema-tail-t5,0.6535479718487883,unvalidated,RyanKim17920,Other / controls,,run_sub_6c6c051f71,https://api.labless.dev/api/runs/run_sub_0a010124f9
run_sub_9a4cf57441,2026-08-09T16:02:23.041269Z,c8-train-p-av-54f792,0.6535132498204693,unvalidated,RyanKim17920,Data / augmentation,,run_sub_6c6c051f71,https://api.labless.dev/api/runs/run_sub_9a4cf57441
run_sub_c2528926c3,2026-08-09T16:03:53.246903Z,c8-anti-colla-943a42,0.6534644782564167,unvalidated,RyanKim17920,Objectives / losses,,run_sub_6c6c051f71,https://api.labless.dev/api/runs/run_sub_c2528926c3
run_sub_126f9ba2bd,2026-08-09T16:06:58.206020Z,c8-p-lawa-avg-58b991,0.65338013250769,unvalidated,RyanKim17920,Other / controls,,run_sub_6c6c051f71,https://api.labless.dev/api/runs/run_sub_126f9ba2bd
run_sub_e14143bf5f,2026-08-09T16:08:22.371776Z,c8-localcrop-bf0e5f,0.6533427996586445,unvalidated,RyanKim17920,Tuning / schedules; Data / augmentation,,run_sub_6c6c051f71,https://api.labless.dev/api/runs/run_sub_e14143bf5f
run_sub_1db565f69a,2026-08-09T16:09:25.799107Z,c8-train-p-si-ba7d52,0.6532720298772636,unvalidated,RyanKim17920,Tuning / schedules; Objectives / losses,,run_sub_6c6c051f71,https://api.labless.dev/api/runs/run_sub_1db565f69a
run_sub_19b50d9800,2026-08-09T16:10:37.981579Z,c8-md-larger-a27c57,0.6532232994254307,unvalidated,RyanKim17920,Tuning / schedules; Data / augmentation,,run_sub_6c6c051f71,https://api.labless.dev/api/runs/run_sub_19b50d9800
run_sub_3896d2c5df,2026-08-09T16:11:55.024338Z,c8-lawa-slow-ema-t3,0.6532107633749816,unvalidated,RyanKim17920,Other / controls,,run_sub_6c6c051f71,https://api.labless.dev/api/runs/run_sub_3896d2c5df
run_sub_a6a0ed0e35,2026-08-09T16:13:14.991851Z,c8-schedule-l-bff30e,0.6531927089606202,unvalidated,RyanKim17920,Tuning / schedules; Data / augmentation,,run_sub_6c6c051f71,https://api.labless.dev/api/runs/run_sub_a6a0ed0e35
run_sub_ef3f9e9508,2026-08-09T16:15:13.505898Z,c8-train-p-la-f70cb3,0.6531845915367169,unvalidated,RyanKim17920,Other / controls,,run_sub_6c6c051f71,https://api.labless.dev/api/runs/run_sub_ef3f9e9508
run_sub_6047efb2c8,2026-08-09T16:16:26.099516Z,c8-train-p-ge-c52cfd,0.6531755136007363,unvalidated,RyanKim17920,Other / controls,,run_sub_6c6c051f71,https://api.labless.dev/api/runs/run_sub_6047efb2c8
run_sub_bb4b3d0772,2026-08-09T16:18:02.621423Z,c8-train-teac-3726ee,0.6531451285290573,unvalidated,RyanKim17920,Other / controls,,run_sub_6c6c051f71,https://api.labless.dev/api/runs/run_sub_bb4b3d0772
run_sub_395b6959a7,2026-08-09T16:19:21.607066Z,c8-train-p-av-cf7720,0.6531299430949583,unvalidated,RyanKim17920,Tuning / schedules,,run_sub_6c6c051f71,https://api.labless.dev/api/runs/run_sub_395b6959a7
run_sub_e5cf66a997,2026-08-09T16:20:36.197393Z,c8-p-av-confi-b7de40,0.6530954732335226,unvalidated,RyanKim17920,Tuning / schedules; Objectives / losses,,run_sub_6c6c051f71,https://api.labless.dev/api/runs/run_sub_e5cf66a997
run_sub_38c962ce7d,2026-08-09T16:21:43.905230Z,c8-p-anticoll-99f3b7,0.6530300628887049,unvalidated,RyanKim17920,Objectives / losses,,run_sub_6c6c051f71,https://api.labless.dev/api/runs/run_sub_38c962ce7d
run_sub_123d80adae,2026-08-09T16:22:52.112756Z,c8-train-p-si-cb0c05,0.6530183563263777,unvalidated,RyanKim17920,Objectives / losses,,run_sub_6c6c051f71,https://api.labless.dev/api/runs/run_sub_123d80adae
run_sub_3b06712d12,2026-08-09T16:23:51.078793Z,c8-data-hed-j-702f50,0.6529902083905981,unvalidated,RyanKim17920,Tuning / schedules; Data / augmentation,,run_sub_6c6c051f71,https://api.labless.dev/api/runs/run_sub_3b06712d12
run_sub_163a3f9970,2026-08-09T16:25:52.386800Z,c8-md-ideator-be8904,0.6528663176222643,unvalidated,RyanKim17920,Tuning / schedules,,run_sub_6c6c051f71,https://api.labless.dev/api/runs/run_sub_163a3f9970
run_sub_2174a6bbe3,2026-08-09T16:26:49.745211Z,c8-train-p-in-04ca07,0.6527577611757899,unvalidated,RyanKim17920,Other / controls,,run_sub_6c6c051f71,https://api.labless.dev/api/runs/run_sub_2174a6bbe3
run_sub_28c307801a,2026-08-09T16:27:51.591158Z,c8-train-p-c6-c33cf9,0.6527438826358458,unvalidated,RyanKim17920,Tuning / schedules,,run_sub_6c6c051f71,https://api.labless.dev/api/runs/run_sub_28c307801a
run_sub_83999f3ff9,2026-08-09T16:28:48.912575Z,c8-train-p-wa-663406,0.6527074373059538,unvalidated,RyanKim17920,Tuning / schedules,,run_sub_6c6c051f71,https://api.labless.dev/api/runs/run_sub_83999f3ff9
run_sub_6c02ee14e3,2026-08-09T16:29:45.397368Z,c8-train-p-av-006b23,0.6525347476089155,unvalidated,RyanKim17920,Objectives / losses,,run_sub_6c6c051f71,https://api.labless.dev/api/runs/run_sub_6c02ee14e3
run_sub_bdcb75c80f,2026-08-09T16:30:45.712041Z,c8-train-p-av-da25e0,0.6525255705502404,unvalidated,RyanKim17920,Tuning / schedules,,run_sub_6c6c051f71,https://api.labless.dev/api/runs/run_sub_bdcb75c80f
run_sub_82abd719bb,2026-08-09T16:31:50.584461Z,c8-train-p-wa-940e14,0.6525006894941809,unvalidated,RyanKim17920,Tuning / schedules,,run_sub_6c6c051f71,https://api.labless.dev/api/runs/run_sub_82abd719bb
run_sub_cd91f383a2,2026-08-09T16:32:48.966383Z,c8-train-teac-9431d8,0.6524576935718149,unvalidated,RyanKim17920,Other / controls,,run_sub_6c6c051f71,https://api.labless.dev/api/runs/run_sub_cd91f383a2
run_sub_799408b4f8,2026-08-09T16:33:44.870170Z,c8-dinov3-ibo-ad6e5d,0.652446363046035,unvalidated,RyanKim17920,Tuning / schedules; Objectives / losses; Architecture / backbone,,run_sub_6c6c051f71,https://api.labless.dev/api/runs/run_sub_799408b4f8
run_sub_52ec80ae5a,2026-08-09T16:34:44.237583Z,c8-anticollap-b919f2,0.6524460808243425,unvalidated,RyanKim17920,Objectives / losses,,run_sub_6c6c051f71,https://api.labless.dev/api/runs/run_sub_52ec80ae5a
run_sub_13e6b6a5af,2026-08-09T16:35:40.384381Z,c8-train-p-si-fc81bb,0.6524169807431859,unvalidated,RyanKim17920,Objectives / losses,,run_sub_6c6c051f71,https://api.labless.dev/api/runs/run_sub_13e6b6a5af
run_sub_c044d220cd,2026-08-09T16:36:35.973417Z,c8-train-p-c6-a42958,0.6523857564704741,unvalidated,RyanKim17920,Architecture / backbone,,run_sub_6c6c051f71,https://api.labless.dev/api/runs/run_sub_c044d220cd
run_sub_397a02e5db,2026-08-09T16:37:32.393261Z,c8-train-p-la-babd2a,0.6523518984491024,unvalidated,RyanKim17920,Other / controls,,run_sub_6c6c051f71,https://api.labless.dev/api/runs/run_sub_397a02e5db
run_sub_783e04375b,2026-08-09T16:38:33.273631Z,c8-localcrop-aaa445,0.6523256905048629,unvalidated,RyanKim17920,Tuning / schedules; Data / augmentation,,run_sub_6c6c051f71,https://api.labless.dev/api/runs/run_sub_783e04375b
run_sub_cfd6d0f2d2,2026-08-09T16:39:29.523272Z,c8-md-multi-s-5cd608,0.6522637495424823,unvalidated,RyanKim17920,Data / augmentation,,run_sub_6c6c051f71,https://api.labless.dev/api/runs/run_sub_cfd6d0f2d2
run_sub_0de2bb3ed9,2026-08-09T16:40:33.030199Z,c8-geoaug-ect-46395e,0.6522176988487993,unvalidated,RyanKim17920,Other / controls,,run_sub_6c6c051f71,https://api.labless.dev/api/runs/run_sub_0de2bb3ed9
run_sub_57699018eb,2026-08-09T16:43:36.852434Z,c8-train-p-wa-3f35ab,0.6519664335038573,unvalidated,RyanKim17920,Tuning / schedules,,run_sub_6c6c051f71,https://api.labless.dev/api/runs/run_sub_57699018eb
run_sub_e335facf6e,2026-08-09T16:44:39.747925Z,c8-p-av-crop-68cf80,0.6517019400909567,unvalidated,RyanKim17920,Tuning / schedules,,run_sub_6c6c051f71,https://api.labless.dev/api/runs/run_sub_e335facf6e
run_sub_41936c5599,2026-08-09T16:45:47.456267Z,c8-md-larger-246bd6,0.651621847881412,unvalidated,RyanKim17920,Tuning / schedules; Data / augmentation,,run_sub_6c6c051f71,https://api.labless.dev/api/runs/run_sub_41936c5599
run_sub_f5172c0c2d,2026-08-09T16:46:51.393469Z,c8-train-p-si-b4c971,0.6514702876997348,unvalidated,RyanKim17920,Objectives / losses,,run_sub_6c6c051f71,https://api.labless.dev/api/runs/run_sub_f5172c0c2d
run_sub_973140e1a1,2026-08-09T16:47:52.402055Z,c8-train-p-lr-a9a28e,0.651458977591865,unvalidated,RyanKim17920,Tuning / schedules,,run_sub_6c6c051f71,https://api.labless.dev/api/runs/run_sub_973140e1a1
run_sub_18952d9127,2026-08-09T16:48:58.560388Z,c8-train-p-ge-b757ef,0.6514169839370183,unvalidated,RyanKim17920,Other / controls,,run_sub_6c6c051f71,https://api.labless.dev/api/runs/run_sub_18952d9127
run_sub_87fb6cf54e,2026-08-09T16:49:59.505769Z,c8-jepa-maske-574303,0.6513754610547537,unvalidated,RyanKim17920,Objectives / losses,,run_sub_6c6c051f71,https://api.labless.dev/api/runs/run_sub_87fb6cf54e
run_sub_0eeb409444,2026-08-09T16:50:55.326024Z,c8-anticollap-2f40be,0.6513134583061454,unvalidated,RyanKim17920,Objectives / losses,,run_sub_6c6c051f71,https://api.labless.dev/api/runs/run_sub_0eeb409444
run_sub_934ef2ad9a,2026-08-09T16:51:59.963933Z,c8-localcrop-4a0311,0.6507620433587993,unvalidated,RyanKim17920,Tuning / schedules; Data / augmentation,,run_sub_6c6c051f71,https://api.labless.dev/api/runs/run_sub_934ef2ad9a
run_sub_12ac153087,2026-08-09T16:53:03.883514Z,c8-capi-ibot-37233f,0.6506451724346263,unvalidated,RyanKim17920,Objectives / losses,,run_sub_6c6c051f71,https://api.labless.dev/api/runs/run_sub_12ac153087
run_sub_a84a408977,2026-08-09T16:54:03.861452Z,c8-avoid-anti-72c4a7,0.6505639323838359,unvalidated,RyanKim17920,Objectives / losses,,run_sub_6c6c051f71,https://api.labless.dev/api/runs/run_sub_a84a408977
run_sub_f00e3c3a8c,2026-08-09T16:55:04.251445Z,c8-md-multi-s-ee7e90,0.6503923282710178,unvalidated,RyanKim17920,Other / controls,,run_sub_6c6c051f71,https://api.labless.dev/api/runs/run_sub_f00e3c3a8c
run_sub_bcbc73a29e,2026-08-09T16:56:06.835752Z,c8-md-larger-8b1c35,0.6501829182087429,unvalidated,RyanKim17920,Tuning / schedules; Data / augmentation,,run_sub_6c6c051f71,https://api.labless.dev/api/runs/run_sub_bcbc73a29e
run_sub_b454055dcb,2026-08-09T16:57:02.879682Z,c8-capi-ibot-6d3aa1,0.6497560137989639,unvalidated,RyanKim17920,Objectives / losses,,run_sub_6c6c051f71,https://api.labless.dev/api/runs/run_sub_b454055dcb
run_sub_6edc671991,2026-08-09T16:59:00.703542Z,c8-train-p-im-16e0e4,0.64894391019478,unvalidated,RyanKim17920,Other / controls,,run_sub_6c6c051f71,https://api.labless.dev/api/runs/run_sub_6edc671991
run_sub_8e53c1b045,2026-08-09T17:00:00.761176Z,c8-localcrop-b706db,0.6489401495019479,unvalidated,RyanKim17920,Tuning / schedules; Data / augmentation,,run_sub_6c6c051f71,https://api.labless.dev/api/runs/run_sub_8e53c1b045
run_sub_76e5d7692d,2026-08-09T17:00:59.395175Z,c8-pcgrad-dee-c8e0c2,0.6485632123112982,unvalidated,RyanKim17920,Objectives / losses,,run_sub_6c6c051f71,https://api.labless.dev/api/runs/run_sub_76e5d7692d
run_sub_35c4e2c984,2026-08-09T17:04:01.106393Z,c8-avoid-anti-943ee4,0.6483111977343414,unvalidated,RyanKim17920,Tuning / schedules; Objectives / losses,,run_sub_6c6c051f71,https://api.labless.dev/api/runs/run_sub_35c4e2c984
run_sub_a396f5850a,2026-08-09T17:04:58.886023Z,c8-train-p-re-434620,0.6481761732311236,unvalidated,RyanKim17920,Architecture / backbone,,run_sub_6c6c051f71,https://api.labless.dev/api/runs/run_sub_a396f5850a
run_sub_0a8ad9026d,2026-08-09T17:06:00.572604Z,c8-train-p-cr-88331d,0.6477565158182236,unvalidated,RyanKim17920,Tuning / schedules,,run_sub_6c6c051f71,https://api.labless.dev/api/runs/run_sub_0a8ad9026d
run_sub_4d31b42b9e,2026-08-09T17:06:55.960162Z,c8-train-p-im-1d9941,0.6474501687864764,unvalidated,RyanKim17920,Other / controls,,run_sub_6c6c051f71,https://api.labless.dev/api/runs/run_sub_4d31b42b9e
run_sub_c3fdca5df3,2026-08-09T17:07:52.876057Z,c8-md-larger-516712,0.6474491333973402,unvalidated,RyanKim17920,Tuning / schedules; Data / augmentation,,run_sub_6c6c051f71,https://api.labless.dev/api/runs/run_sub_c3fdca5df3
run_sub_7667c73905,2026-08-09T17:08:54.180167Z,c8-train-p-im-61e448,0.6473749751206692,unvalidated,RyanKim17920,Other / controls,,run_sub_6c6c051f71,https://api.labless.dev/api/runs/run_sub_7667c73905
run_sub_f493994a14,2026-08-09T17:09:52.522403Z,c8-p-av-balan-06d5e1,0.6472643500764412,unvalidated,RyanKim17920,Tuning / schedules,,run_sub_6c6c051f71,https://api.labless.dev/api/runs/run_sub_f493994a14
run_sub_db01c891ca,2026-08-09T17:11:55.989055Z,c8-mscrop-mix-d406db,0.6471947772801182,unvalidated,RyanKim17920,Other / controls,,run_sub_6c6c051f71,https://api.labless.dev/api/runs/run_sub_db01c891ca
run_sub_486f1e8405,2026-08-09T17:13:35.319475Z,c8-sigreg-rep-c8aaa7,0.6469285144667855,unvalidated,RyanKim17920,Tuning / schedules; Objectives / losses,,run_sub_6c6c051f71,https://api.labless.dev/api/runs/run_sub_486f1e8405
run_sub_b45628da3e,2026-08-09T17:14:31.037069Z,c8-train-p-av-af9d7c,0.6463706309708953,unvalidated,RyanKim17920,Tuning / schedules,,run_sub_6c6c051f71,https://api.labless.dev/api/runs/run_sub_b45628da3e
run_sub_3c85cfd3f4,2026-08-09T17:15:31.986566Z,c8-capi-ibot-f2be46,0.6460927359757878,unvalidated,RyanKim17920,Tuning / schedules; Objectives / losses,,run_sub_6c6c051f71,https://api.labless.dev/api/runs/run_sub_3c85cfd3f4
run_sub_eb854fc8de,2026-08-09T17:16:36.514739Z,c8-sigreg-rep-125dac,0.6457858867024598,unvalidated,RyanKim17920,Tuning / schedules; Objectives / losses,,run_sub_6c6c051f71,https://api.labless.dev/api/runs/run_sub_eb854fc8de
run_sub_2ea2d57a22,2026-08-09T17:17:32.243360Z,c8-sigreg-rep-fc91f0,0.6457629968473755,unvalidated,RyanKim17920,Tuning / schedules; Objectives / losses,,run_sub_6c6c051f71,https://api.labless.dev/api/runs/run_sub_2ea2d57a22
run_sub_363b213215,2026-08-09T17:18:37.375966Z,c8-stain-jitt-cf9fce,0.6455833128062961,unvalidated,RyanKim17920,Tuning / schedules; Data / augmentation,,run_sub_6c6c051f71,https://api.labless.dev/api/runs/run_sub_363b213215
run_sub_81960566bc,2026-08-09T17:19:40.347735Z,c8-aug-staina-0d9d3a,0.6449428204952841,unvalidated,RyanKim17920,Tuning / schedules; Data / augmentation,,run_sub_6c6c051f71,https://api.labless.dev/api/runs/run_sub_81960566bc
run_sub_63e391c37c,2026-08-09T17:21:00.552999Z,c10-md-local-089dfe,0.6531686983604783,unvalidated,RyanKim17920,Tuning / schedules; Data / augmentation,,run_sub_6c6c051f71,https://api.labless.dev/api/runs/run_sub_63e391c37c
run_sub_2d4ce9b793,2026-08-09T17:22:06.035516Z,c10-p-av-bala-1b2472,0.6543651094713088,unvalidated,RyanKim17920,Other / controls,,run_sub_6c6c051f71,https://api.labless.dev/api/runs/run_sub_2d4ce9b793
run_sub_bbf7189bce,2026-08-09T17:22:41.293404Z,c8-train-p-ba-71834a,0.64419284503427,unvalidated,RyanKim17920,Tuning / schedules; Architecture / backbone,,run_sub_6c6c051f71,https://api.labless.dev/api/runs/run_sub_bbf7189bce
run_sub_441ebfd4b9,2026-08-09T17:23:43.146152Z,c8-train-p-md-71427b,0.6438447696858318,unvalidated,RyanKim17920,Data / augmentation,,run_sub_6c6c051f71,https://api.labless.dev/api/runs/run_sub_441ebfd4b9
run_sub_d19092d0a7,2026-08-09T17:24:47.501479Z,c8-stain-aug-b1e482,0.643527462805687,unvalidated,RyanKim17920,Tuning / schedules; Data / augmentation,,run_sub_6c6c051f71,https://api.labless.dev/api/runs/run_sub_d19092d0a7
run_sub_692ea8a6d2,2026-08-09T17:25:48.259470Z,c8-model-scal-61708b,0.6434663861270135,unvalidated,RyanKim17920,Tuning / schedules; Architecture / backbone,,run_sub_6c6c051f71,https://api.labless.dev/api/runs/run_sub_692ea8a6d2
run_sub_17922e0675,2026-08-09T17:26:42.577991Z,c8-stain-aug-8ddef6,0.6428879114923197,unvalidated,RyanKim17920,Tuning / schedules; Data / augmentation,,run_sub_6c6c051f71,https://api.labless.dev/api/runs/run_sub_17922e0675
run_sub_ded30e1e46,2026-08-09T17:27:41.106297Z,c8-stain-jitt-8b0915,0.6411896766584889,unvalidated,RyanKim17920,Tuning / schedules; Data / augmentation,,run_sub_6c6c051f71,https://api.labless.dev/api/runs/run_sub_ded30e1e46
run_sub_a9fb17d4fd,2026-08-09T17:28:42.283367Z,c8-train-p-mu-f6c0b8,0.6387375347201093,unvalidated,RyanKim17920,Other / controls,,run_sub_6c6c051f71,https://api.labless.dev/api/runs/run_sub_a9fb17d4fd
run_sub_d81f09b27b,2026-08-10T16:20:51.121867Z,c8-train-p-si-c37d26,0.6559616337880874,unvalidated,RyanKim17920,Data / augmentation,,run_sub_6c6c051f71,https://api.labless.dev/api/runs/run_sub_d81f09b27b
run_sub_ef04c57108,2026-08-10T16:21:58.874854Z,c8-train-p-gl-718acd,0.65574543904372,unvalidated,RyanKim17920,Tuning / schedules; Data / augmentation,,run_sub_6c6c051f71,https://api.labless.dev/api/runs/run_sub_ef04c57108
run_sub_220039688f,2026-08-10T16:23:20.919716Z,c8-loss-focal-ec61e5,0.6556260032962817,unvalidated,RyanKim17920,Objectives / losses,,run_sub_6c6c051f71,https://api.labless.dev/api/runs/run_sub_220039688f
run_sub_9b27666bf5,2026-08-10T16:24:35.612841Z,c8-localcrop-97f6fb,0.6555826522800393,unvalidated,RyanKim17920,Tuning / schedules; Data / augmentation,,run_sub_6c6c051f71,https://api.labless.dev/api/runs/run_sub_9b27666bf5
run_sub_d3053cc964,2026-08-10T16:25:47.649579Z,c8-jepa-block-10b759,0.6553816026152981,unvalidated,RyanKim17920,Objectives / losses,,run_sub_6c6c051f71,https://api.labless.dev/api/runs/run_sub_d3053cc964
run_sub_43931b473b,2026-08-10T16:26:56.973655Z,c8-sizemix-co-3e9287,0.6550511178633894,unvalidated,RyanKim17920,Data / augmentation,,run_sub_6c6c051f71,https://api.labless.dev/api/runs/run_sub_43931b473b
run_sub_076969ca31,2026-08-10T16:28:05.587385Z,c8-train-p-fo-e07042,0.6549689361692993,unvalidated,RyanKim17920,Objectives / losses,,run_sub_6c6c051f71,https://api.labless.dev/api/runs/run_sub_076969ca31
run_sub_a981a96121,2026-08-10T16:29:19.379904Z,c8-schedule-t-21011f,0.6549068830948096,unvalidated,RyanKim17920,Tuning / schedules,,run_sub_6c6c051f71,https://api.labless.dev/api/runs/run_sub_a981a96121
run_sub_38f3f68846,2026-08-10T16:30:26.707333Z,c8-train-p-av-b213cd,0.6548543686889045,unvalidated,RyanKim17920,Other / controls,,run_sub_6c6c051f71,https://api.labless.dev/api/runs/run_sub_38f3f68846
run_sub_1ae27b20fe,2026-08-10T16:31:34.530290Z,c6-pcgrad-com-0ff897,0.6548028288761073,unvalidated,RyanKim17920,Objectives / losses,,run_sub_6c6c051f71,https://api.labless.dev/api/runs/run_sub_1ae27b20fe
run_sub_b6814f52e1,2026-08-10T16:33:09.165165Z,c8-genediv-cu-91e6dc,0.6546133853240121,unvalidated,RyanKim17920,Data / augmentation; Objectives / losses,,run_sub_6c6c051f71,https://api.labless.dev/api/runs/run_sub_b6814f52e1
run_sub_82c168b6ec,2026-08-10T16:34:17.191932Z,c8-train-p-av-74fed5,0.6545381828389842,unvalidated,RyanKim17920,Tuning / schedules,,run_sub_6c6c051f71,https://api.labless.dev/api/runs/run_sub_82c168b6ec
run_sub_ffee99f3e1,2026-08-10T16:35:41.495522Z,c8-anticollap-aaf7db,0.6545025930037783,unvalidated,RyanKim17920,Objectives / losses,,run_sub_6c6c051f71,https://api.labless.dev/api/runs/run_sub_ffee99f3e1
run_sub_17e8790d0f,2026-08-10T16:36:53.510123Z,c6-train-d03-t4,0.6544668582644313,unvalidated,RyanKim17920,Other / controls,,run_sub_6c6c051f71,https://api.labless.dev/api/runs/run_sub_17e8790d0f
run_sub_48caa95148,2026-08-10T16:38:05.526375Z,c8-capi-ibot-18b55a,0.6544506208593132,unvalidated,RyanKim17920,Objectives / losses,,run_sub_6c6c051f71,https://api.labless.dev/api/runs/run_sub_48caa95148
run_sub_9ac62f4f23,2026-08-10T16:39:21.240282Z,c8-avoid-aug-642e5e,0.6544164769855232,unvalidated,RyanKim17920,Data / augmentation,,run_sub_6c6c051f71,https://api.labless.dev/api/runs/run_sub_9ac62f4f23
run_sub_afa2eb2380,2026-08-10T16:40:54.056361Z,c8-train-p-ca-8218b5,0.6544025292909124,unvalidated,RyanKim17920,Objectives / losses,,run_sub_6c6c051f71,https://api.labless.dev/api/runs/run_sub_afa2eb2380
run_sub_d630694d78,2026-08-10T16:42:29.311270Z,c8-capi-ibot-e65561,0.6543731217353016,unvalidated,RyanKim17920,Tuning / schedules; Objectives / losses,,run_sub_6c6c051f71,https://api.labless.dev/api/runs/run_sub_d630694d78
run_sub_7419867513,2026-08-10T16:43:38.380672Z,c8-train-p-lo-5fab2b,0.654362583164219,unvalidated,RyanKim17920,Tuning / schedules; Data / augmentation,,run_sub_6c6c051f71,https://api.labless.dev/api/runs/run_sub_7419867513
run_sub_1237a2dc67,2026-08-10T16:46:04.735545Z,c8-localcrop-74b6c2,0.6542805950996643,unvalidated,RyanKim17920,Tuning / schedules; Data / augmentation,,run_sub_6c6c051f71,https://api.labless.dev/api/runs/run_sub_1237a2dc67
run_sub_4e4783e541,2026-08-10T16:49:38.883701Z,c8-train-p-av-793174,0.6542305894101643,unvalidated,RyanKim17920,Data / augmentation,,run_sub_6c6c051f71,https://api.labless.dev/api/runs/run_sub_4e4783e541
run_sub_e4a3d1a793,2026-08-10T16:54:21.307184Z,c8-capi-ibot-71150f,0.6541554255834153,unvalidated,RyanKim17920,Tuning / schedules; Objectives / losses,,run_sub_6c6c051f71,https://api.labless.dev/api/runs/run_sub_e4a3d1a793
run_sub_247a99c128,2026-08-10T16:57:53.083574Z,c8-train-p-lo-aeb8de,0.654110587588693,unvalidated,RyanKim17920,Tuning / schedules; Data / augmentation,,run_sub_6c6c051f71,https://api.labless.dev/api/runs/run_sub_247a99c128
run_sub_aa212d5dc6,2026-08-10T17:00:11.393877Z,c8-masking-st-51be6f,0.6540617193395515,unvalidated,RyanKim17920,Other / controls,,run_sub_6c6c051f71,https://api.labless.dev/api/runs/run_sub_aa212d5dc6
run_sub_52f805d4d6,2026-08-10T17:02:35.251332Z,c8-train-p-av-51cd8d,0.6539962855077676,unvalidated,RyanKim17920,Other / controls,,run_sub_6c6c051f71,https://api.labless.dev/api/runs/run_sub_52f805d4d6
run_sub_f8880b973d,2026-08-10T17:03:49.056178Z,c8-data-hed-j-a372d0,0.653989753711143,unvalidated,RyanKim17920,Data / augmentation,,run_sub_6c6c051f71,https://api.labless.dev/api/runs/run_sub_f8880b973d
run_sub_8c0d2b6b0e,2026-08-10T17:05:03.651390Z,c8-train-p-av-20b1d6,0.6539882222563674,unvalidated,RyanKim17920,Tuning / schedules,,run_sub_6c6c051f71,https://api.labless.dev/api/runs/run_sub_8c0d2b6b0e
run_sub_aa05209592,2026-08-10T17:10:52.076683Z,c7-train-p-je-eec679,0.6539205020662647,unvalidated,RyanKim17920,Objectives / losses,,run_sub_6c6c051f71,https://api.labless.dev/api/runs/run_sub_aa05209592
run_sub_acdb0098a3,2026-08-10T17:14:25.093936Z,c7-train-p-je-7f537c,0.6538778502775688,unvalidated,RyanKim17920,Objectives / losses,,run_sub_6c6c051f71,https://api.labless.dev/api/runs/run_sub_acdb0098a3
run_sub_17867c6ed2,2026-08-10T17:17:54.000947Z,c8-train-p-c8-483627,0.6538614926863446,unvalidated,RyanKim17920,Tuning / schedules; Data / augmentation,,run_sub_6c6c051f71,https://api.labless.dev/api/runs/run_sub_17867c6ed2
run_sub_b560648730,2026-08-10T17:19:02.682408Z,c7-capi-clust-9c2b39,0.6538423988975562,unvalidated,RyanKim17920,Tuning / schedules; Objectives / losses,,run_sub_6c6c051f71,https://api.labless.dev/api/runs/run_sub_b560648730
run_sub_023a3497fa,2026-08-10T17:21:27.171570Z,c8-avoid-conf-4b9a8e,0.653746949730602,unvalidated,RyanKim17920,Tuning / schedules; Objectives / losses,,run_sub_6c6c051f71,https://api.labless.dev/api/runs/run_sub_023a3497fa
run_sub_734764df99,2026-08-10T17:22:36.947506Z,c8-train-p-av-d45928,0.6537154115283539,unvalidated,RyanKim17920,Tuning / schedules,,run_sub_6c6c051f71,https://api.labless.dev/api/runs/run_sub_734764df99
run_sub_b83ac77058,2026-08-10T17:23:46.274150Z,c8-anticollap-4eecf7,0.6537152503770206,unvalidated,RyanKim17920,Objectives / losses,,run_sub_6c6c051f71,https://api.labless.dev/api/runs/run_sub_b83ac77058
run_sub_86f84a00ed,2026-08-10T17:24:54.330899Z,c8-schedule-s-b01163,0.653709670180958,unvalidated,RyanKim17920,Tuning / schedules; Data / augmentation; Objectives / losses,,run_sub_6c6c051f71,https://api.labless.dev/api/runs/run_sub_86f84a00ed
run_sub_6fa4a5ef07,2026-08-10T17:26:04.291513Z,c8-lit-highfr-0bb565,0.6537013542797732,unvalidated,RyanKim17920,Objectives / losses,,run_sub_6c6c051f71,https://api.labless.dev/api/runs/run_sub_6fa4a5ef07
run_sub_c4e009ab44,2026-08-10T17:27:12.285245Z,c8-genediv-sh-89e4fe,0.6537005614229383,unvalidated,RyanKim17920,Objectives / losses,,run_sub_6c6c051f71,https://api.labless.dev/api/runs/run_sub_c4e009ab44
run_sub_30e1b0bbab,2026-08-10T17:28:20.585502Z,c8-train-p-au-46bf5a,0.6536973165472435,unvalidated,RyanKim17920,Data / augmentation,,run_sub_6c6c051f71,https://api.labless.dev/api/runs/run_sub_30e1b0bbab
run_sub_4e55f683b2,2026-08-10T17:30:36.593667Z,c8-train-p-lo-2d38a8,0.6536639167269198,unvalidated,RyanKim17920,Tuning / schedules; Data / augmentation,,run_sub_6c6c051f71,https://api.labless.dev/api/runs/run_sub_4e55f683b2
run_sub_0ba3040d80,2026-08-10T17:31:44.710393Z,c7-outpaintin-563f25,0.6536629479794053,unvalidated,RyanKim17920,Objectives / losses,,run_sub_6c6c051f71,https://api.labless.dev/api/runs/run_sub_0ba3040d80
run_sub_43b9bd598d,2026-08-10T17:34:05.436407Z,c8-train-p-lo-6dd8af,0.6536161248599428,unvalidated,RyanKim17920,Tuning / schedules; Data / augmentation,,run_sub_6c6c051f71,https://api.labless.dev/api/runs/run_sub_43b9bd598d
run_sub_b00245f5c4,2026-08-10T17:35:40.025010Z,c6-train-d02-8b7e9e,0.6535634612435183,unvalidated,RyanKim17920,Other / controls,,run_sub_6c6c051f71,https://api.labless.dev/api/runs/run_sub_b00245f5c4
run_sub_7c4f1c597b,2026-08-10T17:36:49.119387Z,c8-train-p-av-ae4dbe,0.6535478211903878,unvalidated,RyanKim17920,Tuning / schedules,,run_sub_6c6c051f71,https://api.labless.dev/api/runs/run_sub_7c4f1c597b
run_sub_ffdcf32688,2026-08-10T17:39:10.653632Z,c8-train-p-lo-0dd13c,0.6535331040881511,unvalidated,RyanKim17920,Tuning / schedules; Data / augmentation,,run_sub_6c6c051f71,https://api.labless.dev/api/runs/run_sub_ffdcf32688
run_sub_312b130a84,2026-08-10T17:43:44.234874Z,c8-train-p-si-ff91c3,0.6534748317507751,unvalidated,RyanKim17920,Tuning / schedules; Data / augmentation,,run_sub_6c6c051f71,https://api.labless.dev/api/runs/run_sub_312b130a84
run_sub_a25bcc2e9f,2026-08-10T17:47:11.937201Z,c8-train-p-av-f0313f,0.6534537336824482,unvalidated,RyanKim17920,Other / controls,,run_sub_6c6c051f71,https://api.labless.dev/api/runs/run_sub_a25bcc2e9f
run_sub_a48cb134c2,2026-08-10T17:49:30.297412Z,c10-train-p-c-934453,0.6328529336416896,unvalidated,RyanKim17920,Objectives / losses,,run_sub_6c6c051f71,https://api.labless.dev/api/runs/run_sub_a48cb134c2
run_sub_77b2f82130,2026-08-10T17:49:53.985274Z,c8-train-p-av-2a6039,0.6534392279413693,unvalidated,RyanKim17920,Tuning / schedules,,run_sub_6c6c051f71,https://api.labless.dev/api/runs/run_sub_77b2f82130
run_sub_2f93e98e20,2026-08-10T17:55:37.546189Z,c8-train-p-av-994636,0.6534186941204694,unvalidated,RyanKim17920,Other / controls,,run_sub_6c6c051f71,https://api.labless.dev/api/runs/run_sub_2f93e98e20
run_sub_acaa5e274b,2026-08-10T18:00:16.541681Z,c8-train-p-av-688cd2,0.653407179619911,unvalidated,RyanKim17920,Tuning / schedules,,run_sub_6c6c051f71,https://api.labless.dev/api/runs/run_sub_acaa5e274b
run_sub_2deed59d67,2026-08-10T18:01:26.763410Z,c8-train-p-si-7174f1,0.6534057424582126,unvalidated,RyanKim17920,Tuning / schedules; Data / augmentation,,run_sub_6c6c051f71,https://api.labless.dev/api/runs/run_sub_2deed59d67
run_sub_595d9c03eb,2026-08-10T18:08:05.651990Z,c10-sdhl-self-90e9eb,0.6464322139398203,unvalidated,RyanKim17920,Tuning / schedules,,run_sub_6c6c051f71,https://api.labless.dev/api/runs/run_sub_595d9c03eb
run_sub_71b5ac5bee,2026-08-10T18:11:18.986375Z,c10-p-lawa-wi-f39355,0.650428079509856,unvalidated,RyanKim17920,Other / controls,,run_sub_6c6c051f71,https://api.labless.dev/api/runs/run_sub_71b5ac5bee
run_sub_105348484b,2026-08-10T19:02:51.560557Z,c10-p-av-loss-7da217,0.646700073414273,unvalidated,RyanKim17920,Other / controls,,run_sub_6c6c051f71,https://api.labless.dev/api/runs/run_sub_105348484b
run_sub_52eee0442a,2026-08-10T19:03:06.525966Z,c10-gram-anch-511f3d,0.6477347861432617,unvalidated,RyanKim17920,Objectives / losses,,run_sub_6c6c051f71,https://api.labless.dev/api/runs/run_sub_52eee0442a
run_sub_865fd4fe82,2026-08-10T19:03:32.252194Z,c10-sampling-396762,0.6496716045727028,unvalidated,RyanKim17920,Data / augmentation,,run_sub_6c6c051f71,https://api.labless.dev/api/runs/run_sub_865fd4fe82
run_sub_d334f5b46b,2026-08-10T19:41:11.815118Z,c10-p-teacher-c813b6,0.6484546392335903,unvalidated,RyanKim17920,Other / controls,,run_sub_6c6c051f71,https://api.labless.dev/api/runs/run_sub_d334f5b46b
run_sub_e024014dbd,2026-08-10T19:41:14.619757Z,c10-train-tea-a4774c,0.6494650632048837,unvalidated,RyanKim17920,Other / controls,,run_sub_6c6c051f71,https://api.labless.dev/api/runs/run_sub_e024014dbd
run_sub_5735c3bad8,2026-08-10T20:03:01.126217Z,c10-p-av-bala-7c6e4e,0.6441135870048178,unvalidated,RyanKim17920,Data / augmentation,,run_sub_6c6c051f71,https://api.labless.dev/api/runs/run_sub_5735c3bad8
run_sub_1a8d4b6144,2026-08-10T20:06:31.839545Z,c10-train-p-a-1f4efa,0.6456946912425452,unvalidated,RyanKim17920,Data / augmentation,,run_sub_6c6c051f71,https://api.labless.dev/api/runs/run_sub_1a8d4b6144
run_sub_fe8f7c3e82,2026-08-10T20:23:55.261439Z,c10-gram-anch-a82c1d,0.6494050737274563,unvalidated,RyanKim17920,Objectives / losses,,run_sub_6c6c051f71,https://api.labless.dev/api/runs/run_sub_fe8f7c3e82
run_sub_405c0483fe,2026-08-10T20:56:04.263146Z,c10-p-l8pcgra-8b31b2,0.6527917144678443,unvalidated,RyanKim17920,Data / augmentation; Objectives / losses,,run_sub_6c6c051f71,https://api.labless.dev/api/runs/run_sub_405c0483fe
run_sub_8a129db9e4,2026-08-10T21:01:11.429898Z,c10-train-p-a-7ea6a7,0.6422647372178425,unvalidated,RyanKim17920,Tuning / schedules,,run_sub_6c6c051f71,https://api.labless.dev/api/runs/run_sub_8a129db9e4
run_sub_7889eea7b1,2026-08-10T21:31:05.683053Z,c10-p-dense-c-6e262f,0.6431988372821933,unvalidated,RyanKim17920,Other / controls,,run_sub_6c6c051f71,https://api.labless.dev/api/runs/run_sub_7889eea7b1
run_sub_04c52c67f9,2026-08-10T21:31:29.463178Z,c10-loss-mask-3d7dd5,0.6489601410142574,unvalidated,RyanKim17920,Other / controls,,run_sub_6c6c051f71,https://api.labless.dev/api/runs/run_sub_04c52c67f9
run_sub_8d97336b37,2026-08-10T22:56:15.511608Z,c10-sampling-c54b3f,0.6495147283973326,unvalidated,RyanKim17920,Data / augmentation,,run_sub_6c6c051f71,https://api.labless.dev/api/runs/run_sub_8d97336b37
run_sub_8626266434,2026-08-11T01:47:52.433666Z,c10-usernorm-8ab7b2,0.6461223096576257,unvalidated,RyanKim17920,Other / controls,,run_sub_6c6c051f71,https://api.labless.dev/api/runs/run_sub_8626266434
run_sub_5526ddfc01,2026-08-11T01:48:16.441203Z,c10-p-lawa-wi-ea9839,0.6504143779096617,unvalidated,RyanKim17920,Other / controls,,run_sub_6c6c051f71,https://api.labless.dev/api/runs/run_sub_5526ddfc01
run_sub_bbdb1603d3,2026-08-11T01:50:48.333961Z,c10-p-teacher-df242f,0.6495936622059673,unvalidated,RyanKim17920,Other / controls,,run_sub_6c6c051f71,https://api.labless.dev/api/runs/run_sub_bbdb1603d3
run_sub_89fed3cc1d,2026-08-11T03:10:03.678936Z,c10-md-local-071fbd,0.651614458515144,unvalidated,RyanKim17920,Tuning / schedules; Data / augmentation,,run_sub_6c6c051f71,https://api.labless.dev/api/runs/run_sub_89fed3cc1d
run_sub_5bd0eaa5bb,2026-08-11T03:10:34.054406Z,c10-train-p-g-83ee61,0.6512714748741882,unvalidated,RyanKim17920,Objectives / losses,,run_sub_6c6c051f71,https://api.labless.dev/api/runs/run_sub_5bd0eaa5bb
run_sub_19f9369088,2026-08-11T03:10:37.463229Z,c10-train-p-l-3044e9,0.6489313942187693,unvalidated,RyanKim17920,Data / augmentation; Objectives / losses,,run_sub_6c6c051f71,https://api.labless.dev/api/runs/run_sub_19f9369088
run_sub_b5b87020c9,2026-08-11T05:30:21.887036Z,c10-gram-anch-4a26b4,0.6478586866949633,unvalidated,RyanKim17920,Objectives / losses,,run_sub_6c6c051f71,https://api.labless.dev/api/runs/run_sub_b5b87020c9
run_sub_50ab5cf5e0,2026-08-11T05:32:49.691683Z,c10-md-miner-1ae2f7,0.648061519866819,unvalidated,RyanKim17920,Other / controls,,run_sub_6c6c051f71,https://api.labless.dev/api/runs/run_sub_50ab5cf5e0
run_sub_c7ab7574e9,2026-08-11T08:22:36.574873Z,c10-gram-anch-bf0e3d,0.6478995681278913,unvalidated,RyanKim17920,Tuning / schedules; Objectives / losses,,run_sub_6c6c051f71,https://api.labless.dev/api/runs/run_sub_c7ab7574e9
run_sub_0002e0a05f,2026-08-11T09:55:30.268090Z,c10-p-attn-gu-0723f9,0.6490903285337012,unvalidated,RyanKim17920,Other / controls,,run_sub_6c6c051f71,https://api.labless.dev/api/runs/run_sub_0002e0a05f
run_sub_73c671a253,2026-08-11T09:57:56.979983Z,c10-train-p-g-579d38,0.6512058682106042,unvalidated,RyanKim17920,Objectives / losses,,run_sub_6c6c051f71,https://api.labless.dev/api/runs/run_sub_73c671a253
run_sub_2ec24f31c2,2026-08-11T10:02:44.407302Z,c10-md-miner-999843,0.6522318797471561,unvalidated,RyanKim17920,Tuning / schedules,,run_sub_6c6c051f71,https://api.labless.dev/api/runs/run_sub_2ec24f31c2
run_sub_520f8aa36e,2026-08-11T10:22:46.423530Z,c10-p-tissue-e93f05,0.6470747241983571,unvalidated,RyanKim17920,Data / augmentation,,run_sub_6c6c051f71,https://api.labless.dev/api/runs/run_sub_520f8aa36e
run_sub_6f16a4b814,2026-08-11T10:27:17.441186Z,c10-loss-mask-853dd1,0.6493642096295896,unvalidated,RyanKim17920,Other / controls,,run_sub_6c6c051f71,https://api.labless.dev/api/runs/run_sub_6f16a4b814
run_sub_3ac31c835c,2026-08-11T10:27:22.705585Z,c10-p-lawa-sl-f20bbc,0.6500856654107309,unvalidated,RyanKim17920,Tuning / schedules,,run_sub_6c6c051f71,https://api.labless.dev/api/runs/run_sub_3ac31c835c
run_sub_23b3742ee8,2026-08-11T10:27:28.546269Z,c10-genbio-rg-f5d6f5,0.5372509165734237,unvalidated,RyanKim17920,Data / augmentation,,run_sub_6c6c051f71,https://api.labless.dev/api/runs/run_sub_23b3742ee8
run_sub_f9104966f9,2026-08-11T11:17:06.943661Z,c10-train-p-s-84babf,0.6462599336583903,unvalidated,RyanKim17920,Other / controls,,run_sub_6c6c051f71,https://api.labless.dev/api/runs/run_sub_f9104966f9
run_sub_f23b4c1dff,2026-08-11T11:19:26.741117Z,c10-train-p-c-36f555,0.651589627734578,unvalidated,RyanKim17920,Architecture / backbone,,run_sub_6c6c051f71,https://api.labless.dev/api/runs/run_sub_f23b4c1dff
run_sub_abfabc772a,2026-08-11T11:28:56.736496Z,c10-train-p-d-f67433,0.620574615862489,unvalidated,RyanKim17920,Architecture / backbone,,run_sub_6c6c051f71,https://api.labless.dev/api/runs/run_sub_abfabc772a
run_sub_a494815037,2026-08-11T11:36:43.587643Z,c10-sdhl-hidd-0e0145,0.6415749041716365,unvalidated,RyanKim17920,Tuning / schedules,,run_sub_6c6c051f71,https://api.labless.dev/api/runs/run_sub_a494815037
run_sub_3fd0593a3c,2026-08-11T11:48:44.495650Z,c10-pcgrad-gl-01d481,0.6460412001802744,unvalidated,RyanKim17920,Objectives / losses,,run_sub_6c6c051f71,https://api.labless.dev/api/runs/run_sub_3fd0593a3c
run_sub_e2db672da5,2026-08-11T11:52:59.411303Z,c10-train-p-s-afb054,0.6503552656069204,unvalidated,RyanKim17920,Data / augmentation; Objectives / losses,,run_sub_6c6c051f71,https://api.labless.dev/api/runs/run_sub_e2db672da5
run_sub_1efe6b2d73,2026-08-11T12:45:39.797859Z,c10-sampling-cf1c46,0.6454216217422674,unvalidated,RyanKim17920,Data / augmentation,,run_sub_6c6c051f71,https://api.labless.dev/api/runs/run_sub_1efe6b2d73
run_sub_20e18685c9,2026-08-11T12:56:13.535583Z,c10-p-tissue-9b8c9b,0.6478323304900863,unvalidated,RyanKim17920,Data / augmentation,,run_sub_6c6c051f71,https://api.labless.dev/api/runs/run_sub_20e18685c9
run_sub_2e903c306b,2026-08-11T13:06:28.030534Z,c10-train-p-m-1fff84,0.6529085548577226,unvalidated,RyanKim17920,Other / controls,,run_sub_6c6c051f71,https://api.labless.dev/api/runs/run_sub_2e903c306b
run_sub_135395342f,2026-08-11T13:27:23.761797Z,c10-l8pcgrad-42cd5f,0.6419802375458845,unvalidated,RyanKim17920,Data / augmentation; Objectives / losses,,run_sub_6c6c051f71,https://api.labless.dev/api/runs/run_sub_135395342f
run_sub_bb7313faef,2026-08-11T13:52:26.660152Z,c10-p-combine-7c56bf,0.6493180698919366,unvalidated,RyanKim17920,Other / controls,,run_sub_6c6c051f71,https://api.labless.dev/api/runs/run_sub_bb7313faef
run_sub_e6df4c25fe,2026-08-11T13:52:31.928008Z,c10-loss-equi-d3bc20,0.6471922233383165,unvalidated,RyanKim17920,Tuning / schedules,,run_sub_6c6c051f71,https://api.labless.dev/api/runs/run_sub_e6df4c25fe
run_sub_71dfe73202,2026-08-11T14:28:09.841495Z,c10-loss-rela-327bcb,0.6358946357683939,unvalidated,RyanKim17920,Other / controls,,run_sub_6c6c051f71,https://api.labless.dev/api/runs/run_sub_71dfe73202
run_sub_513d891499,2026-08-11T14:31:26.199765Z,c10-p-l8pcgra-0689bf,0.6523193484785925,unvalidated,RyanKim17920,Objectives / losses,,run_sub_6c6c051f71,https://api.labless.dev/api/runs/run_sub_513d891499
run_sub_8113022d92,2026-08-11T14:55:36.260125Z,c10-sdhl-self-7bd4ab,0.6506844556856802,unvalidated,RyanKim17920,Other / controls,,run_sub_6c6c051f71,https://api.labless.dev/api/runs/run_sub_8113022d92
run_sub_a49ae04754,2026-08-11T15:25:20.364995Z,c10-train-p-s-ea1f6a,0.6484871351562819,unvalidated,RyanKim17920,Tuning / schedules; Data / augmentation,,run_sub_6c6c051f71,https://api.labless.dev/api/runs/run_sub_a49ae04754
run_sub_e48df5f6dd,2026-08-11T15:25:32.878589Z,c10-train-p-r-da1b06,0.6490222907298182,unvalidated,RyanKim17920,Other / controls,,run_sub_6c6c051f71,https://api.labless.dev/api/runs/run_sub_e48df5f6dd
run_sub_6955ffa597,2026-08-11T15:31:50.648745Z,c10-train-pcg-cd76cf,0.6424739262106864,unvalidated,RyanKim17920,Objectives / losses,,run_sub_6c6c051f71,https://api.labless.dev/api/runs/run_sub_6955ffa597
run_sub_8ce35d1240,2026-08-11T16:32:37.346907Z,c8-avoid-anti-a9c41c,0.6533435337180034,unvalidated,RyanKim17920,Objectives / losses,,run_sub_6c6c051f71,https://api.labless.dev/api/runs/run_sub_8ce35d1240
run_sub_a1ca8c0803,2026-08-11T16:33:53.179187Z,c8-sizemix-wi-bcb0e3,0.6533429319588382,unvalidated,RyanKim17920,Tuning / schedules; Data / augmentation,,run_sub_6c6c051f71,https://api.labless.dev/api/runs/run_sub_a1ca8c0803
run_sub_2c880e84fd,2026-08-11T16:40:24.466836Z,c8-anticollap-bd5c4e,0.6533093627192516,unvalidated,RyanKim17920,Objectives / losses,,run_sub_6c6c051f71,https://api.labless.dev/api/runs/run_sub_2c880e84fd
run_sub_2bdc3c2f77,2026-08-11T16:44:11.140314Z,c8-train-p-ko-1909e5,0.6532801410277483,unvalidated,RyanKim17920,Tuning / schedules; Objectives / losses,,run_sub_6c6c051f71,https://api.labless.dev/api/runs/run_sub_2bdc3c2f77
run_sub_b4501002ad,2026-08-11T16:47:09.303265Z,c8-train-p-gl-232adb,0.6532225831338404,unvalidated,RyanKim17920,Tuning / schedules; Data / augmentation,,run_sub_6c6c051f71,https://api.labless.dev/api/runs/run_sub_b4501002ad
run_sub_ab31a30525,2026-08-11T16:48:24.477934Z,c8-train-p-pe-8b45dd,0.6532132070221355,unvalidated,RyanKim17920,Other / controls,,run_sub_6c6c051f71,https://api.labless.dev/api/runs/run_sub_ab31a30525
run_sub_d9859be257,2026-08-11T16:53:36.667844Z,c8-genediv-cu-c5fbfd,0.6531714410454473,unvalidated,RyanKim17920,Data / augmentation; Objectives / losses,,run_sub_6c6c051f71,https://api.labless.dev/api/runs/run_sub_d9859be257
run_sub_73fb2241c1,2026-08-11T16:58:59.544286Z,c8-train-p-av-3cacff,0.6531378307470352,unvalidated,RyanKim17920,Tuning / schedules,,run_sub_6c6c051f71,https://api.labless.dev/api/runs/run_sub_73fb2241c1
run_sub_3b6fbe5968,2026-08-11T17:03:07.256216Z,c8-meta-inpla-86cfe9,0.6530851173500001,unvalidated,RyanKim17920,Other / controls,,run_sub_6c6c051f71,https://api.labless.dev/api/runs/run_sub_3b6fbe5968
run_sub_65d57a2d43,2026-08-11T17:05:38.243609Z,c8-avoid-trai-a6c2cf,0.6530342738693321,unvalidated,RyanKim17920,Tuning / schedules; Objectives / losses,,run_sub_6c6c051f71,https://api.labless.dev/api/runs/run_sub_65d57a2d43
run_sub_3f928b6ba3,2026-08-11T17:06:53.837542Z,c8-anticollap-195367,0.6530341761374507,unvalidated,RyanKim17920,Tuning / schedules,,run_sub_6c6c051f71,https://api.labless.dev/api/runs/run_sub_3f928b6ba3
run_sub_b34b7994cc,2026-08-11T17:09:29.974554Z,c8-dinov3-bas-3c70f7,0.6530285092971706,unvalidated,RyanKim17920,Architecture / backbone,,run_sub_6c6c051f71,https://api.labless.dev/api/runs/run_sub_b34b7994cc
run_sub_059a07b646,2026-08-11T17:11:09.723651Z,c8-train-p-lo-80f63b,0.6530095720688577,unvalidated,RyanKim17920,Tuning / schedules; Data / augmentation,,run_sub_6c6c051f71,https://api.labless.dev/api/runs/run_sub_059a07b646
run_sub_a32606ff27,2026-08-11T17:16:07.970686Z,c6-train-d07-6afb10,0.6529711922459557,unvalidated,RyanKim17920,Other / controls,,run_sub_6c6c051f71,https://api.labless.dev/api/runs/run_sub_a32606ff27
run_sub_a344bfa3a2,2026-08-11T17:18:39.084593Z,c6-train-d06-d81f3d,0.6529589677580677,unvalidated,RyanKim17920,Other / controls,,run_sub_6c6c051f71,https://api.labless.dev/api/runs/run_sub_a344bfa3a2
run_sub_ad7b7609a9,2026-08-11T17:19:54.580135Z,c8-anticollap-6fe1ec,0.6529576699442691,unvalidated,RyanKim17920,Tuning / schedules; Objectives / losses,,run_sub_6c6c051f71,https://api.labless.dev/api/runs/run_sub_ad7b7609a9
run_sub_2bf6757620,2026-08-11T17:20:31.407074Z,c10-train-p-l-0e23da,0.6460726804442606,unvalidated,RyanKim17920,Objectives / losses,,run_sub_6c6c051f71,https://api.labless.dev/api/runs/run_sub_2bf6757620
run_sub_8780cae12f,2026-08-11T17:21:10.081299Z,c7-train-p-c6-abd2ef,0.6529324780918019,unvalidated,RyanKim17920,Architecture / backbone,,run_sub_6c6c051f71,https://api.labless.dev/api/runs/run_sub_8780cae12f
run_sub_3ba99edf0c,2026-08-11T17:28:52.881984Z,c8-avoid-head-8a4e2d,0.6528552249246411,unvalidated,RyanKim17920,Other / controls,,run_sub_6c6c051f71,https://api.labless.dev/api/runs/run_sub_3ba99edf0c
run_sub_744e604eac,2026-08-11T17:36:25.940132Z,c8-anticollap-3321f5,0.6527444790206454,unvalidated,RyanKim17920,Tuning / schedules,,run_sub_6c6c051f71,https://api.labless.dev/api/runs/run_sub_744e604eac
run_sub_dbefb7805b,2026-08-11T17:37:49.038332Z,c8-train-p-av-ef4703,0.652725383654293,unvalidated,RyanKim17920,Objectives / losses,,run_sub_6c6c051f71,https://api.labless.dev/api/runs/run_sub_dbefb7805b
run_sub_66645fc59b,2026-08-11T17:40:19.437150Z,c8-metainfra-4a5d93,0.6527138727261872,unvalidated,RyanKim17920,Other / controls,,run_sub_6c6c051f71,https://api.labless.dev/api/runs/run_sub_66645fc59b
run_sub_70619af390,2026-08-11T17:44:14.778625Z,c8-avoid-aug-dc2507,0.6526618672140627,unvalidated,RyanKim17920,Data / augmentation,,run_sub_6c6c051f71,https://api.labless.dev/api/runs/run_sub_70619af390
run_sub_4aab05f8dc,2026-08-11T17:49:15.301238Z,c8-train-p-lo-e2c231,0.6526120836857523,unvalidated,RyanKim17920,Tuning / schedules; Data / augmentation,,run_sub_6c6c051f71,https://api.labless.dev/api/runs/run_sub_4aab05f8dc
run_sub_ce7253ef7f,2026-08-11T17:51:44.910238Z,c8-train-p-av-a5c177,0.6525969066533522,unvalidated,RyanKim17920,Tuning / schedules,,run_sub_6c6c051f71,https://api.labless.dev/api/runs/run_sub_ce7253ef7f
run_sub_5930ae0c42,2026-08-11T17:53:02.945924Z,c8-anti-colla-3c474b,0.6525484002945557,unvalidated,RyanKim17920,Tuning / schedules; Objectives / losses,,run_sub_6c6c051f71,https://api.labless.dev/api/runs/run_sub_5930ae0c42
run_sub_b108376d2e,2026-08-11T17:55:37.381166Z,teacher-disag-a7df52,0.6525196306473259,unvalidated,RyanKim17920,Other / controls,,run_sub_6c6c051f71,https://api.labless.dev/api/runs/run_sub_b108376d2e
run_sub_bd73f7d194,2026-08-11T17:56:50.891772Z,c8-capi-ibot-3f9c84,0.6524931648595776,unvalidated,RyanKim17920,Tuning / schedules; Objectives / losses,,run_sub_6c6c051f71,https://api.labless.dev/api/runs/run_sub_bd73f7d194
run_sub_27ba74a973,2026-08-11T18:00:28.927208Z,c6-train-d02-t2,0.6524516739243957,unvalidated,RyanKim17920,Other / controls,,run_sub_6c6c051f71,https://api.labless.dev/api/runs/run_sub_27ba74a973
run_sub_5bc7d612cd,2026-08-11T18:09:33.917026Z,c6-sinkhorn-e-317888,0.6523092374141307,unvalidated,RyanKim17920,Objectives / losses,,run_sub_6c6c051f71,https://api.labless.dev/api/runs/run_sub_5bc7d612cd
run_sub_6dc8308489,2026-08-11T18:10:50.029110Z,c8-av-gradbal-cf9034,0.652299796725492,unvalidated,RyanKim17920,Tuning / schedules; Objectives / losses,,run_sub_6c6c051f71,https://api.labless.dev/api/runs/run_sub_6dc8308489
run_sub_4dec30bc57,2026-08-11T18:14:31.917364Z,c8-train-p-av-f44752,0.6522157508645123,unvalidated,RyanKim17920,Tuning / schedules,,run_sub_6c6c051f71,https://api.labless.dev/api/runs/run_sub_4dec30bc57
run_sub_94f60d3e86,2026-08-11T19:37:32.317037Z,compose-c1-st-a11a48,0.6516157888799436,unvalidated,RyanKim17920,Tuning / schedules; Data / augmentation,,run_sub_6c6c051f71,https://api.labless.dev/api/runs/run_sub_94f60d3e86
run_sub_5726e26a9f,2026-08-11T21:20:27.085679Z,compose-c2-ab-891270,0.6516563113192054,unvalidated,RyanKim17920,Tuning / schedules,,run_sub_6c6c051f71,https://api.labless.dev/api/runs/run_sub_5726e26a9f
run_sub_388f9ffd4d,2026-08-11T22:56:16.779302Z,compose-c3-ab-caef77,0.6523702652361536,unvalidated,RyanKim17920,Tuning / schedules; Data / augmentation,,run_sub_6c6c051f71,https://api.labless.dev/api/runs/run_sub_388f9ffd4d
run_sub_9f882966c6,2026-08-12T00:30:31.250283Z,compose-c4-ab-73ea27,0.6518660833162073,unvalidated,RyanKim17920,Tuning / schedules; Data / augmentation,,run_sub_6c6c051f71,https://api.labless.dev/api/runs/run_sub_9f882966c6
run_sub_89ad37b6b1,2026-08-12T02:03:46.845667Z,reseed-c-c10-5297be,0.6514971021140468,unvalidated,RyanKim17920,Tuning / schedules; Data / augmentation,,run_sub_6c6c051f71,https://api.labless.dev/api/runs/run_sub_89ad37b6b1
run_sub_06488a5ebd,2026-08-12T16:20:29.464593Z,c8-augaug-sta-7969a6,0.6521100659163419,unvalidated,RyanKim17920,Data / augmentation,,run_sub_6c6c051f71,https://api.labless.dev/api/runs/run_sub_06488a5ebd
run_sub_7fa6cad302,2026-08-12T16:31:44.658022Z,c8-anticollap-255776,0.652054264593323,unvalidated,RyanKim17920,Objectives / losses,,run_sub_6c6c051f71,https://api.labless.dev/api/runs/run_sub_7fa6cad302
run_sub_248c0bde9d,2026-08-12T16:36:56.629438Z,c8-train-p-lo-bc1731,0.6519883048345582,unvalidated,RyanKim17920,Tuning / schedules; Data / augmentation,,run_sub_6c6c051f71,https://api.labless.dev/api/runs/run_sub_248c0bde9d
run_sub_dfdcb95794,2026-08-12T16:38:16.075590Z,c8-train-p-lo-d02307,0.6519594770489455,unvalidated,RyanKim17920,Tuning / schedules; Data / augmentation,,run_sub_6c6c051f71,https://api.labless.dev/api/runs/run_sub_dfdcb95794
run_sub_c454bd57c1,2026-08-12T16:43:45.215616Z,c8-train-p-ko-9022ab,0.6518863858445695,unvalidated,RyanKim17920,Objectives / losses,,run_sub_6c6c051f71,https://api.labless.dev/api/runs/run_sub_c454bd57c1
run_sub_e6ee0a26b5,2026-08-12T16:45:05.934847Z,c8-train-p-av-818bfb,0.651821955605393,unvalidated,RyanKim17920,Tuning / schedules,,run_sub_6c6c051f71,https://api.labless.dev/api/runs/run_sub_e6ee0a26b5
run_sub_e080a8e568,2026-08-12T16:46:35.245190Z,c8-sizemix-fu-350e28,0.6518171142657883,unvalidated,RyanKim17920,Data / augmentation,,run_sub_6c6c051f71,https://api.labless.dev/api/runs/run_sub_e080a8e568
run_sub_e77c19afe0,2026-08-12T16:49:04.650545Z,c8-ideatormin-5c81dd,0.651774665921119,unvalidated,RyanKim17920,Tuning / schedules,,run_sub_6c6c051f71,https://api.labless.dev/api/runs/run_sub_e77c19afe0
run_sub_3c2f2a0250,2026-08-12T16:51:31.125755Z,c8-globalcrop-da1606,0.6517107611964028,unvalidated,RyanKim17920,Tuning / schedules; Data / augmentation,,run_sub_6c6c051f71,https://api.labless.dev/api/runs/run_sub_3c2f2a0250
run_sub_7b3563fbf6,2026-08-12T16:54:26.933371Z,c8-train-p-lo-a03920,0.6514441840433176,unvalidated,RyanKim17920,Tuning / schedules; Data / augmentation,,run_sub_6c6c051f71,https://api.labless.dev/api/runs/run_sub_7b3563fbf6
run_sub_8762497836,2026-08-12T16:57:01.060241Z,c8-train-p-au-547a95,0.6513899381872993,unvalidated,RyanKim17920,Other / controls,,run_sub_6c6c051f71,https://api.labless.dev/api/runs/run_sub_8762497836
run_sub_2e535f7a55,2026-08-12T16:58:16.217132Z,c8-train-p-pe-fd5dab,0.6513761901859961,unvalidated,RyanKim17920,Other / controls,,run_sub_6c6c051f71,https://api.labless.dev/api/runs/run_sub_2e535f7a55
run_sub_58315967d3,2026-08-12T17:04:38.887278Z,c8-av-config-780fea,0.6511965314927534,unvalidated,RyanKim17920,Objectives / losses,,run_sub_6c6c051f71,https://api.labless.dev/api/runs/run_sub_58315967d3
run_sub_a36690566f,2026-08-12T17:07:09.884228Z,c6-train-d09-t1,0.6510415558950653,unvalidated,RyanKim17920,Other / controls,,run_sub_6c6c051f71,https://api.labless.dev/api/runs/run_sub_a36690566f
run_sub_799d8d465e,2026-08-12T17:08:23.697423Z,c8-train-p-me-7e31d3,0.651009145299553,unvalidated,RyanKim17920,Architecture / backbone,,run_sub_6c6c051f71,https://api.labless.dev/api/runs/run_sub_799d8d465e
run_sub_de4dcfb178,2026-08-12T17:10:49.657512Z,c8-avoid-anti-59d948,0.6509538451740304,unvalidated,RyanKim17920,Objectives / losses,,run_sub_6c6c051f71,https://api.labless.dev/api/runs/run_sub_de4dcfb178
run_sub_74ce8c80f2,2026-08-12T17:14:37.468926Z,c8-asymmetric-fd31f9,0.650867883795308,unvalidated,RyanKim17920,Other / controls,,run_sub_6c6c051f71,https://api.labless.dev/api/runs/run_sub_74ce8c80f2
run_sub_e7af1e04dc,2026-08-12T17:15:55.581225Z,c8-train-p-av-199578,0.6508073319118289,unvalidated,RyanKim17920,Tuning / schedules; Data / augmentation,,run_sub_6c6c051f71,https://api.labless.dev/api/runs/run_sub_e7af1e04dc
run_sub_e599eb2685,2026-08-12T17:17:12.987560Z,c8-train-p-au-69582c,0.6507256442095741,unvalidated,RyanKim17920,Other / controls,,run_sub_6c6c051f71,https://api.labless.dev/api/runs/run_sub_e599eb2685
run_sub_1af876805a,2026-08-12T17:19:00.312941Z,c8-hedjitter-79b20f,0.6506363559269965,unvalidated,RyanKim17920,Tuning / schedules,,run_sub_6c6c051f71,https://api.labless.dev/api/runs/run_sub_1af876805a
run_sub_ece1ec698b,2026-08-12T17:21:58.491323Z,b6-l14-cw-t3,0.6504392001913468,unvalidated,RyanKim17920,Other / controls,,run_sub_6c6c051f71,https://api.labless.dev/api/runs/run_sub_ece1ec698b
run_sub_b8c77a8ad7,2026-08-12T17:26:52.493256Z,c8-pcgrad-jep-3172c4,0.6501717989005626,unvalidated,RyanKim17920,Objectives / losses,,run_sub_6c6c051f71,https://api.labless.dev/api/runs/run_sub_b8c77a8ad7
run_sub_8b09606053,2026-08-12T17:29:26.713098Z,c8-localcrop-37fe72,0.6500916823230972,unvalidated,RyanKim17920,Tuning / schedules; Data / augmentation,,run_sub_6c6c051f71,https://api.labless.dev/api/runs/run_sub_8b09606053
run_sub_83032f7b86,2026-08-12T17:30:40.330882Z,c8-train-p-co-138cd3,0.6500697078394737,unvalidated,RyanKim17920,Other / controls,,run_sub_6c6c051f71,https://api.labless.dev/api/runs/run_sub_83032f7b86
run_sub_9398e77e0e,2026-08-12T17:31:56.575933Z,c8-larger-dat-adccc2,0.6500542896050324,unvalidated,RyanKim17920,Tuning / schedules; Data / augmentation,,run_sub_6c6c051f71,https://api.labless.dev/api/runs/run_sub_9398e77e0e
run_sub_b9b8924c4b,2026-08-12T17:35:44.129917Z,c8-anticollap-919aa1,0.6498450659080433,unvalidated,RyanKim17920,Tuning / schedules; Objectives / losses,,run_sub_6c6c051f71,https://api.labless.dev/api/runs/run_sub_b9b8924c4b
run_sub_9cf356f532,2026-08-12T17:38:41.132087Z,c8-mask-ratio-acfc4b,0.6497401000981505,unvalidated,RyanKim17920,Tuning / schedules,,run_sub_6c6c051f71,https://api.labless.dev/api/runs/run_sub_9cf356f532
run_sub_1ef4abb788,2026-08-12T17:39:53.490663Z,c8-train-p-an-a6404c,0.6497170439721661,unvalidated,RyanKim17920,Objectives / losses,,run_sub_6c6c051f71,https://api.labless.dev/api/runs/run_sub_1ef4abb788
run_sub_970a77c954,2026-08-12T17:45:18.078581Z,c8-localcrop-84d7b1,0.6495158753809631,unvalidated,RyanKim17920,Tuning / schedules; Data / augmentation,,run_sub_6c6c051f71,https://api.labless.dev/api/runs/run_sub_970a77c954
run_sub_20b6211388,2026-08-12T17:52:03.981742Z,c8-train-p-si-92a96f,0.6491125984000394,unvalidated,RyanKim17920,Tuning / schedules; Objectives / losses,,run_sub_6c6c051f71,https://api.labless.dev/api/runs/run_sub_20b6211388
run_sub_1e31eb72c4,2026-08-12T17:53:18.980981Z,c8-train-p-si-247931,0.6490798063582328,unvalidated,RyanKim17920,Objectives / losses,,run_sub_6c6c051f71,https://api.labless.dev/api/runs/run_sub_1e31eb72c4
run_sub_963549c74a,2026-08-12T17:54:33.986866Z,c8-train-p-av-eda80f,0.6490665661217744,unvalidated,RyanKim17920,Data / augmentation,,run_sub_6c6c051f71,https://api.labless.dev/api/runs/run_sub_963549c74a
run_sub_b28df82d77,2026-08-12T17:55:47.689640Z,c8-anticollap-0619ac,0.6490264603277484,unvalidated,RyanKim17920,Objectives / losses,,run_sub_6c6c051f71,https://api.labless.dev/api/runs/run_sub_b28df82d77
run_sub_828e5a9739,2026-08-12T17:57:05.646374Z,c8-capi-ibot-5cb3ff,0.6490016844663116,unvalidated,RyanKim17920,Objectives / losses,,run_sub_6c6c051f71,https://api.labless.dev/api/runs/run_sub_828e5a9739
run_sub_4e336cdef2,2026-08-12T17:59:29.992770Z,c5-l4-asym-t2,0.6489496805894713,unvalidated,RyanKim17920,Other / controls,,run_sub_6c6c051f71,https://api.labless.dev/api/runs/run_sub_4e336cdef2
run_sub_8af5ab4133,2026-08-12T18:01:59.853381Z,c8-model-scal-09fef8,0.6488781862970203,unvalidated,RyanKim17920,Tuning / schedules; Architecture / backbone,,run_sub_6c6c051f71,https://api.labless.dev/api/runs/run_sub_8af5ab4133
run_sub_d661a60ae1,2026-08-12T18:06:16.738781Z,c8-train-p-av-00f690,0.6487719043874745,unvalidated,RyanKim17920,Other / controls,,run_sub_6c6c051f71,https://api.labless.dev/api/runs/run_sub_d661a60ae1
run_sub_551a6ff46f,2026-08-12T18:08:44.823669Z,c7-train-p-lo-1d42d9,0.6486448235632141,unvalidated,RyanKim17920,Tuning / schedules; Data / augmentation,,run_sub_6c6c051f71,https://api.labless.dev/api/runs/run_sub_551a6ff46f
run_sub_9d9c18ac9e,2026-08-12T18:17:46.273116Z,c8-localcrop-db076a,0.6482273264155399,unvalidated,RyanKim17920,Tuning / schedules; Data / augmentation,,run_sub_6c6c051f71,https://api.labless.dev/api/runs/run_sub_9d9c18ac9e
run_sub_87fee67eac,2026-08-12T18:20:16.276492Z,c8-jepa-maske-01a58f,0.6480421760175216,unvalidated,RyanKim17920,Objectives / losses,,run_sub_6c6c051f71,https://api.labless.dev/api/runs/run_sub_87fee67eac
run_sub_2b56d3a11c,2026-08-13T00:14:38.984630Z,c11-base-646404,0.6454842027308932,unvalidated,RyanKim17920,Tuning / schedules,,run_sub_6c6c051f71,https://api.labless.dev/api/runs/run_sub_2b56d3a11c
run_sub_a337a1c7ad,2026-08-13T06:26:36.175602Z,c11-loss-ibot-942d66,0.6418155909201173,unvalidated,RyanKim17920,Objectives / losses,,run_sub_6c6c051f71,https://api.labless.dev/api/runs/run_sub_a337a1c7ad
run_sub_5b5cac3af1,2026-08-13T06:26:53.315903Z,c11-train-p-u-cbba66,0.6427506725928029,unvalidated,RyanKim17920,Other / controls,,run_sub_6c6c051f71,https://api.labless.dev/api/runs/run_sub_5b5cac3af1
run_sub_9a6417d9f9,2026-08-13T06:27:37.328872Z,c11-p-av-bala-8b71c5,0.642445924028841,unvalidated,RyanKim17920,Other / controls,,run_sub_6c6c051f71,https://api.labless.dev/api/runs/run_sub_9a6417d9f9
run_sub_61fb990ba9,2026-08-13T06:29:49.153783Z,c11-train-p-c-6d0657,0.6427770244870463,unvalidated,RyanKim17920,Objectives / losses,,run_sub_6c6c051f71,https://api.labless.dev/api/runs/run_sub_61fb990ba9
run_sub_4cf388fd6c,2026-08-13T06:32:41.678692Z,c11-train-p-k-6d94c6,0.6284275978699775,unvalidated,RyanKim17920,Objectives / losses,,run_sub_6c6c051f71,https://api.labless.dev/api/runs/run_sub_4cf388fd6c
run_sub_0df1c0707a,2026-08-13T06:32:59.633245Z,c11-p-c6-late-c9bec7,0.6452432546387213,unvalidated,RyanKim17920,Tuning / schedules,,run_sub_6c6c051f71,https://api.labless.dev/api/runs/run_sub_0df1c0707a
run_sub_fa655ebd31,2026-08-13T06:37:22.831400Z,c11-train-md-4efa92,0.6477152021089314,unvalidated,RyanKim17920,Other / controls,,run_sub_6c6c051f71,https://api.labless.dev/api/runs/run_sub_fa655ebd31
run_sub_a25f322b80,2026-08-13T07:40:46.621165Z,c11-auglite-p-562b8b,0.6145965348670867,unvalidated,RyanKim17920,Other / controls,,run_sub_6c6c051f71,https://api.labless.dev/api/runs/run_sub_a25f322b80
run_sub_015d456304,2026-08-13T07:57:05.622593Z,c11-train-p-a-0e2c94,0.6453560968085168,unvalidated,RyanKim17920,Other / controls,,run_sub_6c6c051f71,https://api.labless.dev/api/runs/run_sub_015d456304
run_sub_18b305b4f7,2026-08-13T08:03:24.063059Z,c11-userwsamp-2bb5af,0.6465072149870903,unvalidated,RyanKim17920,Data / augmentation,,run_sub_6c6c051f71,https://api.labless.dev/api/runs/run_sub_18b305b4f7
run_sub_52ba744399,2026-08-13T08:04:56.836545Z,c11-train-p-s-8c9416,0.6343189407988281,unvalidated,RyanKim17920,Other / controls,,run_sub_6c6c051f71,https://api.labless.dev/api/runs/run_sub_52ba744399
run_sub_e810267901,2026-08-13T08:07:10.970444Z,c11-asymaug-g-e81adf,0.6483005904143123,unvalidated,RyanKim17920,Data / augmentation,,run_sub_6c6c051f71,https://api.labless.dev/api/runs/run_sub_e810267901
run_sub_abf4c745ca,2026-08-13T08:40:45.743593Z,c11-lit-lejep-30f107,0.6477776936416457,unvalidated,RyanKim17920,Objectives / losses,,run_sub_6c6c051f71,https://api.labless.dev/api/runs/run_sub_abf4c745ca
run_sub_e7876b01f0,2026-08-13T09:01:59.184254Z,c11-train-pcg-7f9d29,0.6392552842569025,unvalidated,RyanKim17920,Objectives / losses,,run_sub_6c6c051f71,https://api.labless.dev/api/runs/run_sub_e7876b01f0
run_sub_bf1b5baa82,2026-08-13T09:24:51.594592Z,c11-p-adamuon-625eaf,0.614470572389801,unvalidated,RyanKim17920,Other / controls,,run_sub_6c6c051f71,https://api.labless.dev/api/runs/run_sub_bf1b5baa82
run_sub_111011193b,2026-08-13T09:25:18.171327Z,c11-train-tea-256d9c,0.6445826646302387,unvalidated,RyanKim17920,Other / controls,,run_sub_6c6c051f71,https://api.labless.dev/api/runs/run_sub_111011193b
run_sub_dc3144dacd,2026-08-13T10:57:11.981459Z,c11-train-p-m-addae6,0.6380615524783543,unvalidated,RyanKim17920,Other / controls,,run_sub_6c6c051f71,https://api.labless.dev/api/runs/run_sub_dc3144dacd
run_sub_66ca3e0f02,2026-08-13T10:58:41.474978Z,c11-p-lawa-wi-92c8cc,0.644993167570485,unvalidated,RyanKim17920,Other / controls,,run_sub_6c6c051f71,https://api.labless.dev/api/runs/run_sub_66ca3e0f02
run_sub_43c3f92fcd,2026-08-13T10:58:45.386221Z,c11-train-p-c-6660c3,0.6506355824663774,unvalidated,RyanKim17920,Architecture / backbone,,run_sub_6c6c051f71,https://api.labless.dev/api/runs/run_sub_43c3f92fcd
run_sub_0857fd8246,2026-08-13T11:01:26.948949Z,c11-train-p-c-9bd24a,0.6400624190477876,unvalidated,RyanKim17920,Objectives / losses,,run_sub_6c6c051f71,https://api.labless.dev/api/runs/run_sub_0857fd8246
run_sub_fe34bda3fb,2026-08-13T11:05:47.589599Z,c11-train-tea-e8cc45,0.6451408533047489,unvalidated,RyanKim17920,Other / controls,,run_sub_6c6c051f71,https://api.labless.dev/api/runs/run_sub_fe34bda3fb
run_sub_24ffc40b7f,2026-08-13T11:09:21.095090Z,c11-sdhl-self-17878e,0.6265088576367619,unvalidated,RyanKim17920,Other / controls,,run_sub_6c6c051f71,https://api.labless.dev/api/runs/run_sub_24ffc40b7f
run_sub_1e1d155d2c,2026-08-13T11:12:42.536461Z,c11-train-p-u-64477a,0.6423174856288093,unvalidated,RyanKim17920,Other / controls,,run_sub_6c6c051f71,https://api.labless.dev/api/runs/run_sub_1e1d155d2c
run_sub_b91e12ae20,2026-08-13T11:45:03.965927Z,c11-p-av-bala-b6cbe4,0.6401100262386211,unvalidated,RyanKim17920,Other / controls,,run_sub_6c6c051f71,https://api.labless.dev/api/runs/run_sub_b91e12ae20
run_sub_3ae01a5cb5,2026-08-13T12:20:40.634434Z,c11-train-p-g-3162c1,0.6442522535409507,unvalidated,RyanKim17920,Objectives / losses,,run_sub_6c6c051f71,https://api.labless.dev/api/runs/run_sub_3ae01a5cb5
run_sub_92f1caec4b,2026-08-13T12:24:27.687616Z,c11-train-p-a-6deb1b,0.6416362804001274,unvalidated,RyanKim17920,Other / controls,,run_sub_6c6c051f71,https://api.labless.dev/api/runs/run_sub_92f1caec4b
run_sub_1109953492,2026-08-13T12:25:24.597063Z,c11-p-av-conf-a1672c,0.6445624673742091,unvalidated,RyanKim17920,Other / controls,,run_sub_6c6c051f71,https://api.labless.dev/api/runs/run_sub_1109953492
run_sub_901b35e104,2026-08-13T12:32:00.087135Z,c11-lit-lejep-b7e712,0.649357981947894,unvalidated,RyanKim17920,Objectives / losses,,run_sub_6c6c051f71,https://api.labless.dev/api/runs/run_sub_901b35e104
run_sub_076133a868,2026-08-13T12:40:48.068038Z,c11-asym-aug-518d71,0.6448063162698339,unvalidated,RyanKim17920,Other / controls,,run_sub_6c6c051f71,https://api.labless.dev/api/runs/run_sub_076133a868
run_sub_c02167b53a,2026-08-13T12:49:36.854066Z,c11-p-localcr-ce92c7,0.6559558676663877,unvalidated,RyanKim17920,Data / augmentation; Objectives / losses,,run_sub_6c6c051f71,https://api.labless.dev/api/runs/run_sub_c02167b53a
run_sub_a9178893e3,2026-08-13T12:50:31.407660Z,c11-optimizer-286a3b,0.6443561619845563,unvalidated,RyanKim17920,Objectives / losses,,run_sub_6c6c051f71,https://api.labless.dev/api/runs/run_sub_a9178893e3
run_sub_dad51e56f4,2026-08-13T13:10:38.803927Z,c11-train-p-r-b75b61,0.6339243525765265,unvalidated,RyanKim17920,Other / controls,,run_sub_6c6c051f71,https://api.labless.dev/api/runs/run_sub_dad51e56f4
run_sub_093d6c2ecf,2026-08-13T13:15:12.738964Z,c11-loss-ibot-b126bc,0.6485348675838966,unvalidated,RyanKim17920,Objectives / losses,,run_sub_6c6c051f71,https://api.labless.dev/api/runs/run_sub_093d6c2ecf
run_sub_5523458a5f,2026-08-13T13:50:24.505896Z,c11-train-p-v-d98ab9,0.6456670796010792,unvalidated,RyanKim17920,Data / augmentation,,run_sub_6c6c051f71,https://api.labless.dev/api/runs/run_sub_5523458a5f
run_sub_e9e89a23eb,2026-08-13T13:51:33.816874Z,c11-train-pcg-fbb037,0.626399295081785,unvalidated,RyanKim17920,Objectives / losses,,run_sub_6c6c051f71,https://api.labless.dev/api/runs/run_sub_e9e89a23eb
run_sub_9e21076653,2026-08-13T13:56:31.199640Z,c11-md-miner-3dd6f2,0.643012171284231,unvalidated,RyanKim17920,Other / controls,,run_sub_6c6c051f71,https://api.labless.dev/api/runs/run_sub_9e21076653
run_sub_bd05a35b71,2026-08-13T14:36:00.302872Z,c11-train-p-g-19cb9f,0.6437302974776676,unvalidated,RyanKim17920,Objectives / losses,,run_sub_6c6c051f71,https://api.labless.dev/api/runs/run_sub_bd05a35b71
run_sub_5d1d47f900,2026-08-13T14:36:18.198762Z,c11-train-p-u-0bd59b,0.6103339823414007,unvalidated,RyanKim17920,Other / controls,,run_sub_6c6c051f71,https://api.labless.dev/api/runs/run_sub_5d1d47f900
run_sub_ef09049e23,2026-08-13T14:51:30.313530Z,c11-asymaug-t-110e42,0.6480842294085596,unvalidated,RyanKim17920,Other / controls,,run_sub_6c6c051f71,https://api.labless.dev/api/runs/run_sub_ef09049e23
run_sub_c37b6bcdc2,2026-08-13T14:56:23.113338Z,c11-learned-o-2dd089,0.6484766973824234,unvalidated,RyanKim17920,Other / controls,,run_sub_6c6c051f71,https://api.labless.dev/api/runs/run_sub_c37b6bcdc2
run_sub_e96d16a687,2026-08-13T15:14:54.818666Z,c11-localcrop-a5ae16,0.6473037659783198,unvalidated,RyanKim17920,Tuning / schedules; Data / augmentation; Objectives / losses,,run_sub_6c6c051f71,https://api.labless.dev/api/runs/run_sub_e96d16a687
run_sub_ba3c5400f5,2026-08-13T15:20:30.342852Z,c11-p-imbalan-ebe8e0,0.6446710156983311,unvalidated,RyanKim17920,Other / controls,,run_sub_6c6c051f71,https://api.labless.dev/api/runs/run_sub_ba3c5400f5
run_sub_5f2cd945b9,2026-08-13T15:26:14.714901Z,c11-train-p-r-293a45,0.6501375076374891,unvalidated,RyanKim17920,Other / controls,,run_sub_6c6c051f71,https://api.labless.dev/api/runs/run_sub_5f2cd945b9
run_sub_25f45071b3,2026-08-13T15:30:54.987099Z,c11-train-p-c-f8fda1,0.6457785206937902,unvalidated,RyanKim17920,Architecture / backbone,,run_sub_6c6c051f71,https://api.labless.dev/api/runs/run_sub_25f45071b3
run_sub_711c2b698d,2026-08-13T16:13:42.513558Z,c11-lit-visua-65b4ef,0.6465994256931208,unvalidated,RyanKim17920,Data / augmentation,,run_sub_6c6c051f71,https://api.labless.dev/api/runs/run_sub_711c2b698d
run_sub_30186e7f8a,2026-08-13T16:33:35.239902Z,c11-asymaug-t-37c463,0.6450878580400023,unvalidated,RyanKim17920,Other / controls,,run_sub_6c6c051f71,https://api.labless.dev/api/runs/run_sub_30186e7f8a
run_sub_e16832d188,2026-08-13T16:38:58.146122Z,c8-highfreq-e-1d57b6,0.6472667577423394,unvalidated,RyanKim17920,Objectives / losses,,run_sub_6c6c051f71,https://api.labless.dev/api/runs/run_sub_e16832d188
run_sub_987027354f,2026-08-13T16:40:37.883252Z,c11-learnedhe-f8a667,0.6471026950299079,unvalidated,RyanKim17920,Tuning / schedules,,run_sub_6c6c051f71,https://api.labless.dev/api/runs/run_sub_987027354f
run_sub_70f20fece8,2026-08-13T16:41:32.576594Z,c8-train-p-lo-77b2d7,0.6471948523658387,unvalidated,RyanKim17920,Tuning / schedules; Data / augmentation,,run_sub_6c6c051f71,https://api.labless.dev/api/runs/run_sub_70f20fece8
run_sub_80e34a8623,2026-08-13T16:42:51.500350Z,c6-spproto-k4-t1,0.6471343412511618,unvalidated,RyanKim17920,Other / controls,,run_sub_6c6c051f71,https://api.labless.dev/api/runs/run_sub_80e34a8623
run_sub_3564b849d0,2026-08-13T16:44:12.589036Z,c8-lejepa-sig-cd76f6,0.6470399802575143,unvalidated,RyanKim17920,Objectives / losses,,run_sub_6c6c051f71,https://api.labless.dev/api/runs/run_sub_3564b849d0
run_sub_6b8b003524,2026-08-13T16:47:06.231847Z,c8-augment-st-a847ba,0.6468714193823578,unvalidated,RyanKim17920,Data / augmentation,,run_sub_6c6c051f71,https://api.labless.dev/api/runs/run_sub_6b8b003524
run_sub_00bd01443f,2026-08-13T16:49:16.960294Z,c11-train-p-a-a96aff,0.6336490744066808,unvalidated,RyanKim17920,Other / controls,,run_sub_6c6c051f71,https://api.labless.dev/api/runs/run_sub_00bd01443f
run_sub_294025dfa8,2026-08-13T16:54:30.167156Z,c8-mask-stati-2d1cb6,0.6468199267108894,unvalidated,RyanKim17920,Other / controls,,run_sub_6c6c051f71,https://api.labless.dev/api/runs/run_sub_294025dfa8
run_sub_d15dc06e2a,2026-08-13T16:57:33.311089Z,c8-localcrop-87b750,0.6467203950384517,unvalidated,RyanKim17920,Tuning / schedules; Data / augmentation,,run_sub_6c6c051f71,https://api.labless.dev/api/runs/run_sub_d15dc06e2a
run_sub_e6c83d34be,2026-08-13T17:00:53.037985Z,c8-train-p-vi-adea7a,0.6465392075726241,unvalidated,RyanKim17920,Tuning / schedules; Architecture / backbone,,run_sub_6c6c051f71,https://api.labless.dev/api/runs/run_sub_e6c83d34be
run_sub_88612c3fdf,2026-08-13T17:02:13.882178Z,c8-train-p-li-72112e,0.6465319503473905,unvalidated,RyanKim17920,Objectives / losses,,run_sub_6c6c051f71,https://api.labless.dev/api/runs/run_sub_88612c3fdf
run_sub_f90a72a8ea,2026-08-13T17:05:08.131721Z,c8-train-p-lo-187216,0.64633277117258,unvalidated,RyanKim17920,Tuning / schedules; Data / augmentation,,run_sub_6c6c051f71,https://api.labless.dev/api/runs/run_sub_f90a72a8ea
run_sub_5fbf453989,2026-08-13T17:06:40.505905Z,c5-l12_softeq_t1,0.6462939631215566,unvalidated,RyanKim17920,Other / controls,,run_sub_6c6c051f71,https://api.labless.dev/api/runs/run_sub_5fbf453989
run_sub_4c438eed6d,2026-08-13T17:08:11.965375Z,c8-train-mask-fa26a3,0.6462863677555751,unvalidated,RyanKim17920,Tuning / schedules,,run_sub_6c6c051f71,https://api.labless.dev/api/runs/run_sub_4c438eed6d
run_sub_9eca065fcc,2026-08-13T17:09:42.918625Z,c8-train-p-gl-866fe7,0.6462596489620286,unvalidated,RyanKim17920,Tuning / schedules; Data / augmentation,,run_sub_6c6c051f71,https://api.labless.dev/api/runs/run_sub_9eca065fcc
run_sub_b05903ffd5,2026-08-13T17:12:19.847413Z,c8-anti-colla-2deac1,0.6462283582273803,unvalidated,RyanKim17920,Tuning / schedules; Objectives / losses,,run_sub_6c6c051f71,https://api.labless.dev/api/runs/run_sub_b05903ffd5
run_sub_6c1bef1928,2026-08-13T17:16:19.578341Z,c8-aug-staina-870ea9,0.6459350615995479,unvalidated,RyanKim17920,Data / augmentation,,run_sub_6c6c051f71,https://api.labless.dev/api/runs/run_sub_6c1bef1928
run_sub_92c6f563ab,2026-08-13T17:19:18.631666Z,c8-datacurati-0b9d62,0.6458336714578935,unvalidated,RyanKim17920,Data / augmentation,,run_sub_6c6c051f71,https://api.labless.dev/api/runs/run_sub_92c6f563ab
run_sub_9936010781,2026-08-13T17:24:33.702800Z,c8-mask-ratio-6b1ca8,0.645362730966873,unvalidated,RyanKim17920,Tuning / schedules,,run_sub_6c6c051f71,https://api.labless.dev/api/runs/run_sub_9936010781
run_sub_67c2c17b0a,2026-08-13T17:25:51.380616Z,c8-localcrop-1e5302,0.6452469135943678,unvalidated,RyanKim17920,Tuning / schedules; Data / augmentation,,run_sub_6c6c051f71,https://api.labless.dev/api/runs/run_sub_67c2c17b0a
run_sub_9ac5680f4f,2026-08-13T17:28:27.849132Z,c8-localcrop-c2260c,0.6450496788793614,unvalidated,RyanKim17920,Tuning / schedules; Data / augmentation,,run_sub_6c6c051f71,https://api.labless.dev/api/runs/run_sub_9ac5680f4f
run_sub_ec2660a995,2026-08-13T17:29:48.142583Z,c8-train-p-lo-3f0a1e,0.6449761997322667,unvalidated,RyanKim17920,Tuning / schedules; Data / augmentation,,run_sub_6c6c051f71,https://api.labless.dev/api/runs/run_sub_ec2660a995
run_sub_82adb5ffbf,2026-08-13T17:31:03.762304Z,c8-stain-aug-1fa409,0.6449041662555793,unvalidated,RyanKim17920,Tuning / schedules; Data / augmentation,,run_sub_6c6c051f71,https://api.labless.dev/api/runs/run_sub_82adb5ffbf
run_sub_eb6e50d94f,2026-08-13T17:33:42.436541Z,c8-dinov3-bas-25e33f,0.6444598504559896,unvalidated,RyanKim17920,Tuning / schedules; Objectives / losses; Architecture / backbone,,run_sub_6c6c051f71,https://api.labless.dev/api/runs/run_sub_eb6e50d94f
run_sub_3884868d7a,2026-08-13T17:35:06.717634Z,c8-lit-focal-0053bb,0.6442842151015218,unvalidated,RyanKim17920,Objectives / losses,,run_sub_6c6c051f71,https://api.labless.dev/api/runs/run_sub_3884868d7a
run_sub_d53c62c01d,2026-08-13T17:39:01.110414Z,c8-train-p-li-790234,0.6440485805218976,unvalidated,RyanKim17920,Objectives / losses,,run_sub_6c6c051f71,https://api.labless.dev/api/runs/run_sub_d53c62c01d
run_sub_a49967f655,2026-08-13T17:41:11.596526Z,c7-train-p-ma-9b43fa,0.6430837049078446,unvalidated,RyanKim17920,Other / controls,,run_sub_6c6c051f71,https://api.labless.dev/api/runs/run_sub_a49967f655
run_sub_6bd10fe1d6,2026-08-13T17:42:25.218271Z,c8-masking-st-25f156,0.6428773307399087,unvalidated,RyanKim17920,Other / controls,,run_sub_6c6c051f71,https://api.labless.dev/api/runs/run_sub_6bd10fe1d6
run_sub_14e669dda5,2026-08-13T17:46:26.285849Z,c8-train-p-ko-22889a,0.6426903620621353,unvalidated,RyanKim17920,Tuning / schedules; Objectives / losses,,run_sub_6c6c051f71,https://api.labless.dev/api/runs/run_sub_14e669dda5
run_sub_52d31032e6,2026-08-13T17:49:00.604038Z,c8-jepa-focal-602851,0.6421657354130818,unvalidated,RyanKim17920,Objectives / losses,,run_sub_6c6c051f71,https://api.labless.dev/api/runs/run_sub_52d31032e6
run_sub_bb6f16de49,2026-08-13T17:54:16.091915Z,c8-hed-jitter-b5796d,0.6418958134730398,unvalidated,RyanKim17920,Tuning / schedules; Data / augmentation,,run_sub_6c6c051f71,https://api.labless.dev/api/runs/run_sub_bb6f16de49
run_sub_b9ee6744c3,2026-08-13T17:56:48.434501Z,c8-train-p-av-c7a1d8,0.6417319509310402,unvalidated,RyanKim17920,Data / augmentation,,run_sub_6c6c051f71,https://api.labless.dev/api/runs/run_sub_b9ee6744c3
run_sub_a32485b041,2026-08-13T17:58:05.782303Z,c8-capi-ibot-b1414d,0.6416509963361553,unvalidated,RyanKim17920,Objectives / losses,,run_sub_6c6c051f71,https://api.labless.dev/api/runs/run_sub_a32485b041
run_sub_29efabca11,2026-08-13T18:02:35.694702Z,c8-train-p-st-9d008c,0.6410638314325126,unvalidated,RyanKim17920,Data / augmentation,,run_sub_6c6c051f71,https://api.labless.dev/api/runs/run_sub_29efabca11
run_sub_b97af2b14c,2026-08-13T18:05:30.703638Z,c11-visdedup-07d3e2,0.6448775521944693,unvalidated,RyanKim17920,Data / augmentation,,run_sub_6c6c051f71,https://api.labless.dev/api/runs/run_sub_b97af2b14c
run_sub_5cb85417ea,2026-08-13T18:07:45.315370Z,c8-masking-st-0e044f,0.6405108717850442,unvalidated,RyanKim17920,Other / controls,,run_sub_6c6c051f71,https://api.labless.dev/api/runs/run_sub_5cb85417ea
run_sub_af66aa464b,2026-08-13T18:08:59.988631Z,c8-train-p-st-0f9fb9,0.6397895093358507,unvalidated,RyanKim17920,Tuning / schedules,,run_sub_6c6c051f71,https://api.labless.dev/api/runs/run_sub_af66aa464b
run_sub_59f222693b,2026-08-13T18:10:14.401075Z,c8-train-p-av-2cb210,0.6393262541780913,unvalidated,RyanKim17920,Tuning / schedules; Data / augmentation,,run_sub_6c6c051f71,https://api.labless.dev/api/runs/run_sub_59f222693b
run_sub_6e3863a473,2026-08-13T18:11:37.905719Z,c8-loss-gram-c51ed3,0.6393091454860481,unvalidated,RyanKim17920,Tuning / schedules; Objectives / losses,,run_sub_6c6c051f71,https://api.labless.dev/api/runs/run_sub_6e3863a473
run_sub_8b39348806,2026-08-13T18:15:29.605947Z,c8-asymmetric-cd993a,0.6386991689126553,unvalidated,RyanKim17920,Other / controls,,run_sub_6c6c051f71,https://api.labless.dev/api/runs/run_sub_8b39348806
run_sub_6d6d7b3e8a,2026-08-13T18:16:44.806309Z,c6-gram-anchoring-t2,0.63810930736267,unvalidated,RyanKim17920,Objectives / losses,,run_sub_6c6c051f71,https://api.labless.dev/api/runs/run_sub_6d6d7b3e8a
run_sub_dfafe7742b,2026-08-13T18:19:20.626498Z,c8-md-ideator-eaf2ba,0.6380624991882029,unvalidated,RyanKim17920,Objectives / losses,,run_sub_6c6c051f71,https://api.labless.dev/api/runs/run_sub_dfafe7742b
run_sub_bad75c8516,2026-08-13T18:20:37.412166Z,c8-infra-head-d5d6e8,0.6377351837463958,unvalidated,RyanKim17920,Architecture / backbone,,run_sub_6c6c051f71,https://api.labless.dev/api/runs/run_sub_bad75c8516
run_sub_f077348c7f,2026-08-13T18:22:01.871594Z,c8-train-p-av-6589e2,0.6372073592616412,unvalidated,RyanKim17920,Data / augmentation,,run_sub_6c6c051f71,https://api.labless.dev/api/runs/run_sub_f077348c7f
run_sub_a9c92f11c0,2026-08-13T18:23:15.205916Z,c8-train-p-av-fe2e51,0.6371940474444278,unvalidated,RyanKim17920,Objectives / losses,,run_sub_6c6c051f71,https://api.labless.dev/api/runs/run_sub_a9c92f11c0
run_sub_b3aec3b945,2026-08-13T18:24:35.746605Z,c8-loss-gram-80cca6,0.6370572804379667,unvalidated,RyanKim17920,Objectives / losses,,run_sub_6c6c051f71,https://api.labless.dev/api/runs/run_sub_b3aec3b945
run_sub_7d070be7ec,2026-08-13T18:25:50.209853Z,c8-anticollap-70547d,0.6364629462751809,unvalidated,RyanKim17920,Tuning / schedules; Objectives / losses,,run_sub_6c6c051f71,https://api.labless.dev/api/runs/run_sub_7d070be7ec
run_sub_d144aadc6a,2026-08-14T16:35:24.867952Z,c8-train-p-si-c0b4f3,0.6332435084594786,unvalidated,RyanKim17920,Tuning / schedules; Data / augmentation,,run_sub_6c6c051f71,https://api.labless.dev/api/runs/run_sub_d144aadc6a
run_sub_e41f078cb6,2026-08-14T16:40:41.833258Z,c8-train-p-st-c83ab3,0.6322105711287566,unvalidated,RyanKim17920,Tuning / schedules; Data / augmentation,,run_sub_6c6c051f71,https://api.labless.dev/api/runs/run_sub_e41f078cb6
run_sub_e1beb95dec,2026-08-14T16:43:23.385727Z,c8-anticollap-581b84,0.6285002826542784,unvalidated,RyanKim17920,Objectives / losses,,run_sub_6c6c051f71,https://api.labless.dev/api/runs/run_sub_e1beb95dec
run_sub_588a414a6d,2026-08-14T16:44:45.200913Z,c8-localcrop-3735e5,0.6279635434908897,unvalidated,RyanKim17920,Tuning / schedules; Data / augmentation,,run_sub_6c6c051f71,https://api.labless.dev/api/runs/run_sub_588a414a6d
run_sub_0e83171010,2026-08-14T16:46:01.912440Z,c8-avoid-aug-7014f3,0.6278677770770025,unvalidated,RyanKim17920,Data / augmentation,,run_sub_6c6c051f71,https://api.labless.dev/api/runs/run_sub_0e83171010
run_sub_20de90e309,2026-08-14T16:48:45.455347Z,c8-ideator-mi-cf3e22,0.6271233319875387,unvalidated,RyanKim17920,Tuning / schedules; Objectives / losses,,run_sub_6c6c051f71,https://api.labless.dev/api/runs/run_sub_20de90e309
run_sub_34b21dc16d,2026-08-14T16:51:05.147638Z,c8-koleo-cdis-8ff142,0.6270000988242702,unvalidated,RyanKim17920,Objectives / losses; Architecture / backbone,,run_sub_6c6c051f71,https://api.labless.dev/api/runs/run_sub_34b21dc16d
run_sub_68429f8774,2026-08-14T16:52:27.370497Z,c8-nn-neighbo-8eea94,0.6260066017460701,unvalidated,RyanKim17920,Other / controls,,run_sub_6c6c051f71,https://api.labless.dev/api/runs/run_sub_68429f8774
run_sub_fe47d607e0,2026-08-14T16:56:24.459596Z,c8-train-kole-415b19,0.6245294795031848,unvalidated,RyanKim17920,Objectives / losses,,run_sub_6c6c051f71,https://api.labless.dev/api/runs/run_sub_fe47d607e0
run_sub_a0a253e72e,2026-08-14T16:57:46.143412Z,c8-train-p-li-0ce4cc,0.6238873222064037,unvalidated,RyanKim17920,Tuning / schedules; Objectives / losses,,run_sub_6c6c051f71,https://api.labless.dev/api/runs/run_sub_a0a253e72e
run_sub_1bbeedbcf5,2026-08-14T17:05:25.877925Z,c8-auglite-gr-c58a46,0.6159517445047825,unvalidated,RyanKim17920,Data / augmentation,,run_sub_6c6c051f71,https://api.labless.dev/api/runs/run_sub_1bbeedbcf5
run_sub_4dfd9a20e5,2026-08-14T17:06:44.483116Z,c8-auglite-st-ee392a,0.612955948963332,unvalidated,RyanKim17920,Other / controls,,run_sub_6c6c051f71,https://api.labless.dev/api/runs/run_sub_4dfd9a20e5
run_sub_70880ab42a,2026-08-14T17:10:23.543750Z,c8-lit-highfr-edf768,0.6071579893706701,unvalidated,RyanKim17920,Objectives / losses,,run_sub_6c6c051f71,https://api.labless.dev/api/runs/run_sub_70880ab42a
run_sub_fe2b668913,2026-08-14T17:11:45.590944Z,c8-train-p-si-fa8829,0.595785791489557,unvalidated,RyanKim17920,Objectives / losses,,run_sub_6c6c051f71,https://api.labless.dev/api/runs/run_sub_fe2b668913
run_sub_5013e383ce,2026-08-14T17:19:43.182326Z,c8-genbio-rgb-542aeb,0.5411396666925645,unvalidated,RyanKim17920,Data / augmentation,,run_sub_6c6c051f71,https://api.labless.dev/api/runs/run_sub_5013e383ce
run_sub_32e2afc88f,2026-08-14T17:21:01.366652Z,c8-genbio-rgb-e761c9,0.5368937459850515,unvalidated,RyanKim17920,Data / augmentation,,run_sub_6c6c051f71,https://api.labless.dev/api/runs/run_sub_32e2afc88f
run_sub_ce850c8a10,2026-08-14T17:22:20.203245Z,c8-train-p-li-c14a23,0.49360592104492995,unvalidated,RyanKim17920,Objectives / losses,,run_sub_6c6c051f71,https://api.labless.dev/api/runs/run_sub_ce850c8a10
run_sub_68653431b8,2026-08-14T17:23:38.467168Z,c8-train-p-li-f1610b,0.48718372500876844,unvalidated,RyanKim17920,Objectives / losses,,run_sub_6c6c051f71,https://api.labless.dev/api/runs/run_sub_68653431b8
run_sub_ca1de83869,2026-08-14T17:25:03.745153Z,c7-train-loca-0efcdd,0.4562971651653499,unvalidated,RyanKim17920,Tuning / schedules; Data / augmentation,,run_sub_6c6c051f71,https://api.labless.dev/api/runs/run_sub_ca1de83869
run_sub_06cbe8ca95,2026-08-14T17:31:28.090441Z,c8-sizemix-wi-09675e,0.653369934742506,unvalidated,RyanKim17920,Tuning / schedules; Data / augmentation,,run_sub_6c6c051f71,https://api.labless.dev/api/runs/run_sub_06cbe8ca95
run_sub_76a4182751,2026-08-16T10:31:11.821563Z,jepa-register-005,0.6649978256529375,unvalidated,tmabraham,Objectives / losses; Architecture / backbone; Readout / post-train,,run_sub_6c6c051f71,https://api.labless.dev/api/runs/run_sub_76a4182751
run_sub_2db2d32375,2026-08-16T14:55:41.613820Z,JEPA_Concat,0.6546800262027814,unvalidated,Dojo2024,Objectives / losses,,run_sub_6c6c051f71,https://api.labless.dev/api/runs/run_sub_2db2d32375
run_sub_74905b8d03,2026-08-17T00:41:24.978132Z,simclr-1m-repro,0.6476689415610053,unvalidated,tmabraham,Objectives / losses; Architecture / backbone; Readout / post-train,,run_sub_6c6c051f71,https://api.labless.dev/api/runs/run_sub_74905b8d03
run_sub_a7bc0cf849,2026-08-17T01:37:38.575272Z,simclr-t0810-repro,0.6512871529334302,unvalidated,tmabraham,Tuning / schedules; Objectives / losses; Architecture / backbone; Readout / post-train,,run_sub_6c6c051f71,https://api.labless.dev/api/runs/run_sub_a7bc0cf849
run_sub_1e6ae46eb5,2026-08-18T23:56:18.152201Z,robust-norm,0.6755854661446378,unvalidated,anishdulal,Tuning / schedules; Data / augmentation; Readout / post-train,,run_sub_6c6c051f71,https://api.labless.dev/api/runs/run_sub_1e6ae46eb5
run_sub_741d5b7cff,2026-08-19T02:24:43.418780Z,rot180-tta,0.6758051969813651,unvalidated,anishdulal,Tuning / schedules; Data / augmentation; Readout / post-train,run_sub_1e6ae46eb5,run_sub_6c6c051f71,https://api.labless.dev/api/runs/run_sub_741d5b7cff
run_sub_6b2169851d,2026-08-19T04:24:19.462415Z,robust-norm-s160,0.6707161160473348,unvalidated,anishdulal,Data / augmentation; Readout / post-train,run_sub_1e6ae46eb5,run_sub_6c6c051f71,https://api.labless.dev/api/runs/run_sub_6b2169851d
run_sub_a1a42e9ea2,2026-08-19T19:09:45.112633Z,skr_cent_none,0.6617999588683463,unvalidated,rbiju,Objectives / losses,,run_sub_6c6c051f71,https://api.labless.dev/api/runs/run_sub_a1a42e9ea2
run_sub_16b156161d,2026-08-20T16:23:30.254847Z,robust-norm-s9876,0.6675618250254949,leader,anishdulal,Tuning / schedules; Data / augmentation; Objectives / losses; Readout / post-train,,run_sub_6c6c051f71,https://api.labless.dev/api/runs/run_sub_16b156161d
run_sub_e2cdd86b21,2026-08-21T22:59:40.147207Z,simclr-posttrain,0.6509619775723833,unvalidated,ml-and-ml,Objectives / losses; Readout / post-train,run_sub_a7bc0cf849; run_sub_16b156161d,run_sub_6c6c051f71,https://api.labless.dev/api/runs/run_sub_e2cdd86b21
