child_run_id,child_title,ended_at,score,validation,campaign,primary_parent_id,primary_parent_title,relation_method,confidence,evidence,score_delta,core_source_similarity,secondary_parent_ids,secondary_parent_titles,web_url
run_sub_0d8aeb2511,dinov2-s-kde,2026-06-03T00:03:17.299483Z,0.6276890681582389,validated,Early manual,,,root,n/a,earliest public run,,,,,https://labless.dev/runs/run_sub_0d8aeb2511
run_sub_8b10c87dfb,"A100, bs=64",2026-06-04T18:11:06.835179Z,0.6236298140241586,unvalidated,Early manual,run_sub_0d8aeb2511,dinov2-s-kde,source_branch,source-only,repo.main_diff.base_run_id,-0.004059254134080259,0.75,,,https://labless.dev/runs/run_sub_8b10c87dfb
run_sub_0f32802c54,tissue-curate,2026-06-05T13:20:37.929745Z,0.634725822613288,unvalidated,Early manual,run_sub_0d8aeb2511,dinov2-s-kde,source_branch,source-only,repo.main_diff.base_run_id,0.007036754455049143,0.5,,,https://labless.dev/runs/run_sub_0f32802c54
run_sub_53a6eca303,curric-frac75,2026-06-05T13:37:46.954045Z,0.6330825056076957,unvalidated,Early manual,run_sub_0d8aeb2511,dinov2-s-kde,source_branch,source-only,repo.main_diff.base_run_id,0.0053934374494568615,0.5,,,https://labless.dev/runs/run_sub_53a6eca303
run_sub_8fc10b5e02,warmup03-b2,2026-06-05T13:37:56.187111Z,0.6319690402024969,unvalidated,Early manual,run_sub_0d8aeb2511,dinov2-s-kde,source_branch,source-only,repo.main_diff.base_run_id,0.004279972044258007,0.5,,,https://labless.dev/runs/run_sub_8fc10b5e02
run_sub_6c6c051f71,lr-and-curation,2026-06-05T21:31:52.523664Z,0.6356535389745309,validated,Early manual,run_sub_0f32802c54,tissue-curate,explicit_run_id,high,notes cite run_sub_0f32802c54,0.0009277163612428918,0.5,,,https://labless.dev/runs/run_sub_6c6c051f71
run_sub_ce783976ea,gentleaug-l112,2026-06-06T00:17:55.105977Z,0.6375564759066364,unvalidated,Early manual,run_sub_6c6c051f71,lr-and-curation,source_branch,source-only,repo.main_diff.base_run_id,0.0019029369321055256,0.5,,,https://labless.dev/runs/run_sub_ce783976ea
run_sub_e462a0a3e7,magjit,2026-06-06T05:24:37.587200Z,0.6313682034107488,unvalidated,Early manual,run_sub_6c6c051f71,lr-and-curation,source_branch,source-only,repo.main_diff.base_run_id,-0.004285335563782078,0.5,,,https://labless.dev/runs/run_sub_e462a0a3e7
run_sub_99b3ad6898,jepa-dino,2026-06-06T05:54:59.950431Z,0.6470817299693318,unvalidated,Early manual,run_sub_6c6c051f71,lr-and-curation,source_branch,source-only,repo.main_diff.base_run_id,0.011428190994800858,0.0,,,https://labless.dev/runs/run_sub_99b3ad6898
run_sub_0cdf7364c0,jepa-mask25,2026-06-06T14:15:03.207424Z,0.6471365805506915,unvalidated,Early manual,run_sub_6c6c051f71,lr-and-curation,source_branch,source-only,repo.main_diff.base_run_id,0.011483041576160535,0.0,,,https://labless.dev/runs/run_sub_0cdf7364c0
run_sub_1ef0eea009,jepa-narrow,2026-06-06T14:17:55.634763Z,0.6470253176924191,unvalidated,Early manual,run_sub_6c6c051f71,lr-and-curation,source_branch,source-only,repo.main_diff.base_run_id,0.011371778717888192,0.0,,,https://labless.dev/runs/run_sub_1ef0eea009
run_sub_bb20cbae4a,jepa-mask10,2026-06-06T14:08:57.615297Z,0.6500937592639896,unvalidated,Early manual,run_sub_6c6c051f71,lr-and-curation,source_branch,source-only,repo.main_diff.base_run_id,0.014440220289458683,0.0,,,https://labless.dev/runs/run_sub_bb20cbae4a
run_sub_4035c72174,jepa-dual,2026-06-06T14:22:31.447907Z,0.6392014805902057,unvalidated,Early manual,run_sub_6c6c051f71,lr-and-curation,source_branch,source-only,repo.main_diff.base_run_id,0.0035479416156747323,0.0,,,https://labless.dev/runs/run_sub_4035c72174
run_sub_ffdb1b12ac,jepa-mask5,2026-06-06T16:06:57.128371Z,0.6494812637234296,unvalidated,Early manual,run_sub_6c6c051f71,lr-and-curation,source_branch,source-only,repo.main_diff.base_run_id,0.013827724748898707,0.0,,,https://labless.dev/runs/run_sub_ffdb1b12ac
run_sub_e0b11ed636,hsv-tissue,2026-06-07T00:44:32.994531Z,0.6321599502876661,unvalidated,Early manual,run_sub_6c6c051f71,lr-and-curation,source_branch,source-only,repo.main_diff.base_run_id,-0.003493588686864779,0.5,,,https://labless.dev/runs/run_sub_e0b11ed636
run_sub_802e83b402,dinov3-vits-jepa,2026-06-07T01:48:17.655623Z,0.6404587510669775,unvalidated,Early manual,run_sub_6c6c051f71,lr-and-curation,source_branch,source-only,repo.main_diff.base_run_id,0.0048052120924465536,0.0,,,https://labless.dev/runs/run_sub_802e83b402
run_sub_df0b646cd4,vit5-vitb-kde,2026-06-07T01:57:28.327115Z,0.6148828244943398,unvalidated,Early manual,run_sub_6c6c051f71,lr-and-curation,source_branch,source-only,repo.main_diff.base_run_id,-0.020770714480191077,0.0,,,https://labless.dev/runs/run_sub_df0b646cd4
run_sub_ad5c1705b1,vit5-vits-kde,2026-06-07T01:57:44.040657Z,0.6012222669844093,unvalidated,Early manual,run_sub_6c6c051f71,lr-and-curation,source_branch,source-only,repo.main_diff.base_run_id,-0.03443127199012164,0.0,,,https://labless.dev/runs/run_sub_ad5c1705b1
run_sub_02076759a7,tissue03,2026-06-07T16:30:53.617600Z,0.6321906995908648,unvalidated,Early manual,run_sub_6c6c051f71,lr-and-curation,source_branch,source-only,repo.main_diff.base_run_id,-0.0034628393836660942,0.75,,,https://labless.dev/runs/run_sub_02076759a7
run_sub_8400095956,ijepa-for-all,2026-06-08T03:39:30.506826Z,0.6424755237202725,unvalidated,Early manual,run_sub_6c6c051f71,lr-and-curation,source_branch,source-only,repo.main_diff.base_run_id,0.006821984745741583,0.0,,,https://labless.dev/runs/run_sub_8400095956
run_sub_816fc5d0ca,I-JEPA contig patch,2026-06-09T18:03:17.278578Z,0.644406926685217,validated,Early manual,run_sub_bb20cbae4a,jepa-mask10,explicit_run_id,high,notes cite run_sub_bb20cbae4a,-0.00568683257877256,0.0,,,https://labless.dev/runs/run_sub_816fc5d0ca
run_sub_25b5fd6d3b,dino-jepa,2026-06-10T03:25:21.214956Z,0.6304501685663608,unvalidated,Early manual,run_sub_6c6c051f71,lr-and-curation,source_branch,source-only,repo.main_diff.base_run_id,-0.005203370408170094,0.5,,,https://labless.dev/runs/run_sub_25b5fd6d3b
run_sub_7333994365,main-default,2026-06-10T06:01:46.658291Z,0.6341128080043013,unvalidated,Early manual,run_sub_6c6c051f71,lr-and-curation,source_branch,source-only,repo.main_diff.base_run_id,-0.0015407309702296645,0.75,,,https://labless.dev/runs/run_sub_7333994365
run_sub_f653951c3a,mergeMainLeader,2026-06-10T18:15:08.335203Z,0.6307622722491856,unvalidated,Early manual,run_sub_6c6c051f71,lr-and-curation,source_branch,source-only,repo.main_diff.base_run_id,-0.004891266725345345,0.75,,,https://labless.dev/runs/run_sub_f653951c3a
run_sub_fc5c458152,jepa-gram-anchor,2026-06-11T03:53:56.100798Z,0.6369912099422956,unvalidated,Early manual,run_sub_6c6c051f71,lr-and-curation,source_branch,source-only,repo.main_diff.base_run_id,0.0013376709677647147,0.5,,,https://labless.dev/runs/run_sub_fc5c458152
run_sub_adeab711e6,jepa-tissue03,2026-06-11T13:09:33.502475Z,0.6417147555220721,unvalidated,Early manual,run_sub_6c6c051f71,lr-and-curation,source_branch,source-only,repo.main_diff.base_run_id,0.006061216547541215,0.5,,,https://labless.dev/runs/run_sub_adeab711e6
run_sub_959982de57,dino-jepa-pred6,2026-06-11T19:24:27.293134Z,0.644866172401772,unvalidated,Early manual,run_sub_6c6c051f71,lr-and-curation,source_branch,source-only,repo.main_diff.base_run_id,0.009212633427241101,0.5,,,https://labless.dev/runs/run_sub_959982de57
run_sub_2e56e7ded8,jepa-mask075,2026-06-11T20:18:18.547864Z,0.6426891307979846,unvalidated,Early manual,run_sub_6c6c051f71,lr-and-curation,source_branch,source-only,repo.main_diff.base_run_id,0.007035591823453702,0.5,,,https://labless.dev/runs/run_sub_2e56e7ded8
run_sub_e8797adfe5,dino_jepa_w1,2026-06-12T01:35:33.191922Z,0.6310999001282492,unvalidated,Early manual,run_sub_6c6c051f71,lr-and-curation,source_branch,source-only,repo.main_diff.base_run_id,-0.004553638846281682,0.25,,,https://labless.dev/runs/run_sub_e8797adfe5
run_sub_2be55385f1,dino_jepa_w2,2026-06-12T01:35:45.662711Z,0.6300569292670737,unvalidated,Early manual,run_sub_6c6c051f71,lr-and-curation,source_branch,source-only,repo.main_diff.base_run_id,-0.005596609707457234,0.25,,,https://labless.dev/runs/run_sub_2be55385f1
run_sub_ffac0d4472,dino_jepa_w4,2026-06-12T01:35:58.411054Z,0.6250232841793385,unvalidated,Early manual,run_sub_6c6c051f71,lr-and-curation,source_branch,source-only,repo.main_diff.base_run_id,-0.010630254795192418,0.25,,,https://labless.dev/runs/run_sub_ffac0d4472
run_sub_df7330d020,diversity,2026-06-12T01:36:10.611241Z,0.6285919217341065,unvalidated,Early manual,run_sub_6c6c051f71,lr-and-curation,source_branch,source-only,repo.main_diff.base_run_id,-0.007061617240424423,0.25,,,https://labless.dev/runs/run_sub_df7330d020
run_sub_373f29d67e,jedi,2026-06-12T01:36:23.055086Z,0.6268991722730528,unvalidated,Early manual,run_sub_6c6c051f71,lr-and-curation,source_branch,source-only,repo.main_diff.base_run_id,-0.008754366701478111,0.25,,,https://labless.dev/runs/run_sub_373f29d67e
run_sub_ececf5d4a3,jedi_f40,2026-06-12T01:36:34.865624Z,0.6269325579618531,unvalidated,Early manual,run_sub_6c6c051f71,lr-and-curation,source_branch,source-only,repo.main_diff.base_run_id,-0.00872098101267782,0.25,,,https://labless.dev/runs/run_sub_ececf5d4a3
run_sub_d402281eb2,jedi_outpaint,2026-06-12T01:36:47.409559Z,0.6272099565222171,unvalidated,Early manual,run_sub_6c6c051f71,lr-and-curation,source_branch,source-only,repo.main_diff.base_run_id,-0.008443582452313803,0.25,,,https://labless.dev/runs/run_sub_d402281eb2
run_sub_56fb9689a0,jedi_w05,2026-06-12T01:36:59.032590Z,0.6278729399568928,unvalidated,Early manual,run_sub_6c6c051f71,lr-and-curation,source_branch,source-only,repo.main_diff.base_run_id,-0.007780599017638168,0.25,,,https://labless.dev/runs/run_sub_56fb9689a0
run_sub_1c3eebd67b,jedi_w20,2026-06-12T01:37:10.907845Z,0.6271315877228284,unvalidated,Early manual,run_sub_6c6c051f71,lr-and-curation,source_branch,source-only,repo.main_diff.base_run_id,-0.00852195125170252,0.25,,,https://labless.dev/runs/run_sub_1c3eebd67b
run_sub_6cbc40b75f,jepa,2026-06-12T01:37:23.318000Z,0.6273309367755017,unvalidated,Early manual,run_sub_6c6c051f71,lr-and-curation,source_branch,source-only,repo.main_diff.base_run_id,-0.00832260219902925,0.25,,,https://labless.dev/runs/run_sub_6cbc40b75f
run_sub_e77982a0b5,nima,2026-06-12T01:37:36.111954Z,0.6401040129590391,unvalidated,Early manual,run_sub_6c6c051f71,lr-and-curation,source_branch,source-only,repo.main_diff.base_run_id,0.004450473984508152,0.5,,,https://labless.dev/runs/run_sub_e77982a0b5
run_sub_797f9c4ede,nima_blocks6,2026-06-12T01:37:48.711565Z,0.6427208547693524,unvalidated,Early manual,run_sub_6c6c051f71,lr-and-curation,source_branch,source-only,repo.main_diff.base_run_id,0.007067315794821449,0.5,,,https://labless.dev/runs/run_sub_797f9c4ede
run_sub_4da48ee2c5,nima_cover20,2026-06-12T01:38:01.491557Z,0.639399842496504,unvalidated,Early manual,run_sub_6c6c051f71,lr-and-curation,source_branch,source-only,repo.main_diff.base_run_id,0.0037463035219730267,0.5,,,https://labless.dev/runs/run_sub_4da48ee2c5
run_sub_2fd2527d5d,nima_gram01,2026-06-12T01:38:14.477415Z,0.640735920041378,unvalidated,Early manual,run_sub_6c6c051f71,lr-and-curation,source_branch,source-only,repo.main_diff.base_run_id,0.005082381066847108,0.5,,,https://labless.dev/runs/run_sub_2fd2527d5d
run_sub_116366e921,nima_gram03,2026-06-12T01:38:27.167614Z,0.6391453776506608,unvalidated,Early manual,run_sub_6c6c051f71,lr-and-curation,source_branch,source-only,repo.main_diff.base_run_id,0.003491838676129899,0.5,,,https://labless.dev/runs/run_sub_116366e921
run_sub_d71378a44e,nima_gram_ms,2026-06-12T01:38:40.009001Z,0.638119474305883,unvalidated,Early manual,run_sub_6c6c051f71,lr-and-curation,source_branch,source-only,repo.main_diff.base_run_id,0.002465935331352087,0.5,,,https://labless.dev/runs/run_sub_d71378a44e
run_sub_d0a80be591,nima_ibot03,2026-06-12T01:38:52.578923Z,0.6374063065571289,unvalidated,Early manual,run_sub_6c6c051f71,lr-and-curation,source_branch,source-only,repo.main_diff.base_run_id,0.0017527675825980138,0.5,,,https://labless.dev/runs/run_sub_d0a80be591
run_sub_9971b47eb2,nima_kde05,2026-06-12T01:39:04.940334Z,0.6356892032550527,unvalidated,Early manual,run_sub_6c6c051f71,lr-and-curation,source_branch,source-only,repo.main_diff.base_run_id,3.56642805218188e-05,0.5,,,https://labless.dev/runs/run_sub_9971b47eb2
run_sub_3b5ffc6cd2,nima_keepibot,2026-06-12T01:39:17.538700Z,0.6420266256385964,unvalidated,Early manual,run_sub_6c6c051f71,lr-and-curation,source_branch,source-only,repo.main_diff.base_run_id,0.0063730866640654416,0.5,,,https://labless.dev/runs/run_sub_3b5ffc6cd2
run_sub_60df323f8e,nima_lr15,2026-06-12T01:39:34.675213Z,0.643783064244107,unvalidated,Early manual,run_sub_6c6c051f71,lr-and-curation,source_branch,source-only,repo.main_diff.base_run_id,0.00812952526957611,0.5,,,https://labless.dev/runs/run_sub_60df323f8e
run_sub_d4e4d5f287,nima_mask10,2026-06-12T01:39:47.200674Z,0.6408656715918453,unvalidated,Early manual,run_sub_6c6c051f71,lr-and-curation,source_branch,source-only,repo.main_diff.base_run_id,0.005212132617314347,0.5,,,https://labless.dev/runs/run_sub_d4e4d5f287
run_sub_588616eb65,nima_mask25,2026-06-12T01:39:59.844865Z,0.5721479688077876,unvalidated,Early manual,run_sub_6c6c051f71,lr-and-curation,source_branch,source-only,repo.main_diff.base_run_id,-0.0635055701667433,0.5,,,https://labless.dev/runs/run_sub_588616eb65
run_sub_1d845f6ebd,nima_mask5,2026-06-12T01:40:12.444318Z,0.6365040664959826,unvalidated,Early manual,run_sub_6c6c051f71,lr-and-curation,source_branch,source-only,repo.main_diff.base_run_id,0.0008505275214516494,0.5,,,https://labless.dev/runs/run_sub_1d845f6ebd
run_sub_c69fcbc0c2,nima_multiscale,2026-06-12T01:40:24.766782Z,0.640862517785893,unvalidated,Early manual,run_sub_6c6c051f71,lr-and-curation,source_branch,source-only,repo.main_diff.base_run_id,0.005208978811362064,0.5,,,https://labless.dev/runs/run_sub_c69fcbc0c2
run_sub_55c6183ae4,nima_pd6_s2024,2026-06-12T01:40:37.260624Z,0.641219311954985,unvalidated,Early manual,run_sub_6c6c051f71,lr-and-curation,source_branch,source-only,repo.main_diff.base_run_id,0.005565772980454131,0.5,,,https://labless.dev/runs/run_sub_55c6183ae4
run_sub_d309fdd13a,nima_pd8,2026-06-12T01:40:49.755639Z,0.6391520347853628,unvalidated,Early manual,run_sub_6c6c051f71,lr-and-curation,source_branch,source-only,repo.main_diff.base_run_id,0.0034984958108318365,0.5,,,https://labless.dev/runs/run_sub_d309fdd13a
run_sub_a700e33c73,nima_pd_c12,2026-06-12T01:41:02.118732Z,0.6402985480456195,unvalidated,Early manual,run_sub_6c6c051f71,lr-and-curation,source_branch,source-only,repo.main_diff.base_run_id,0.004645009071088557,0.5,,,https://labless.dev/runs/run_sub_a700e33c73
run_sub_6b1cdd3c02,nima_pd_c15,2026-06-12T01:41:16.273679Z,0.642367392258087,unvalidated,Early manual,run_sub_6c6c051f71,lr-and-curation,source_branch,source-only,repo.main_diff.base_run_id,0.006713853283556115,0.5,,,https://labless.dev/runs/run_sub_6b1cdd3c02
run_sub_53048df284,nima_pd_reg,2026-06-12T01:41:28.916084Z,0.643249996289861,unvalidated,Early manual,run_sub_6c6c051f71,lr-and-curation,source_branch,source-only,repo.main_diff.base_run_id,0.007596457315330096,0.5,,,https://labless.dev/runs/run_sub_53048df284
run_sub_7cfdb430b0,nima_s2025,2026-06-12T01:41:41.405381Z,0.6389106058801145,unvalidated,Early manual,run_sub_6c6c051f71,lr-and-curation,source_branch,source-only,repo.main_diff.base_run_id,0.0032570669055835832,0.5,,,https://labless.dev/runs/run_sub_7cfdb430b0
run_sub_dd34f71439,nima_s31337,2026-06-12T01:41:54.163318Z,0.6370217496654632,unvalidated,Early manual,run_sub_6c6c051f71,lr-and-curation,source_branch,source-only,repo.main_diff.base_run_id,0.0013682106909322922,0.5,,,https://labless.dev/runs/run_sub_dd34f71439
run_sub_45eb76872b,nima_s42,2026-06-12T01:42:06.749264Z,0.6338442459546214,unvalidated,Early manual,run_sub_6c6c051f71,lr-and-curation,source_branch,source-only,repo.main_diff.base_run_id,-0.001809293019909508,0.5,,,https://labless.dev/runs/run_sub_45eb76872b
run_sub_3f80ab99fb,nima_s7,2026-06-12T01:42:19.172153Z,0.6361665553705194,unvalidated,Early manual,run_sub_6c6c051f71,lr-and-curation,source_branch,source-only,repo.main_diff.base_run_id,0.0005130163959884415,0.5,,,https://labless.dev/runs/run_sub_3f80ab99fb
run_sub_ffe7bcdb5e,nima_s88,2026-06-12T01:42:31.481594Z,0.6358029545737013,unvalidated,Early manual,run_sub_6c6c051f71,lr-and-curation,source_branch,source-only,repo.main_diff.base_run_id,0.00014941559917036606,0.5,,,https://labless.dev/runs/run_sub_ffe7bcdb5e
run_sub_b293f9941c,nima_s999,2026-06-12T01:42:43.817026Z,0.635394063469898,unvalidated,Early manual,run_sub_6c6c051f71,lr-and-curation,source_branch,source-only,repo.main_diff.base_run_id,-0.00025947550463290003,0.5,,,https://labless.dev/runs/run_sub_b293f9941c
run_sub_20464c6614,nima_w576,2026-06-12T01:42:56.663141Z,0.6383668490435264,unvalidated,Early manual,run_sub_6c6c051f71,lr-and-curation,source_branch,source-only,repo.main_diff.base_run_id,0.002713310068995445,0.5,,,https://labless.dev/runs/run_sub_20464c6614
run_sub_541e33ab4c,nima_w768,2026-06-12T01:43:09.343265Z,0.6345451638884444,unvalidated,Early manual,run_sub_6c6c051f71,lr-and-curation,source_branch,source-only,repo.main_diff.base_run_id,-0.0011083750860865216,0.5,,,https://labless.dev/runs/run_sub_541e33ab4c
run_sub_73f73a1daa,nima_warm03,2026-06-12T01:43:21.674522Z,0.6420268365422842,unvalidated,Early manual,run_sub_6c6c051f71,lr-and-curation,source_branch,source-only,repo.main_diff.base_run_id,0.006373297567753289,0.5,,,https://labless.dev/runs/run_sub_73f73a1daa
run_sub_77aaaf2624,nima_warmlong,2026-06-12T01:43:34.133886Z,0.6396601743907547,unvalidated,Early manual,run_sub_6c6c051f71,lr-and-curation,source_branch,source-only,repo.main_diff.base_run_id,0.004006635416223814,0.5,,,https://labless.dev/runs/run_sub_77aaaf2624
run_sub_2525131624,vitb,2026-06-12T01:43:46.114018Z,0.630614978302994,unvalidated,Early manual,run_sub_6c6c051f71,lr-and-curation,source_branch,source-only,repo.main_diff.base_run_id,-0.005038560671536962,0.75,,,https://labless.dev/runs/run_sub_2525131624
run_sub_0fc6df78e3,vitb_lr2e5,2026-06-12T01:43:58.294729Z,0.6191226248729276,unvalidated,Early manual,run_sub_6c6c051f71,lr-and-curation,source_branch,source-only,repo.main_diff.base_run_id,-0.016530914101603345,0.75,,,https://labless.dev/runs/run_sub_0fc6df78e3
run_sub_3871635755,vitb_lr5e5,2026-06-12T01:44:10.368614Z,0.6297861619135645,unvalidated,Early manual,run_sub_6c6c051f71,lr-and-curation,source_branch,source-only,repo.main_diff.base_run_id,-0.0058673770609664055,0.75,,,https://labless.dev/runs/run_sub_3871635755
run_sub_f5f01e06c5,jepa-fino-morph,2026-06-12T01:59:56.673140Z,0.6455661457291852,unvalidated,Early manual,run_sub_6c6c051f71,lr-and-curation,source_branch,source-only,repo.main_diff.base_run_id,0.00991260675465433,0.0,,,https://labless.dev/runs/run_sub_f5f01e06c5
run_sub_fc3be92a2c,jepa-fino-fga,2026-06-12T02:08:09.745788Z,0.6494267510462977,unvalidated,Early manual,run_sub_6c6c051f71,lr-and-curation,source_branch,source-only,repo.main_diff.base_run_id,0.013773212071766738,0.0,,,https://labless.dev/runs/run_sub_fc3be92a2c
run_sub_03b9dec528,jepa-block,2026-06-12T03:18:39.478397Z,0.6277588238316734,unvalidated,Early manual,run_sub_6c6c051f71,lr-and-curation,source_branch,source-only,repo.main_diff.base_run_id,-0.007894715142857556,0.25,,,https://labless.dev/runs/run_sub_03b9dec528
run_sub_fb8cfd06fd,gram-clean,2026-06-12T03:19:09.674941Z,0.6378365880165979,unvalidated,Early manual,run_sub_6c6c051f71,lr-and-curation,source_branch,source-only,repo.main_diff.base_run_id,0.002183049042067009,0.5,,,https://labless.dev/runs/run_sub_fb8cfd06fd
run_sub_24513e748d,jepa-fino-fga-ramp,2026-06-12T05:29:00.346547Z,0.651828856206404,unvalidated,Early manual,run_sub_6c6c051f71,lr-and-curation,source_branch,source-only,repo.main_diff.base_run_id,0.016175317231873043,0.0,,,https://labless.dev/runs/run_sub_24513e748d
run_sub_70382d6d1b,jepa-fino-clu-g08-w,2026-06-12T05:32:00.674808Z,0.6504118638868913,unvalidated,Early manual,run_sub_6c6c051f71,lr-and-curation,source_branch,source-only,repo.main_diff.base_run_id,0.014758324912360399,0.0,,,https://labless.dev/runs/run_sub_70382d6d1b
run_sub_a7ad4029ff,jepa-fino-clu-g05-w,2026-06-12T05:32:16.236356Z,0.6497219774557846,unvalidated,Early manual,run_sub_6c6c051f71,lr-and-curation,source_branch,source-only,repo.main_diff.base_run_id,0.01406843848125372,0.0,,,https://labless.dev/runs/run_sub_a7ad4029ff
run_sub_befb2e6caf,jepa-fino-clu-g03-w,2026-06-12T05:32:32.287307Z,0.6486369493540377,unvalidated,Early manual,run_sub_6c6c051f71,lr-and-curation,source_branch,source-only,repo.main_diff.base_run_id,0.012983410379506788,0.0,,,https://labless.dev/runs/run_sub_befb2e6caf
run_sub_16e0f9e2f2,jepa-fino-se-g05,2026-06-12T05:32:48.268254Z,0.6476121172687579,unvalidated,Early manual,run_sub_6c6c051f71,lr-and-curation,source_branch,source-only,repo.main_diff.base_run_id,0.011958578294226974,0.0,,,https://labless.dev/runs/run_sub_16e0f9e2f2
run_sub_70b76e248d,jepa-fino-fga-warm,2026-06-12T05:33:03.789117Z,0.6451619363902219,unvalidated,Early manual,run_sub_6c6c051f71,lr-and-curation,source_branch,source-only,repo.main_diff.base_run_id,0.009508397415690983,0.0,,,https://labless.dev/runs/run_sub_70b76e248d
run_sub_5d8eb4171c,nima_vcreg1,2026-06-12T05:37:01.897964Z,0.6409964387231848,unvalidated,Early manual,run_sub_6c6c051f71,lr-and-curation,source_branch,source-only,repo.main_diff.base_run_id,0.005342899748653873,0.5,,,https://labless.dev/runs/run_sub_5d8eb4171c
run_sub_d8d8a48281,nima_vcreg25,2026-06-12T05:37:13.332190Z,0.6350681535774992,unvalidated,Early manual,run_sub_6c6c051f71,lr-and-curation,source_branch,source-only,repo.main_diff.base_run_id,-0.0005853853970316791,0.5,,,https://labless.dev/runs/run_sub_d8d8a48281
run_sub_250a9f32b9,nima_capi,2026-06-12T05:37:24.620637Z,0.6321234750424518,unvalidated,Early manual,run_sub_6c6c051f71,lr-and-curation,source_branch,source-only,repo.main_diff.base_run_id,-0.0035300639320791083,0.5,,,https://labless.dev/runs/run_sub_250a9f32b9
run_sub_ff632fb0d6,lejepa-sigreg,2026-06-12T14:08:36.860664Z,0.6435218338343893,unvalidated,Early manual,run_sub_6c6c051f71,lr-and-curation,source_branch,source-only,repo.main_diff.base_run_id,0.007868294859858405,0.25,,,https://labless.dev/runs/run_sub_ff632fb0d6
run_sub_5a02d4c1bf,jf-lr-anneal,2026-06-12T14:22:25.033556Z,0.6386331771101489,unvalidated,Early manual,run_sub_6c6c051f71,lr-and-curation,source_branch,source-only,repo.main_diff.base_run_id,0.002979638135617968,0.0,,,https://labless.dev/runs/run_sub_5a02d4c1bf
run_sub_3f8dd36e3f,jf-lranneal-rawcls,2026-06-12T14:22:42.701971Z,0.6398689199344567,unvalidated,Early manual,run_sub_6c6c051f71,lr-and-curation,source_branch,source-only,repo.main_diff.base_run_id,0.004215380959925796,0.0,,,https://labless.dev/runs/run_sub_3f8dd36e3f
run_sub_6cca4611bb,jf-rawcls,2026-06-12T14:22:59.979107Z,0.6515028178886086,unvalidated,Early manual,run_sub_6c6c051f71,lr-and-curation,source_branch,source-only,repo.main_diff.base_run_id,0.015849278914077725,0.0,,,https://labless.dev/runs/run_sub_6cca4611bb
run_sub_58591e404b,jf-reg-rekey,2026-06-12T14:23:17.439114Z,0.6434864509364702,unvalidated,Early manual,run_sub_6c6c051f71,lr-and-curation,source_branch,source-only,repo.main_diff.base_run_id,0.007832911961939248,0.0,,,https://labless.dev/runs/run_sub_58591e404b
run_sub_369935bb6a,jf-sched-rekey,2026-06-12T14:23:36.024922Z,0.6460315720425337,unvalidated,Early manual,run_sub_6c6c051f71,lr-and-curation,source_branch,source-only,repo.main_diff.base_run_id,0.010378033068002779,0.0,,,https://labless.dev/runs/run_sub_369935bb6a
run_sub_aca0d8fddf,jf-til-immune,2026-06-12T14:23:56.980783Z,0.64546469573296,unvalidated,Early manual,run_sub_6c6c051f71,lr-and-curation,source_branch,source-only,repo.main_diff.base_run_id,0.00981115675842903,0.0,,,https://labless.dev/runs/run_sub_aca0d8fddf
run_sub_146d47691b,jf-til-rawcls,2026-06-12T14:24:14.469609Z,0.6446029692496399,unvalidated,Early manual,run_sub_6c6c051f71,lr-and-curation,source_branch,source-only,repo.main_diff.base_run_id,0.008949430275108972,0.0,,,https://labless.dev/runs/run_sub_146d47691b
run_sub_1c09fa3e4b,jf-til-sched,2026-06-12T14:24:32.285998Z,0.6428536766133763,unvalidated,Early manual,run_sub_6c6c051f71,lr-and-curation,source_branch,source-only,repo.main_diff.base_run_id,0.007200137638845416,0.0,,,https://labless.dev/runs/run_sub_1c09fa3e4b
run_sub_1128785297,jf-lr-const,2026-06-12T14:24:52.960981Z,0.6512020932987209,unvalidated,Early manual,run_sub_6c6c051f71,lr-and-curation,source_branch,source-only,repo.main_diff.base_run_id,0.01554855432419,0.0,,,https://labless.dev/runs/run_sub_1128785297
run_sub_d40a06b414,jf-lr150,2026-06-12T14:25:11.752659Z,0.6501183241622176,unvalidated,Early manual,run_sub_6c6c051f71,lr-and-curation,source_branch,source-only,repo.main_diff.base_run_id,0.01446478518768668,0.0,,,https://labless.dev/runs/run_sub_d40a06b414
run_sub_8fa9b04574,jf-lr150-lv12,2026-06-12T14:25:30.225742Z,0.6465268147906742,unvalidated,Early manual,run_sub_6c6c051f71,lr-and-curation,source_branch,source-only,repo.main_diff.base_run_id,0.01087327581614328,0.0,,,https://labless.dev/runs/run_sub_8fa9b04574
run_sub_76b2a56793,jf-lr150-const,2026-06-12T14:25:48.319716Z,0.6498172628308906,unvalidated,Early manual,run_sub_6c6c051f71,lr-and-curation,source_branch,source-only,repo.main_diff.base_run_id,0.014163723856359667,0.0,,,https://labless.dev/runs/run_sub_76b2a56793
run_sub_e9efc8b5c9,jf-lr200,2026-06-12T14:26:06.165107Z,0.6458394077101968,unvalidated,Early manual,run_sub_6c6c051f71,lr-and-curation,source_branch,source-only,repo.main_diff.base_run_id,0.010185868735665848,0.0,,,https://labless.dev/runs/run_sub_e9efc8b5c9
run_sub_f7b57d5e46,jf-localviews12,2026-06-12T14:26:24.255985Z,0.6492217396784873,unvalidated,Early manual,run_sub_6c6c051f71,lr-and-curation,source_branch,source-only,repo.main_diff.base_run_id,0.013568200703956368,0.0,,,https://labless.dev/runs/run_sub_f7b57d5e46
run_sub_ad9525ebad,jf-localviews16,2026-06-12T14:26:42.266347Z,0.6476994217685186,unvalidated,Early manual,run_sub_6c6c051f71,lr-and-curation,source_branch,source-only,repo.main_diff.base_run_id,0.012045882793987661,0.0,,,https://labless.dev/runs/run_sub_ad9525ebad
run_sub_c661c3a993,jf-clip5,2026-06-12T14:27:01.300368Z,0.6520077914940773,unvalidated,Early manual,run_sub_6c6c051f71,lr-and-curation,source_branch,source-only,repo.main_diff.base_run_id,0.016354252519546364,0.0,,,https://labless.dev/runs/run_sub_c661c3a993
run_sub_16742926b9,jf-clip5-dp05,2026-06-12T14:27:19.631645Z,0.651055657643385,unvalidated,Early manual,run_sub_6c6c051f71,lr-and-curation,source_branch,source-only,repo.main_diff.base_run_id,0.015402118668854103,0.0,,,https://labless.dev/runs/run_sub_16742926b9
run_sub_3a9f265bcf,jf-droppath05,2026-06-12T14:27:38.262581Z,0.6467420301061388,unvalidated,Early manual,run_sub_6c6c051f71,lr-and-curation,source_branch,source-only,repo.main_diff.base_run_id,0.011088491131607925,0.0,,,https://labless.dev/runs/run_sub_3a9f265bcf
run_sub_83dc4fb889,jf-lr135,2026-06-12T14:27:56.979153Z,0.6518630212069974,unvalidated,Early manual,run_sub_6c6c051f71,lr-and-curation,source_branch,source-only,repo.main_diff.base_run_id,0.016209482232466432,0.0,,,https://labless.dev/runs/run_sub_83dc4fb889
run_sub_996f834ba7,jf-lwd08,2026-06-12T14:28:16.068595Z,0.6450825699116869,unvalidated,Early manual,run_sub_6c6c051f71,lr-and-curation,source_branch,source-only,repo.main_diff.base_run_id,0.009429030937155969,0.0,,,https://labless.dev/runs/run_sub_996f834ba7
run_sub_2a698375d8,jf-grad-eq,2026-06-12T14:28:34.658282Z,0.6535829725500745,unvalidated,Early manual,run_sub_6c6c051f71,lr-and-curation,source_branch,source-only,repo.main_diff.base_run_id,0.017929433575543552,0.0,,,https://labless.dev/runs/run_sub_2a698375d8
run_sub_40bed4531c,jf-warmup05,2026-06-12T14:28:53.513763Z,0.6512293409111682,unvalidated,Early manual,run_sub_6c6c051f71,lr-and-curation,source_branch,source-only,repo.main_diff.base_run_id,0.015575801936637323,0.0,,,https://labless.dev/runs/run_sub_40bed4531c
run_sub_1bc4d404e3,jf-lr125,2026-06-12T14:21:25.677671Z,0.6537314797863019,unvalidated,Early manual,run_sub_6c6c051f71,lr-and-curation,source_branch,source-only,repo.main_diff.base_run_id,0.018077940811770943,0.0,,,https://labless.dev/runs/run_sub_1bc4d404e3
run_sub_2b49c9b4db,jf-crop-aggr,2026-06-12T14:56:24.524690Z,0.6532846012392155,unvalidated,Early manual,run_sub_6c6c051f71,lr-and-curation,source_branch,source-only,repo.main_diff.base_run_id,0.017631062264684583,0.0,,,https://labless.dev/runs/run_sub_2b49c9b4db
run_sub_211e4f51b5,jf-colorjit05,2026-06-12T14:56:43.330627Z,0.6527631712709215,unvalidated,Early manual,run_sub_6c6c051f71,lr-and-curation,source_branch,source-only,repo.main_diff.base_run_id,0.01710963229639062,0.0,,,https://labless.dev/runs/run_sub_211e4f51b5
run_sub_3f2d617c97,jf-tissue010,2026-06-12T14:57:02.467346Z,0.6521902112361401,unvalidated,Early manual,run_sub_6c6c051f71,lr-and-curation,source_branch,source-only,repo.main_diff.base_run_id,0.016536672261609153,0.0,,,https://labless.dev/runs/run_sub_3f2d617c97
run_sub_6dbed091c3,jf-tissue025,2026-06-12T14:57:21.946742Z,0.6502765263645217,unvalidated,Early manual,run_sub_6c6c051f71,lr-and-curation,source_branch,source-only,repo.main_diff.base_run_id,0.014622987389990794,0.0,,,https://labless.dev/runs/run_sub_6dbed091c3
run_sub_26ca4507c2,jf-hed12,2026-06-12T14:57:41.155592Z,0.6446855823928808,unvalidated,Early manual,run_sub_6c6c051f71,lr-and-curation,source_branch,source-only,repo.main_diff.base_run_id,0.009032043418349844,0.0,,,https://labless.dev/runs/run_sub_26ca4507c2
run_sub_4579b3d809,jf-tis010-hed12,2026-06-12T14:58:00.361013Z,0.6444376518331338,unvalidated,Early manual,run_sub_6c6c051f71,lr-and-curation,source_branch,source-only,repo.main_diff.base_run_id,0.008784112858602922,0.0,,,https://labless.dev/runs/run_sub_4579b3d809
run_sub_ce3d0e5405,jf-hed12-cj05,2026-06-12T14:58:19.604252Z,0.6439756222804748,unvalidated,Early manual,run_sub_6c6c051f71,lr-and-curation,source_branch,source-only,repo.main_diff.base_run_id,0.008322083305943861,0.0,,,https://labless.dev/runs/run_sub_ce3d0e5405
run_sub_65df96af8c,jf-hed-off,2026-06-12T14:58:39.080952Z,0.6199897550625234,unvalidated,Early manual,run_sub_6c6c051f71,lr-and-curation,source_branch,source-only,repo.main_diff.base_run_id,-0.015663783912007512,0.0,,,https://labless.dev/runs/run_sub_65df96af8c
run_sub_b104e12d94,jf-hed08,2026-06-12T19:17:27.862093Z,0.6539034316649531,unvalidated,Early manual,run_sub_6c6c051f71,lr-and-curation,source_branch,source-only,repo.main_diff.base_run_id,0.01824989269042221,0.0,,,https://labless.dev/runs/run_sub_b104e12d94
run_sub_c152943adf,jf-hed09,2026-06-12T19:17:47.882986Z,0.6512573154964457,unvalidated,Early manual,run_sub_6c6c051f71,lr-and-curation,source_branch,source-only,repo.main_diff.base_run_id,0.015603776521914803,0.0,,,https://labless.dev/runs/run_sub_c152943adf
run_sub_4034c32654,jf-hed05,2026-06-12T20:19:04.925104Z,0.650449621111636,unvalidated,Early manual,run_sub_6c6c051f71,lr-and-curation,source_branch,source-only,repo.main_diff.base_run_id,0.014796082137105038,0.0,,,https://labless.dev/runs/run_sub_4034c32654
run_sub_3cd4be1e0c,jf-hed07,2026-06-12T20:19:27.235948Z,0.6548241781448256,unvalidated,Early manual,run_sub_6c6c051f71,lr-and-curation,source_branch,source-only,repo.main_diff.base_run_id,0.019170639170294712,0.0,,,https://labless.dev/runs/run_sub_3cd4be1e0c
run_sub_1879d32919,jepa-fino-s2026,2026-06-13T01:12:54.299255Z,0.6484690800587501,validated,Early manual,run_sub_3cd4be1e0c,jf-hed07,explicit_run_id,high,notes cite run_sub_3cd4be1e0c,-0.0063550980860754835,1.0,,,https://labless.dev/runs/run_sub_1879d32919
run_sub_9fc309cdf9,exp0098-fino-sat,2026-06-13T03:41:53.591923Z,0.6562671267281686,unvalidated,Early manual,run_sub_6c6c051f71,lr-and-curation,source_branch,source-only,repo.main_diff.base_run_id,0.02061358775363764,0.0,,,https://labless.dev/runs/run_sub_9fc309cdf9
run_sub_1ecd0b7fcb,abl-adamuon-20260610,2026-06-13T03:56:19.567168Z,0.45894829034151574,unvalidated,Early manual,run_sub_6c6c051f71,lr-and-curation,source_branch,source-only,repo.main_diff.base_run_id,-0.17670524863301518,0.5,,,https://labless.dev/runs/run_sub_1ecd0b7fcb
run_sub_29e502625a,abl-adamuon-j-202606,2026-06-13T03:59:09.333400Z,0.4456616694554475,unvalidated,Early manual,run_sub_6c6c051f71,lr-and-curation,source_branch,source-only,repo.main_diff.base_run_id,-0.18999186951908342,0.5,,,https://labless.dev/runs/run_sub_29e502625a
run_sub_84d916751d,abl-qknorm-20260610,2026-06-13T03:59:28.656157Z,0.5979421663828154,unvalidated,Early manual,run_sub_6c6c051f71,lr-and-curation,source_branch,source-only,repo.main_diff.base_run_id,-0.03771137259171553,0.5,,,https://labless.dev/runs/run_sub_84d916751d
run_sub_fe9678d63f,abl-qknorm-j-2026061,2026-06-13T03:59:48.535671Z,0.5981937209829385,unvalidated,Early manual,run_sub_6c6c051f71,lr-and-curation,source_branch,source-only,repo.main_diff.base_run_id,-0.03745981799159237,0.5,,,https://labless.dev/runs/run_sub_fe9678d63f
run_sub_d4c3ad5bcd,abl-registers-202606,2026-06-13T04:00:08.311342Z,0.6289289290279543,unvalidated,Early manual,run_sub_6c6c051f71,lr-and-curation,source_branch,source-only,repo.main_diff.base_run_id,-0.006724609946576643,0.5,,,https://labless.dev/runs/run_sub_d4c3ad5bcd
run_sub_c0ab1aefdd,abl-registers-j-2026,2026-06-13T04:00:28.228577Z,0.6295763602644786,unvalidated,Early manual,run_sub_6c6c051f71,lr-and-curation,source_branch,source-only,repo.main_diff.base_run_id,-0.006077178710052311,0.5,,,https://labless.dev/runs/run_sub_c0ab1aefdd
run_sub_f6113790ee,adamuon-qknorm-reg-2,2026-06-13T04:00:47.841595Z,0.567381783251054,unvalidated,Early manual,run_sub_6c6c051f71,lr-and-curation,source_branch,source-only,repo.main_diff.base_run_id,-0.06827175572347688,0.5,,,https://labless.dev/runs/run_sub_f6113790ee
run_sub_b0205bdfe2,adamuon-qknorm-reg-j,2026-06-13T04:01:07.370885Z,0.5682459962117287,unvalidated,Early manual,run_sub_6c6c051f71,lr-and-curation,source_branch,source-only,repo.main_diff.base_run_id,-0.06740754276280225,0.5,,,https://labless.dev/runs/run_sub_b0205bdfe2
run_sub_b78cc53f39,aug-split-rstain-202,2026-06-13T04:01:26.974626Z,0.6341192609714378,unvalidated,Early manual,run_sub_6c6c051f71,lr-and-curation,source_branch,source-only,repo.main_diff.base_run_id,-0.0015342780030931369,0.25,,,https://labless.dev/runs/run_sub_b78cc53f39
run_sub_77e674dc25,aug-split-rstain-j-2,2026-06-13T04:01:46.584888Z,0.6354585295491476,unvalidated,Early manual,run_sub_6c6c051f71,lr-and-curation,source_branch,source-only,repo.main_diff.base_run_id,-0.0001950094253833079,0.25,,,https://labless.dev/runs/run_sub_77e674dc25
run_sub_ccedcb2e62,aug-symaug-j-2026061,2026-06-13T04:02:06.065820Z,0.6329856049376202,unvalidated,Early manual,run_sub_6c6c051f71,lr-and-curation,source_branch,source-only,repo.main_diff.base_run_id,-0.0026679340369106797,0.25,,,https://labless.dev/runs/run_sub_ccedcb2e62
run_sub_dca2712358,curated,2026-06-13T04:02:44.669004Z,0.6243212652590538,unvalidated,Early manual,run_sub_6c6c051f71,lr-and-curation,source_branch,source-only,repo.main_diff.base_run_id,-0.01133227371547707,0.5,,,https://labless.dev/runs/run_sub_dca2712358
run_sub_ae9a69c526,evo-1780892424,2026-06-13T04:03:04.306125Z,0.632645440788069,unvalidated,Early manual,run_sub_6c6c051f71,lr-and-curation,source_branch,source-only,repo.main_diff.base_run_id,-0.0030080981864619716,0.0,,,https://labless.dev/runs/run_sub_ae9a69c526
run_sub_9d3be16566,exp_0010,2026-06-13T04:03:25.425720Z,0.6429160065165063,unvalidated,Numbered search,run_sub_6c6c051f71,lr-and-curation,source_branch,source-only,repo.main_diff.base_run_id,0.007262467541975348,0.5,,,https://labless.dev/runs/run_sub_9d3be16566
run_sub_a87f7763be,exp_0011,2026-06-13T04:06:52.886238Z,0.6387001379508159,unvalidated,Numbered search,run_sub_6c6c051f71,lr-and-curation,source_branch,source-only,repo.main_diff.base_run_id,0.0030465989762850088,0.5,,,https://labless.dev/runs/run_sub_a87f7763be
run_sub_6ba22604b6,exp_0012,2026-06-13T04:07:26.171926Z,0.6416556682506918,unvalidated,Numbered search,run_sub_6c6c051f71,lr-and-curation,source_branch,source-only,repo.main_diff.base_run_id,0.006002129276160839,0.5,,,https://labless.dev/runs/run_sub_6ba22604b6
run_sub_0f11886868,exp_0013,2026-06-13T04:07:46.767117Z,0.6440840587748028,unvalidated,Numbered search,run_sub_6c6c051f71,lr-and-curation,source_branch,source-only,repo.main_diff.base_run_id,0.008430519800271874,0.5,,,https://labless.dev/runs/run_sub_0f11886868
run_sub_a0a62f2cc5,exp_0014,2026-06-13T04:08:07.336267Z,0.6365418135772877,unvalidated,Numbered search,run_sub_6c6c051f71,lr-and-curation,source_branch,source-only,repo.main_diff.base_run_id,0.0008882746027567556,0.5,,,https://labless.dev/runs/run_sub_a0a62f2cc5
run_sub_514565704f,exp_0015,2026-06-13T04:08:27.729844Z,0.6392667643547755,unvalidated,Numbered search,run_sub_6c6c051f71,lr-and-curation,source_branch,source-only,repo.main_diff.base_run_id,0.0036132253802445558,0.5,,,https://labless.dev/runs/run_sub_514565704f
run_sub_e9c8754449,exp_0016,2026-06-13T04:08:48.395273Z,0.6438105304582984,unvalidated,Numbered search,run_sub_9d3be16566,exp_0010,named_relation,medium,notes name exp_0010,0.0008945239417921247,0.75,run_sub_6ba22604b6; run_sub_a0a62f2cc5,exp_0012; exp_0014,https://labless.dev/runs/run_sub_e9c8754449
run_sub_2bf88f58c3,exp_0017,2026-06-13T04:09:09.740864Z,0.6401408888791285,unvalidated,Numbered search,run_sub_6c6c051f71,lr-and-curation,source_branch,source-only,repo.main_diff.base_run_id,0.004487349904597537,0.5,,,https://labless.dev/runs/run_sub_2bf88f58c3
run_sub_d9a2e2d88f,exp_0018,2026-06-13T04:09:30.493823Z,0.642536057644591,unvalidated,Numbered search,run_sub_6c6c051f71,lr-and-curation,source_branch,source-only,repo.main_diff.base_run_id,0.006882518670060067,0.5,,,https://labless.dev/runs/run_sub_d9a2e2d88f
run_sub_1861cd5edb,exp_0019,2026-06-13T04:09:51.832908Z,0.643202249299613,unvalidated,Numbered search,run_sub_9d3be16566,exp_0010,named_relation,medium,notes name exp_0010,0.00028624278310673823,0.75,,,https://labless.dev/runs/run_sub_1861cd5edb
run_sub_ff5f3ed41c,exp_0020,2026-06-13T04:10:13.075743Z,0.6321844421521122,unvalidated,Numbered search,run_sub_6c6c051f71,lr-and-curation,source_branch,source-only,repo.main_diff.base_run_id,-0.0034690968224186935,0.5,,,https://labless.dev/runs/run_sub_ff5f3ed41c
run_sub_24969e57ad,exp_0021,2026-06-13T04:10:34.276418Z,0.6198074275527305,unvalidated,Numbered search,run_sub_6c6c051f71,lr-and-curation,source_branch,source-only,repo.main_diff.base_run_id,-0.01584611142180037,0.5,,,https://labless.dev/runs/run_sub_24969e57ad
run_sub_a29ff7f4fe,exp_0022,2026-06-13T04:10:55.781871Z,0.6327962598650215,unvalidated,Numbered search,run_sub_6c6c051f71,lr-and-curation,source_branch,source-only,repo.main_diff.base_run_id,-0.002857279109509392,0.5,,,https://labless.dev/runs/run_sub_a29ff7f4fe
run_sub_b7e98ee893,exp_0023,2026-06-13T04:11:18.226472Z,0.6310766235679224,unvalidated,Numbered search,run_sub_6c6c051f71,lr-and-curation,source_branch,source-only,repo.main_diff.base_run_id,-0.004576915406608539,0.25,,,https://labless.dev/runs/run_sub_b7e98ee893
run_sub_709ff179a3,exp_0024,2026-06-13T04:11:39.682537Z,0.6292226623281296,unvalidated,Numbered search,run_sub_6c6c051f71,lr-and-curation,source_branch,source-only,repo.main_diff.base_run_id,-0.006430876646401296,0.5,,,https://labless.dev/runs/run_sub_709ff179a3
run_sub_5ecfe5d1d4,exp_0025,2026-06-13T04:12:01.091212Z,0.6291414265842996,unvalidated,Numbered search,run_sub_6c6c051f71,lr-and-curation,source_branch,source-only,repo.main_diff.base_run_id,-0.006512112390231306,0.5,,,https://labless.dev/runs/run_sub_5ecfe5d1d4
run_sub_958c6a2902,exp_0026,2026-06-13T04:12:23.283003Z,0.6295186030137074,unvalidated,Numbered search,run_sub_6c6c051f71,lr-and-curation,source_branch,source-only,repo.main_diff.base_run_id,-0.006134935960823484,0.5,,,https://labless.dev/runs/run_sub_958c6a2902
run_sub_6a71ae8139,exp_0028,2026-06-13T04:13:05.564570Z,0.6309809171646403,unvalidated,Numbered search,run_sub_ff5f3ed41c,exp_0020,named_relation,medium,notes name exp_0020,-0.0012035249874718934,0.75,,,https://labless.dev/runs/run_sub_6a71ae8139
run_sub_8f74c1e2ac,exp_0029,2026-06-13T04:13:27.603246Z,0.6256830186247192,unvalidated,Numbered search,run_sub_6c6c051f71,lr-and-curation,source_branch,source-only,repo.main_diff.base_run_id,-0.009970520349811718,0.5,,,https://labless.dev/runs/run_sub_8f74c1e2ac
run_sub_a749665a38,exp_0030,2026-06-13T04:13:49.007994Z,0.6255258419683931,unvalidated,Numbered search,run_sub_b7e98ee893,exp_0023,named_relation,medium,notes name exp_0023,-0.005550781599529264,0.75,run_sub_a87f7763be,exp_0011,https://labless.dev/runs/run_sub_a749665a38
run_sub_0f6929ea49,exp_0031,2026-06-13T04:14:09.674218Z,0.6272658822467339,unvalidated,Numbered search,run_sub_b7e98ee893,exp_0023,named_relation,medium,notes name exp_0023,-0.0038107413211885266,0.75,,,https://labless.dev/runs/run_sub_0f6929ea49
run_sub_f9e00d2070,exp_0032,2026-06-13T04:14:30.574569Z,0.6338182526064033,unvalidated,Numbered search,run_sub_6c6c051f71,lr-and-curation,source_branch,source-only,repo.main_diff.base_run_id,-0.0018352863681275755,0.5,,,https://labless.dev/runs/run_sub_f9e00d2070
run_sub_15d6c8b12b,exp_0033,2026-06-13T04:14:51.794875Z,0.6291541071505898,unvalidated,Numbered search,run_sub_6c6c051f71,lr-and-curation,source_branch,source-only,repo.main_diff.base_run_id,-0.006499431823941082,0.25,,,https://labless.dev/runs/run_sub_15d6c8b12b
run_sub_361cf89806,exp_0035,2026-06-13T04:15:13.044753Z,0.6302768031670682,unvalidated,Numbered search,run_sub_b7e98ee893,exp_0023,named_relation,medium,notes name exp_0023,-0.0007998204008541343,1.0,,,https://labless.dev/runs/run_sub_361cf89806
run_sub_3f78a86980,exp_0036,2026-06-13T04:15:33.717758Z,0.6326727449460353,unvalidated,Numbered search,run_sub_f9e00d2070,exp_0032,named_relation,medium,notes name exp_0032,-0.001145507660368028,0.75,run_sub_b7e98ee893,exp_0023,https://labless.dev/runs/run_sub_3f78a86980
run_sub_b576d92595,exp_0037,2026-06-13T04:15:54.642181Z,0.6331141085794469,unvalidated,Numbered search,run_sub_f9e00d2070,exp_0032,named_relation,medium,notes name exp_0032,-0.0007041440269563992,0.75,,,https://labless.dev/runs/run_sub_b576d92595
run_sub_410cfc913d,exp_0038,2026-06-13T04:16:15.504818Z,0.6299602581264886,unvalidated,Numbered search,run_sub_6c6c051f71,lr-and-curation,source_branch,source-only,repo.main_diff.base_run_id,-0.005693280848042326,0.5,,,https://labless.dev/runs/run_sub_410cfc913d
run_sub_2835fac4e1,exp_0039,2026-06-13T04:16:36.056841Z,0.6258263991961025,unvalidated,Numbered search,run_sub_6c6c051f71,lr-and-curation,source_branch,source-only,repo.main_diff.base_run_id,-0.009827139778428418,0.5,,,https://labless.dev/runs/run_sub_2835fac4e1
run_sub_bee8c8e67e,exp_0040,2026-06-13T04:16:56.919181Z,0.6284157800544521,unvalidated,Numbered search,run_sub_5ecfe5d1d4,exp_0025,named_relation,medium,notes name exp_0025,-0.0007256465298475234,0.75,,,https://labless.dev/runs/run_sub_bee8c8e67e
run_sub_1bd672fdd0,exp_0042,2026-06-13T04:17:17.370371Z,0.6298072426023965,unvalidated,Numbered search,run_sub_6c6c051f71,lr-and-curation,source_branch,source-only,repo.main_diff.base_run_id,-0.0058462963721344074,0.5,,,https://labless.dev/runs/run_sub_1bd672fdd0
run_sub_bfabb429f1,exp_0043,2026-06-13T04:17:38.055359Z,0.630703581006335,unvalidated,Numbered search,run_sub_b7e98ee893,exp_0023,named_relation,medium,notes name exp_0023,-0.0003730425615874333,0.75,run_sub_361cf89806; run_sub_a749665a38,exp_0035; exp_0030,https://labless.dev/runs/run_sub_bfabb429f1
run_sub_3d77e408ff,exp_0044,2026-06-13T04:17:58.421795Z,0.6206909338820583,unvalidated,Numbered search,run_sub_8f74c1e2ac,exp_0029,named_relation,medium,notes name exp_0029,-0.004992084742660885,0.5,,,https://labless.dev/runs/run_sub_3d77e408ff
run_sub_245e9362e6,exp_0045,2026-06-13T04:18:18.950325Z,0.6326871911474014,unvalidated,Numbered search,run_sub_6c6c051f71,lr-and-curation,source_branch,source-only,repo.main_diff.base_run_id,-0.0029663478271295673,0.5,,,https://labless.dev/runs/run_sub_245e9362e6
run_sub_76276b5a94,exp_0046,2026-06-13T04:18:39.941009Z,0.6289121463126924,unvalidated,Numbered search,run_sub_6c6c051f71,lr-and-curation,source_branch,source-only,repo.main_diff.base_run_id,-0.006741392661838486,0.25,,,https://labless.dev/runs/run_sub_76276b5a94
run_sub_8bf5635560,exp_0047,2026-06-13T04:19:00.162191Z,0.6330044541824692,unvalidated,Numbered search,run_sub_f9e00d2070,exp_0032,named_relation,medium,notes name exp_0032,-0.0008137984239341423,0.75,,,https://labless.dev/runs/run_sub_8bf5635560
run_sub_6d3c16e7d1,exp_0048,2026-06-13T04:19:21.177080Z,0.6249157701146537,unvalidated,Numbered search,run_sub_f9e00d2070,exp_0032,named_relation,medium,notes name exp_0032,-0.00890248249174963,0.75,,,https://labless.dev/runs/run_sub_6d3c16e7d1
run_sub_4a5f40530b,exp_0049,2026-06-13T04:19:41.883991Z,0.6284309110510203,unvalidated,Numbered search,run_sub_6c6c051f71,lr-and-curation,source_branch,source-only,repo.main_diff.base_run_id,-0.007222627923510583,0.25,,,https://labless.dev/runs/run_sub_4a5f40530b
run_sub_84ab85f3d5,exp_0050,2026-06-13T04:20:02.191310Z,0.6295447629840042,unvalidated,Numbered search,run_sub_6c6c051f71,lr-and-curation,source_branch,source-only,repo.main_diff.base_run_id,-0.006108775990526727,0.5,,,https://labless.dev/runs/run_sub_84ab85f3d5
run_sub_c90ab695c0,exp_0053,2026-06-13T04:20:22.767383Z,0.6324733643568058,unvalidated,Numbered search,run_sub_6c6c051f71,lr-and-curation,source_branch,source-only,repo.main_diff.base_run_id,-0.003180174617725129,0.25,,,https://labless.dev/runs/run_sub_c90ab695c0
run_sub_9f7be454c3,exp_0054,2026-06-13T04:20:43.146664Z,0.6310638481059259,unvalidated,Numbered search,run_sub_6c6c051f71,lr-and-curation,source_branch,source-only,repo.main_diff.base_run_id,-0.004589690868605056,0.5,,,https://labless.dev/runs/run_sub_9f7be454c3
run_sub_15bd61e6d0,exp_0055,2026-06-13T04:21:03.682766Z,0.6299650010937222,unvalidated,Numbered search,run_sub_9d3be16566,exp_0010,named_relation,medium,notes name exp_0010,-0.012951005422784045,0.5,,,https://labless.dev/runs/run_sub_15bd61e6d0
run_sub_530655d5b4,exp_0056,2026-06-13T04:21:24.069883Z,0.6328230169135809,unvalidated,Numbered search,run_sub_6a71ae8139,exp_0028,named_relation,medium,notes name exp_0028,0.0018420997489405622,0.75,run_sub_84ab85f3d5,exp_0050,https://labless.dev/runs/run_sub_530655d5b4
run_sub_c8701efaea,exp_0057,2026-06-13T04:21:44.504670Z,0.6458844190492857,unvalidated,Numbered search,run_sub_6c6c051f71,lr-and-curation,source_branch,source-only,repo.main_diff.base_run_id,0.010230880074754811,0.5,,,https://labless.dev/runs/run_sub_c8701efaea
run_sub_17672296c0,jepa-curated-v2,2026-06-13T04:22:26.299167Z,0.6365933239099066,unvalidated,Early manual,run_sub_6c6c051f71,lr-and-curation,source_branch,source-only,repo.main_diff.base_run_id,0.0009397849353757204,0.0,,,https://labless.dev/runs/run_sub_17672296c0
run_sub_1956cbb74d,jepa-curated-v4,2026-06-13T04:22:46.751810Z,0.64099097056752,unvalidated,Early manual,run_sub_6c6c051f71,lr-and-curation,source_branch,source-only,repo.main_diff.base_run_id,0.00533743159298905,0.0,,,https://labless.dev/runs/run_sub_1956cbb74d
run_sub_1c8143c06d,jepa-curated-v5,2026-06-13T04:23:07.093684Z,0.6382939444142811,unvalidated,Early manual,run_sub_6c6c051f71,lr-and-curation,source_branch,source-only,repo.main_diff.base_run_id,0.002640405439750193,0.0,,,https://labless.dev/runs/run_sub_1c8143c06d
run_sub_4249fe7bd2,jepa-curated-v6,2026-06-13T04:23:37.957731Z,0.6339009934461423,unvalidated,Early manual,run_sub_6c6c051f71,lr-and-curation,source_branch,source-only,repo.main_diff.base_run_id,-0.0017525455283886604,0.0,,,https://labless.dev/runs/run_sub_4249fe7bd2
run_sub_1bf76093c5,jepa-mask10-diag,2026-06-13T04:24:37.907463Z,0.64392931221562,unvalidated,Early manual,run_sub_6c6c051f71,lr-and-curation,source_branch,source-only,repo.main_diff.base_run_id,0.00827577324108908,0.5,,,https://labless.dev/runs/run_sub_1bf76093c5
run_sub_1ecbd52de3,jepa-mask10-diag-7,2026-06-13T04:24:58.670490Z,0.6432326143455451,unvalidated,Early manual,run_sub_6c6c051f71,lr-and-curation,source_branch,source-only,repo.main_diff.base_run_id,0.00757907537101421,0.25,,,https://labless.dev/runs/run_sub_1ecbd52de3
run_sub_7f355a8988,jepa-mask10-dinov3-t,2026-06-13T04:25:40.312145Z,0.63989340056567,unvalidated,Early manual,run_sub_6c6c051f71,lr-and-curation,source_branch,source-only,repo.main_diff.base_run_id,0.0042398615911390936,0.0,,,https://labless.dev/runs/run_sub_7f355a8988
run_sub_94bd78522b,online-stream-202606,2026-06-13T04:28:36.056689Z,0.6228892687939994,unvalidated,Early manual,run_sub_6c6c051f71,lr-and-curation,source_branch,source-only,repo.main_diff.base_run_id,-0.0127642701805315,0.25,,,https://labless.dev/runs/run_sub_94bd78522b
run_sub_5f9864c9c6,online-stream-j-2026,2026-06-13T04:28:57.245011Z,0.6232122624726926,unvalidated,Early manual,run_sub_6c6c051f71,lr-and-curation,source_branch,source-only,repo.main_diff.base_run_id,-0.01244127650183835,0.25,,,https://labless.dev/runs/run_sub_5f9864c9c6
run_sub_8f11d1b7f8,soft-equiv-20260610,2026-06-13T04:29:18.363973Z,0.5715402067692102,unvalidated,Early manual,run_sub_6c6c051f71,lr-and-curation,source_branch,source-only,repo.main_diff.base_run_id,-0.06411333220532067,0.5,,,https://labless.dev/runs/run_sub_8f11d1b7f8
run_sub_5e309ca08b,soft-equiv-j-2026061,2026-06-13T04:29:38.718496Z,0.5667561529316577,unvalidated,Early manual,run_sub_6c6c051f71,lr-and-curation,source_branch,source-only,repo.main_diff.base_run_id,-0.06889738604287321,0.5,,,https://labless.dev/runs/run_sub_5e309ca08b
run_sub_752a96b487,soft08-20260610,2026-06-12T19:52:18.783126Z,0.6303126405691991,unvalidated,Early manual,run_sub_6c6c051f71,lr-and-curation,source_branch,source-only,repo.main_diff.base_run_id,-0.0053408984053318065,0.5,,,https://labless.dev/runs/run_sub_752a96b487
run_sub_5c2fb4fb95,soft08-j-20260610,2026-06-12T19:52:33.812417Z,0.6307257459833189,unvalidated,Early manual,run_sub_6c6c051f71,lr-and-curation,source_branch,source-only,repo.main_diff.base_run_id,-0.004927792991212043,0.5,,,https://labless.dev/runs/run_sub_5c2fb4fb95
run_sub_5477d8c01e,softeq-filt08-202606,2026-06-12T19:52:33.422565Z,0.6265519989998661,unvalidated,Early manual,run_sub_6c6c051f71,lr-and-curation,source_branch,source-only,repo.main_diff.base_run_id,-0.009101539974664785,0.5,,,https://labless.dev/runs/run_sub_5477d8c01e
run_sub_2699a372b7,stream-tcga-20260609,2026-06-13T04:31:23.072928Z,0.642663804768116,unvalidated,Early manual,run_sub_6c6c051f71,lr-and-curation,source_branch,source-only,repo.main_diff.base_run_id,0.007010265793585102,0.25,,,https://labless.dev/runs/run_sub_2699a372b7
run_sub_f1a4c23b32,jepa-curated-v7,2026-06-13T04:33:37.135307Z,0.629387373676558,unvalidated,Early manual,run_sub_6c6c051f71,lr-and-curation,source_branch,source-only,repo.main_diff.base_run_id,-0.00626616529797297,0.5,,,https://labless.dev/runs/run_sub_f1a4c23b32
run_sub_2f0f7b6623,exp_0027,2026-06-13T04:12:44.707298Z,0.63088392792577,unvalidated,Numbered search,run_sub_6c6c051f71,lr-and-curation,source_branch,source-only,repo.main_diff.base_run_id,-0.004769611048760947,0.5,,,https://labless.dev/runs/run_sub_2f0f7b6623
run_sub_37f32261e6,softeq-filt08-j-2026,2026-06-12T19:52:37.878179Z,0.6259092268996465,unvalidated,Early manual,run_sub_6c6c051f71,lr-and-curation,source_branch,source-only,repo.main_diff.base_run_id,-0.009744312074884465,0.5,,,https://labless.dev/runs/run_sub_37f32261e6
run_sub_4209bba23d,exp_0059,2026-06-13T14:57:40.436719Z,0.599876750332711,unvalidated,Numbered search,run_sub_6c6c051f71,lr-and-curation,source_branch,source-only,repo.main_diff.base_run_id,-0.03577678864181988,0.25,,,https://labless.dev/runs/run_sub_4209bba23d
run_sub_32addaa772,exp_0060,2026-06-13T14:58:00.913963Z,0.6343199621449153,unvalidated,Numbered search,run_sub_6c6c051f71,lr-and-curation,source_branch,source-only,repo.main_diff.base_run_id,-0.001333576829615657,0.25,,,https://labless.dev/runs/run_sub_32addaa772
run_sub_a799eaed0f,exp_0080,2026-06-13T14:58:21.381258Z,0.6402217951833258,unvalidated,Numbered search,run_sub_6c6c051f71,lr-and-curation,source_branch,source-only,repo.main_diff.base_run_id,0.004568256208794863,0.5,,,https://labless.dev/runs/run_sub_a799eaed0f
run_sub_b1e38fcacd,exp_0081,2026-06-13T14:58:43.593882Z,0.6376404578263348,unvalidated,Numbered search,run_sub_6c6c051f71,lr-and-curation,source_branch,source-only,repo.main_diff.base_run_id,0.0019869188518039094,0.0,,,https://labless.dev/runs/run_sub_b1e38fcacd
run_sub_3a9be17551,exp_0083,2026-06-13T14:59:05.430235Z,0.6552741918483282,unvalidated,Numbered search,run_sub_6c6c051f71,lr-and-curation,source_branch,source-only,repo.main_diff.base_run_id,0.01962065287379733,0.0,,,https://labless.dev/runs/run_sub_3a9be17551
run_sub_f5dfe51224,exp_0084,2026-06-13T14:59:26.819749Z,0.651050535147288,unvalidated,Numbered search,run_sub_6c6c051f71,lr-and-curation,source_branch,source-only,repo.main_diff.base_run_id,0.015396996172757027,0.0,,,https://labless.dev/runs/run_sub_f5dfe51224
run_sub_833ffaa55c,exp_0085,2026-06-13T14:59:48.231100Z,0.6444621881676275,unvalidated,Numbered search,run_sub_6c6c051f71,lr-and-curation,source_branch,source-only,repo.main_diff.base_run_id,0.00880864919309654,0.0,,,https://labless.dev/runs/run_sub_833ffaa55c
run_sub_3cef252c7e,exp_0087,2026-06-13T15:00:10.310742Z,0.6467382262482851,unvalidated,Numbered search,run_sub_6c6c051f71,lr-and-curation,source_branch,source-only,repo.main_diff.base_run_id,0.011084687273754223,0.0,,,https://labless.dev/runs/run_sub_3cef252c7e
run_sub_f144938d8a,exp_0089,2026-06-13T15:00:32.808477Z,0.6447740587293004,unvalidated,Numbered search,run_sub_ff5f3ed41c,exp_0020,named_relation,medium,notes name exp_0020,0.012589616577188156,0.0,,,https://labless.dev/runs/run_sub_f144938d8a
run_sub_88ff12b96a,exp_0092,2026-06-13T15:00:53.983954Z,0.6465892362224799,unvalidated,Numbered search,run_sub_6c6c051f71,lr-and-curation,source_branch,source-only,repo.main_diff.base_run_id,0.010935697247948961,0.5,,,https://labless.dev/runs/run_sub_88ff12b96a
run_sub_1c9da5ba80,exp_0093,2026-06-13T15:01:15.999146Z,0.6529332561203728,unvalidated,Numbered search,run_sub_6c6c051f71,lr-and-curation,source_branch,source-only,repo.main_diff.base_run_id,0.017279717145841866,0.0,,,https://labless.dev/runs/run_sub_1c9da5ba80
run_sub_b88106af85,exp_0094,2026-06-13T15:01:37.546483Z,0.6492152210039538,unvalidated,Numbered search,run_sub_6c6c051f71,lr-and-curation,source_branch,source-only,repo.main_diff.base_run_id,0.013561682029422872,0.0,,,https://labless.dev/runs/run_sub_b88106af85
run_sub_a25fbce8a7,exp_0096,2026-06-13T15:02:37.150362Z,0.6435297447686458,unvalidated,Numbered search,run_sub_6c6c051f71,lr-and-curation,source_branch,source-only,repo.main_diff.base_run_id,0.007876205794114854,0.0,,,https://labless.dev/runs/run_sub_a25fbce8a7
run_sub_c638d9d09a,exp_0102,2026-06-13T15:03:21.557929Z,0.6531871725568477,unvalidated,Numbered search,run_sub_6c6c051f71,lr-and-curation,source_branch,source-only,repo.main_diff.base_run_id,0.017533633582316743,0.0,,,https://labless.dev/runs/run_sub_c638d9d09a
run_sub_bfa958498a,exp_0104,2026-06-13T15:03:43.931489Z,0.6521428941607733,unvalidated,Numbered search,run_sub_6c6c051f71,lr-and-curation,source_branch,source-only,repo.main_diff.base_run_id,0.016489355186242394,0.0,,,https://labless.dev/runs/run_sub_bfa958498a
run_sub_7da79ded62,exp_0105,2026-06-13T15:04:05.104285Z,0.6404114827157683,unvalidated,Numbered search,run_sub_a799eaed0f,exp_0080,named_relation,medium,notes name exp_0080,0.00018968753244252845,0.75,run_sub_a0a62f2cc5,exp_0014,https://labless.dev/runs/run_sub_7da79ded62
run_sub_c13d4744db,exp_0106,2026-06-13T15:04:26.320890Z,0.6505613988140571,unvalidated,Numbered search,run_sub_6c6c051f71,lr-and-curation,source_branch,source-only,repo.main_diff.base_run_id,0.014907859839526139,0.0,,,https://labless.dev/runs/run_sub_c13d4744db
run_sub_49c6f10dbe,exp_0108,2026-06-13T15:05:33.399058Z,0.6550673107272028,unvalidated,Numbered search,run_sub_6c6c051f71,lr-and-curation,source_branch,source-only,repo.main_diff.base_run_id,0.019413771752671893,0.0,,,https://labless.dev/runs/run_sub_49c6f10dbe
run_sub_4cb03c4bda,exp_0109,2026-06-13T15:05:54.756322Z,0.6552477945026962,unvalidated,Numbered search,run_sub_6c6c051f71,lr-and-curation,source_branch,source-only,repo.main_diff.base_run_id,0.019594255528165294,0.0,,,https://labless.dev/runs/run_sub_4cb03c4bda
run_sub_5d8ee9da18,exp_0110,2026-06-13T15:06:16.257216Z,0.6532044310112985,unvalidated,Numbered search,run_sub_6c6c051f71,lr-and-curation,source_branch,source-only,repo.main_diff.base_run_id,0.01755089203676763,0.0,,,https://labless.dev/runs/run_sub_5d8ee9da18
run_sub_259dc0f6af,exp_0111,2026-06-13T15:06:37.940790Z,0.6537748355101796,unvalidated,Numbered search,run_sub_6c6c051f71,lr-and-curation,source_branch,source-only,repo.main_diff.base_run_id,0.018121296535648646,0.0,,,https://labless.dev/runs/run_sub_259dc0f6af
run_sub_d55ff378c8,exp_0112,2026-06-13T15:06:59.518966Z,0.6507305125041246,unvalidated,Numbered search,run_sub_a799eaed0f,exp_0080,named_relation,medium,notes name exp_0080,0.010508717320798833,0.0,,,https://labless.dev/runs/run_sub_d55ff378c8
run_sub_d7ba4aea0e,exp_0113,2026-06-13T15:07:28.092546Z,0.6550813027018906,unvalidated,Numbered search,run_sub_6c6c051f71,lr-and-curation,source_branch,source-only,repo.main_diff.base_run_id,0.01942776372735966,0.0,,,https://labless.dev/runs/run_sub_d7ba4aea0e
run_sub_264cc64cd3,exp_0114,2026-06-13T15:07:49.592468Z,0.657693340744976,unvalidated,Numbered search,run_sub_6c6c051f71,lr-and-curation,source_branch,source-only,repo.main_diff.base_run_id,0.022039801770445067,0.0,,,https://labless.dev/runs/run_sub_264cc64cd3
run_sub_4b051428f5,exp_0115,2026-06-13T15:08:10.977419Z,0.6509488113478962,unvalidated,Numbered search,run_sub_9d3be16566,exp_0010,named_relation,medium,notes name exp_0010,0.008032804831389906,0.0,,,https://labless.dev/runs/run_sub_4b051428f5
run_sub_8c4c058005,jf-m-scan,2026-06-13T17:47:10.870480Z,0.6432115309194708,unvalidated,Early manual,run_sub_6c6c051f71,lr-and-curation,source_branch,source-only,repo.main_diff.base_run_id,0.00755799194493989,0.0,,,https://labless.dev/runs/run_sub_8c4c058005
run_sub_e01f267ac1,jf-m-scanyrrace,2026-06-13T17:47:35.424665Z,0.62995198886466,unvalidated,Early manual,run_sub_6c6c051f71,lr-and-curation,source_branch,source-only,repo.main_diff.base_run_id,-0.005701550109870945,0.0,,,https://labless.dev/runs/run_sub_e01f267ac1
run_sub_d202b08f88,df-se-g05,2026-06-13T17:47:49.045691Z,0.6221740653691024,unvalidated,Early manual,run_sub_6c6c051f71,lr-and-curation,source_branch,source-only,repo.main_diff.base_run_id,-0.01347947360542856,0.0,,,https://labless.dev/runs/run_sub_d202b08f88
run_sub_622f83ae98,df-sefga-g05,2026-06-13T17:48:01.632530Z,0.6294630630394463,unvalidated,Early manual,run_sub_6c6c051f71,lr-and-curation,source_branch,source-only,repo.main_diff.base_run_id,-0.006190475935084594,0.0,,,https://labless.dev/runs/run_sub_622f83ae98
run_sub_3c776a5574,fino_expr_g08_r,2026-06-13T21:06:38.797117Z,0.6462916091257419,unvalidated,Early manual,run_sub_6c6c051f71,lr-and-curation,source_branch,source-only,repo.main_diff.base_run_id,0.010638070151210988,0.25,,,https://labless.dev/runs/run_sub_3c776a5574
run_sub_0d51d5fc61,fino_g08_r,2026-06-13T21:08:52.125165Z,0.6447279907661017,unvalidated,Early manual,run_sub_6c6c051f71,lr-and-curation,source_branch,source-only,repo.main_diff.base_run_id,0.009074451791570737,0.25,,,https://labless.dev/runs/run_sub_0d51d5fc61
run_sub_c942fa6b47,fino_full_r,2026-06-13T21:09:05.389405Z,0.6398489397106619,unvalidated,Early manual,run_sub_6c6c051f71,lr-and-curation,source_branch,source-only,repo.main_diff.base_run_id,0.004195400736131005,0.25,,,https://labless.dev/runs/run_sub_c942fa6b47
run_sub_adab12aa1e,fino_best_g12_r,2026-06-13T21:09:18.271671Z,0.6481540864112234,unvalidated,Early manual,run_sub_6c6c051f71,lr-and-curation,source_branch,source-only,repo.main_diff.base_run_id,0.012500547436692488,0.25,,,https://labless.dev/runs/run_sub_adab12aa1e
run_sub_fdcbdbf4bf,fino_submit,2026-06-13T21:12:31.906661Z,0.6485518818011353,unvalidated,Early manual,run_sub_6c6c051f71,lr-and-curation,source_branch,source-only,repo.main_diff.base_run_id,0.012898342826604403,0.25,,,https://labless.dev/runs/run_sub_fdcbdbf4bf
run_sub_c04f080c1f,fino_g10_s2024,2026-06-13T21:12:47.998369Z,0.6465079066173941,unvalidated,Early manual,run_sub_6c6c051f71,lr-and-curation,source_branch,source-only,repo.main_diff.base_run_id,0.010854367642863183,0.25,,,https://labless.dev/runs/run_sub_c04f080c1f
run_sub_e366d6101e,fino_expr_fga_r,2026-06-13T21:13:01.661947Z,0.6444262665334693,unvalidated,Early manual,run_sub_6c6c051f71,lr-and-curation,source_branch,source-only,repo.main_diff.base_run_id,0.008772727558938431,0.25,,,https://labless.dev/runs/run_sub_e366d6101e
run_sub_e26c3dbefd,fino_g10_s1337,2026-06-13T21:17:15.010323Z,0.6468402844966246,unvalidated,Early manual,run_sub_6c6c051f71,lr-and-curation,source_branch,source-only,repo.main_diff.base_run_id,0.011186745522093644,0.25,,,https://labless.dev/runs/run_sub_e26c3dbefd
run_sub_afa423cbcf,fino_g10_s99,2026-06-13T21:17:28.236021Z,0.6409627006373187,unvalidated,Early manual,run_sub_6c6c051f71,lr-and-curation,source_branch,source-only,repo.main_diff.base_run_id,0.005309161662787831,0.25,,,https://labless.dev/runs/run_sub_afa423cbcf
run_sub_ca939ca14a,fino_expr_r,2026-06-13T21:17:41.378491Z,0.644880668312085,unvalidated,Early manual,run_sub_6c6c051f71,lr-and-curation,source_branch,source-only,repo.main_diff.base_run_id,0.009227129337554096,0.25,,,https://labless.dev/runs/run_sub_ca939ca14a
run_sub_9100ce4da6,fino_best_r,2026-06-13T21:17:55.634688Z,0.646733726679124,unvalidated,Early manual,run_sub_6c6c051f71,lr-and-curation,source_branch,source-only,repo.main_diff.base_run_id,0.01108018770459307,0.25,,,https://labless.dev/runs/run_sub_9100ce4da6
run_sub_1bd6a3c61d,fino-densefuse,2026-06-14T02:58:32.985029Z,0.6499887858829985,unvalidated,Early manual,run_sub_6c6c051f71,lr-and-curation,source_branch,source-only,repo.main_diff.base_run_id,0.014335246908467547,0.25,,,https://labless.dev/runs/run_sub_1bd6a3c61d
run_sub_83e4308b41,pathorob-201,2026-06-14T03:50:55.715594Z,0.6639287357514352,unvalidated,Early manual,run_sub_6c6c051f71,lr-and-curation,source_branch,source-only,repo.main_diff.base_run_id,0.028275196776904266,0.0,,,https://labless.dev/runs/run_sub_83e4308b41
run_sub_cd344b7325,deepen-jepa-95,2026-06-13T15:47:45.637687Z,0.6489098907097338,unvalidated,Early manual,run_sub_6c6c051f71,lr-and-curation,source_branch,source-only,repo.main_diff.base_run_id,0.013256351735202898,0.0,,,https://labless.dev/runs/run_sub_cd344b7325
run_sub_53df730e21,self-gram-107,2026-06-13T15:52:34.445107Z,0.6466019566449146,unvalidated,Early manual,run_sub_a799eaed0f,exp_0080,named_relation,medium,notes name exp_0080,0.006380161461588818,0.0,,,https://labless.dev/runs/run_sub_53df730e21
run_sub_e8f6636fa7,three-factor-116,2026-06-13T15:08:32.908227Z,0.6342130999668701,unvalidated,Early manual,run_sub_6c6c051f71,lr-and-curation,source_branch,source-only,repo.main_diff.base_run_id,-0.0014404390076607765,0.0,,,https://labless.dev/runs/run_sub_e8f6636fa7
run_sub_584caaacd8,stack-lr125-st-117,2026-06-13T15:08:48.752911Z,0.6536970975787749,unvalidated,Early manual,run_sub_6c6c051f71,lr-and-curation,source_branch,source-only,repo.main_diff.base_run_id,0.018043558604244003,0.0,,,https://labless.dev/runs/run_sub_584caaacd8
run_sub_a09c29adb9,stratified-fino-118,2026-06-13T15:09:04.258069Z,0.6542801725516365,unvalidated,Early manual,run_sub_259dc0f6af,exp_0111,named_relation,medium,notes name exp_0111,0.0005053370414569436,0.75,,,https://labless.dev/runs/run_sub_a09c29adb9
run_sub_503119cd4f,stack-stain-aug-127,2026-06-13T15:09:26.256004Z,0.6540227975690872,unvalidated,Early manual,run_sub_6c6c051f71,lr-and-curation,source_branch,source-only,repo.main_diff.base_run_id,0.018369258594556293,0.0,,,https://labless.dev/runs/run_sub_503119cd4f
run_sub_46d48d250e,fino-base-small-128,2026-06-13T15:09:42.672327Z,0.6491202259593086,unvalidated,Early manual,run_sub_6d3c16e7d1,exp_0048,named_relation,medium,notes name exp_0048,0.024204455844654915,0.0,,,https://labless.dev/runs/run_sub_46d48d250e
run_sub_10c755e67f,rkd-relational-129,2026-06-13T15:09:58.281677Z,0.650819045629223,unvalidated,Early manual,run_sub_259dc0f6af,exp_0111,named_relation,medium,notes name exp_0111,-0.002955789880956572,0.75,,,https://labless.dev/runs/run_sub_10c755e67f
run_sub_9b2d66dd00,param-level-dino-130,2026-06-13T15:10:13.941138Z,0.6354582739923721,unvalidated,Early manual,run_sub_49c6f10dbe,exp_0108,named_relation,medium,notes name exp_0108,-0.01960903673483072,0.5,run_sub_d7ba4aea0e,exp_0113,https://labless.dev/runs/run_sub_9b2d66dd00
run_sub_22b5b644ea,graft-cluster-131,2026-06-13T15:10:29.452292Z,0.6498360254555734,unvalidated,Early manual,run_sub_6c6c051f71,lr-and-curation,source_branch,source-only,repo.main_diff.base_run_id,0.014182486481042478,0.0,,,https://labless.dev/runs/run_sub_22b5b644ea
run_sub_a394ec270a,ibot-all-token-132,2026-06-13T15:10:45.282516Z,0.643702194584366,unvalidated,Early manual,run_sub_a0a62f2cc5,exp_0014,named_relation,medium,notes name exp_0014,0.007160381007078276,0.0,,,https://labless.dev/runs/run_sub_a394ec270a
run_sub_e506363b50,high-res-2x-133,2026-06-13T15:11:02.593119Z,0.6525980233410563,unvalidated,Early manual,run_sub_a799eaed0f,exp_0080,named_relation,medium,notes name exp_0080,0.01237622815773054,0.0,run_sub_d55ff378c8,exp_0112,https://labless.dev/runs/run_sub_e506363b50
run_sub_e325b9197a,high-mag-tile-134,2026-06-13T15:11:18.526575Z,0.6099043627048201,unvalidated,Early manual,run_sub_76276b5a94,exp_0046,named_relation,medium,notes name exp_0046,-0.019007783607872364,0.0,,,https://labless.dev/runs/run_sub_e325b9197a
run_sub_47068ff6fc,slide-frequency-135,2026-06-13T15:11:34.933679Z,0.6441748150591359,unvalidated,Early manual,run_sub_76276b5a94,exp_0046,named_relation,medium,notes name exp_0046,0.015262668746443442,0.0,run_sub_4a5f40530b,exp_0049,https://labless.dev/runs/run_sub_47068ff6fc
run_sub_e0706f49d5,fino-base-137,2026-06-13T15:11:51.071561Z,0.6495708233392624,unvalidated,Early manual,run_sub_6c6c051f71,lr-and-curation,source_branch,source-only,repo.main_diff.base_run_id,0.013917284364731497,0.0,,,https://labless.dev/runs/run_sub_e0706f49d5
run_sub_94949416e8,jepa-predictor-138,2026-06-13T15:12:06.626528Z,0.645317760227493,unvalidated,Early manual,run_sub_9d3be16566,exp_0010,named_relation,medium,notes name exp_0010,0.0024017537109867204,0.0,run_sub_5ecfe5d1d4,exp_0025,https://labless.dev/runs/run_sub_94949416e8
run_sub_5864a0d118,late-phase-cls-139,2026-06-13T15:12:22.176852Z,0.6537106414137647,unvalidated,Early manual,run_sub_6c6c051f71,lr-and-curation,source_branch,source-only,repo.main_diff.base_run_id,0.018057102439233752,0.0,,,https://labless.dev/runs/run_sub_5864a0d118
run_sub_6a3dc08f81,replace-paad-140,2026-06-13T15:12:37.963135Z,0.6440298285774332,unvalidated,Early manual,run_sub_6c6c051f71,lr-and-curation,source_branch,source-only,repo.main_diff.base_run_id,0.008376289602902265,0.0,,,https://labless.dev/runs/run_sub_6a3dc08f81
run_sub_6958860122,late-dino-cls-142,2026-06-13T15:12:53.475361Z,0.6542298323548935,unvalidated,Early manual,run_sub_6c6c051f71,lr-and-curation,source_branch,source-only,repo.main_diff.base_run_id,0.018576293380362596,0.0,,,https://labless.dev/runs/run_sub_6958860122
run_sub_3d03ef1dec,kde-schedule-143,2026-06-13T15:13:09.365092Z,0.6512011324145877,unvalidated,Early manual,run_sub_2bf88f58c3,exp_0017,named_relation,medium,notes name exp_0017,0.011060243535459202,0.0,,,https://labless.dev/runs/run_sub_3d03ef1dec
run_sub_354b3096d4,post-minimum-144,2026-06-13T15:13:25.007652Z,0.6403814698433976,unvalidated,Early manual,run_sub_ff5f3ed41c,exp_0020,named_relation,medium,notes name exp_0020,0.008197027691285386,0.0,run_sub_6a71ae8139,exp_0028,https://labless.dev/runs/run_sub_354b3096d4
run_sub_3793ee76c2,post-hoc-power-145,2026-06-13T17:02:11.889642Z,0.6506868580864437,unvalidated,Early manual,run_sub_264cc64cd3,exp_0114,named_relation,medium,notes name exp_0114,-0.00700648265853232,0.75,,,https://labless.dev/runs/run_sub_3793ee76c2
run_sub_b8d995906c,refreshed-ema-146,2026-06-13T15:13:40.842849Z,0.6410116368576351,unvalidated,Early manual,run_sub_6c6c051f71,lr-and-curation,source_branch,source-only,repo.main_diff.base_run_id,0.0053580978831041515,0.0,,,https://labless.dev/runs/run_sub_b8d995906c
run_sub_479ac69eb6,simdino-coding-156,2026-06-13T18:08:08.356031Z,0.5836588022633714,unvalidated,Early manual,run_sub_6c6c051f71,lr-and-curation,source_branch,source-only,repo.main_diff.base_run_id,-0.051994736711159506,0.0,,,https://labless.dev/runs/run_sub_479ac69eb6
run_sub_36656ba4ae,multi-block-158,2026-06-13T18:08:25.173386Z,0.6470539318131048,unvalidated,Early manual,run_sub_a87f7763be,exp_0011,named_relation,medium,notes name exp_0011,0.00835379386228885,0.0,,,https://labless.dev/runs/run_sub_36656ba4ae
run_sub_62feaeaf96,additive-coding-161,2026-06-13T19:04:04.994175Z,0.6119036779588014,unvalidated,Early manual,run_sub_6c6c051f71,lr-and-curation,source_branch,source-only,repo.main_diff.base_run_id,-0.023749861015729512,0.0,,,https://labless.dev/runs/run_sub_62feaeaf96
run_sub_d34e87772f,late-gated-patch-162,2026-06-13T18:08:42.139817Z,0.6523357375797809,unvalidated,Early manual,run_sub_6c6c051f71,lr-and-curation,source_branch,source-only,repo.main_diff.base_run_id,0.016682198605249998,0.0,,,https://labless.dev/runs/run_sub_d34e87772f
run_sub_0bbdc2cf6f,post-hoc-power-163,2026-06-13T20:04:26.362825Z,0.6420897125271955,unvalidated,Early manual,run_sub_6c6c051f71,lr-and-curation,source_branch,source-only,repo.main_diff.base_run_id,0.00643617355266457,0.0,,,https://labless.dev/runs/run_sub_0bbdc2cf6f
run_sub_1262737024,port-last-dense-164,2026-06-13T19:04:38.892408Z,0.6578347782717646,unvalidated,Early manual,run_sub_264cc64cd3,exp_0114,named_relation,medium,notes name exp_0114,0.00014143752678863475,0.5,run_sub_4cb03c4bda,exp_0109,https://labless.dev/runs/run_sub_1262737024
run_sub_bc084464be,co-location-oom-165,2026-06-13T20:05:01.228187Z,0.6503828539712646,unvalidated,Early manual,run_sub_6c6c051f71,lr-and-curation,source_branch,source-only,repo.main_diff.base_run_id,0.014729314996733689,0.0,,,https://labless.dev/runs/run_sub_bc084464be
run_sub_1292ad70ab,dense-seg-166,2026-06-13T20:05:18.603810Z,0.646043471908961,unvalidated,Early manual,run_sub_264cc64cd3,exp_0114,named_relation,medium,notes name exp_0114,-0.011649868836014932,0.5,,,https://labless.dev/runs/run_sub_1292ad70ab
run_sub_f73f3047b0,survival-rank-168,2026-06-13T19:05:15.368808Z,0.6472942378838357,unvalidated,Early manual,run_sub_8f74c1e2ac,exp_0029,named_relation,medium,notes name exp_0029,0.021611219259116465,0.0,,,https://labless.dev/runs/run_sub_f73f3047b0
run_sub_d8c1811000,ledoit-wolf-170,2026-06-13T22:05:49.146207Z,0.6549747338998343,unvalidated,Early manual,run_sub_3a9be17551,exp_0083,named_relation,medium,notes name exp_0083,-0.000299457948493953,0.5,,,https://labless.dev/runs/run_sub_d8c1811000
run_sub_2d8a81b59d,port-exp-0114-172,2026-06-13T22:06:07.571729Z,0.6578019170983604,unvalidated,Early manual,run_sub_264cc64cd3,exp_0114,named_relation,medium,notes name exp_0114,0.0001085763533844597,0.5,run_sub_4cb03c4bda,exp_0109,https://labless.dev/runs/run_sub_2d8a81b59d
run_sub_ba79edc448,multi-block-173,2026-06-13T22:06:24.732100Z,0.6461841477223147,unvalidated,Early manual,run_sub_3a9be17551,exp_0083,named_relation,medium,notes name exp_0083,-0.009090044126013552,0.5,,,https://labless.dev/runs/run_sub_ba79edc448
run_sub_fe4033d412,widen-dense-seg-175,2026-06-13T21:06:15.511402Z,0.6574507598602883,unvalidated,Early manual,run_sub_6c6c051f71,lr-and-curation,source_branch,source-only,repo.main_diff.base_run_id,0.021797220885757418,0.0,,,https://labless.dev/runs/run_sub_fe4033d412
run_sub_9dc8f8434e,land-jbu-seg-176,2026-06-13T21:06:32.967542Z,0.6587996079210178,unvalidated,Early manual,run_sub_264cc64cd3,exp_0114,named_relation,medium,notes name exp_0114,0.0011062671760417864,0.5,,,https://labless.dev/runs/run_sub_9dc8f8434e
run_sub_c01e2cd73b,vary-jbu-seg-177,2026-06-13T22:07:17.403316Z,0.6575220117936288,unvalidated,Early manual,run_sub_264cc64cd3,exp_0114,named_relation,medium,notes name exp_0114,-0.00017132895134719384,0.5,,,https://labless.dev/runs/run_sub_c01e2cd73b
run_sub_7a599a9512,multi-depth-cls-179,2026-06-14T01:08:08.940845Z,0.6616248283642318,unvalidated,Early manual,run_sub_6d3c16e7d1,exp_0048,named_relation,medium,notes name exp_0048,0.03670905824957804,0.0,,,https://labless.dev/runs/run_sub_7a599a9512
run_sub_4e2e49f431,covariance-180,2026-06-14T01:08:26.617314Z,0.6511339913034269,unvalidated,Early manual,run_sub_3d77e408ff,exp_0044,named_relation,medium,notes name exp_0044,0.030443057421368547,0.0,,,https://labless.dev/runs/run_sub_4e2e49f431
run_sub_4e65f6bf3d,seg-densifier-181,2026-06-14T01:08:44.715993Z,0.6511446370041507,unvalidated,Early manual,run_sub_6c6c051f71,lr-and-curation,source_branch,source-only,repo.main_diff.base_run_id,0.015491098029619788,0.0,,,https://labless.dev/runs/run_sub_4e65f6bf3d
run_sub_88b219b27b,slide-bag-182,2026-06-14T01:09:02.357026Z,0.6591137785552436,unvalidated,Early manual,run_sub_264cc64cd3,exp_0114,named_relation,medium,notes name exp_0114,0.0014204378102675719,0.5,,,https://labless.dev/runs/run_sub_88b219b27b
run_sub_2af152deeb,learned-dense-183,2026-06-14T00:07:26.284555Z,0.6585823735611434,unvalidated,Early manual,run_sub_264cc64cd3,exp_0114,named_relation,medium,notes name exp_0114,0.0008890328161673677,0.5,,,https://labless.dev/runs/run_sub_2af152deeb
run_sub_c7d6d29da9,survival-de-184,2026-06-14T00:07:43.336971Z,0.6530007928927554,unvalidated,Early manual,run_sub_6c6c051f71,lr-and-curation,source_branch,source-only,repo.main_diff.base_run_id,0.017347253918224448,0.0,,,https://labless.dev/runs/run_sub_c7d6d29da9
run_sub_d503ccc32a,cls-readout-188,2026-06-14T02:11:00.526934Z,0.6521734787496555,unvalidated,Early manual,run_sub_6d3c16e7d1,exp_0048,named_relation,medium,notes name exp_0048,0.027257708635001765,0.0,,,https://labless.dev/runs/run_sub_d503ccc32a
run_sub_9b15ec49a6,depth-weighted-191,2026-06-14T02:11:36.749264Z,0.6612823293291845,unvalidated,Early manual,run_sub_6c6c051f71,lr-and-curation,source_branch,source-only,repo.main_diff.base_run_id,0.025628790354653597,0.0,,,https://labless.dev/runs/run_sub_9b15ec49a6
run_sub_0c7ded229e,survival-scoped-198,2026-06-14T03:50:01.830386Z,0.661833885719019,unvalidated,Early manual,run_sub_264cc64cd3,exp_0114,named_relation,medium,notes name exp_0114,0.004140544974043037,0.5,,,https://labless.dev/runs/run_sub_0c7ded229e
run_sub_b82cd28a60,cls-depth-blend-202,2026-06-14T03:51:19.931220Z,0.6584184075960269,unvalidated,Early manual,run_sub_6c6c051f71,lr-and-curation,source_branch,source-only,repo.main_diff.base_run_id,0.02276486862149596,0.0,,,https://labless.dev/runs/run_sub_b82cd28a60
run_sub_5b0ea9697a,training-free-167,2026-06-13T19:04:55.959211Z,0.658352738289783,unvalidated,Early manual,run_sub_264cc64cd3,exp_0114,named_relation,medium,notes name exp_0114,0.0006593975448070388,0.5,,,https://labless.dev/runs/run_sub_5b0ea9697a
run_sub_21e84ccb73,combine-exp-0176-178,2026-06-14T01:07:50.760996Z,0.657942442591206,unvalidated,Early manual,run_sub_264cc64cd3,exp_0114,named_relation,medium,notes name exp_0114,0.0002491018462300598,0.5,,,https://labless.dev/runs/run_sub_21e84ccb73
run_sub_b2e57385b8,block-strided-214,2026-06-14T05:16:08.839265Z,0.6640282909987755,unvalidated,Early manual,run_sub_6c6c051f71,lr-and-curation,source_branch,source-only,repo.main_diff.base_run_id,0.028374752024244554,0.0,,,https://labless.dev/runs/run_sub_b2e57385b8
run_sub_62eefbe552,fino-densefuse6,2026-06-14T07:29:14.781620Z,0.6504862462401985,unvalidated,Early manual,run_sub_6c6c051f71,lr-and-curation,source_branch,source-only,repo.main_diff.base_run_id,0.014832707265667544,0.25,,,https://labless.dev/runs/run_sub_62eefbe552
run_sub_79f95991a6,replace-always-216,2026-06-14T07:46:00.540536Z,0.6503132446936359,unvalidated,Early manual,run_sub_88ff12b96a,exp_0092,named_relation,medium,notes name exp_0092,0.0037240084711560595,0.0,,,https://labless.dev/runs/run_sub_79f95991a6
run_sub_4c2aad9ab3,dino-teacher-217,2026-06-14T07:46:24.641907Z,0.6513033487851386,unvalidated,Early manual,run_sub_4b051428f5,exp_0115,named_relation,medium,notes name exp_0115,0.00035453743724245257,0.75,,,https://labless.dev/runs/run_sub_4c2aad9ab3
run_sub_7063648c5b,staged-objective-218,2026-06-14T07:46:49.705168Z,0.65503854400349,unvalidated,Early manual,run_sub_9d3be16566,exp_0010,named_relation,medium,notes name exp_0010,0.012122537486983775,0.0,,,https://labless.dev/runs/run_sub_7063648c5b
run_sub_e674ee911b,late-regime-219,2026-06-14T07:47:13.851768Z,0.6562413201146754,unvalidated,Early manual,run_sub_2f0f7b6623,exp_0027,named_relation,medium,notes name exp_0027,0.025357392188905425,0.0,run_sub_6a71ae8139,exp_0028,https://labless.dev/runs/run_sub_e674ee911b
run_sub_f4390f35ef,high-res-tail-220,2026-06-14T07:47:38.147297Z,0.6442039780951274,unvalidated,Early manual,run_sub_15bd61e6d0,exp_0055,named_relation,medium,notes name exp_0055,0.014238977001405195,0.0,,,https://labless.dev/runs/run_sub_f4390f35ef
run_sub_799a50e4b4,detached-dense-221,2026-06-14T07:48:04.011857Z,0.647102214374242,unvalidated,Early manual,run_sub_d55ff378c8,exp_0112,named_relation,medium,notes name exp_0112,-0.0036282981298826344,0.5,,,https://labless.dev/runs/run_sub_799a50e4b4
run_sub_01ad7a31f2,unsupervised-cls-222,2026-06-14T07:48:28.688120Z,0.651814289991403,unvalidated,Early manual,run_sub_6c6c051f71,lr-and-curation,source_branch,source-only,repo.main_diff.base_run_id,0.016160751016872088,0.0,,,https://labless.dev/runs/run_sub_01ad7a31f2
run_sub_290aef7cd0,exploit-lr125-223,2026-06-14T07:48:54.117193Z,0.6432586302363917,unvalidated,Early manual,run_sub_4cb03c4bda,exp_0109,named_relation,medium,notes name exp_0109,-0.011989164266304475,0.5,,,https://labless.dev/runs/run_sub_290aef7cd0
run_sub_2d27200f6c,ibot-style-dense-225,2026-06-14T09:48:51.701667Z,0.6324687715886211,unvalidated,Early manual,run_sub_6c6c051f71,lr-and-curation,source_branch,source-only,repo.main_diff.base_run_id,-0.0031847673859097814,0.0,,,https://labless.dev/runs/run_sub_2d27200f6c
run_sub_e739db70f2,hed-space-stain-231,2026-06-14T09:50:21.763476Z,0.6352754414435405,unvalidated,Early manual,run_sub_6c6c051f71,lr-and-curation,source_branch,source-only,repo.main_diff.base_run_id,-0.00037809753099038446,0.0,,,https://labless.dev/runs/run_sub_e739db70f2
run_sub_3825508cb5,cross-227,2026-06-14T10:46:20.657037Z,0.6374385850166255,unvalidated,Early manual,run_sub_4209bba23d,exp_0059,named_relation,medium,notes name exp_0059,0.0375618346839145,0.0,,,https://labless.dev/runs/run_sub_3825508cb5
run_sub_6fbb95c0bd,re-aimed-two-228,2026-06-14T10:46:45.872033Z,0.6437420779661501,unvalidated,Early manual,run_sub_6c6c051f71,lr-and-curation,source_branch,source-only,repo.main_diff.base_run_id,0.00808853899161921,0.0,,,https://labless.dev/runs/run_sub_6fbb95c0bd
run_sub_4f0b08e8d3,mag-aware-local-229,2026-06-14T10:47:10.884496Z,0.6447000795830018,unvalidated,Early manual,run_sub_6c6c051f71,lr-and-curation,source_branch,source-only,repo.main_diff.base_run_id,0.009046540608470877,0.0,,,https://labless.dev/runs/run_sub_4f0b08e8d3
run_sub_28c348d1b1,dino-proto-230,2026-06-14T10:47:35.493020Z,0.6509661326326073,unvalidated,Early manual,run_sub_1c9da5ba80,exp_0093,named_relation,medium,notes name exp_0093,-0.0019671234877655097,0.5,,,https://labless.dev/runs/run_sub_28c348d1b1
run_sub_57bd608058,back-half-236,2026-06-14T11:46:19.897142Z,0.6404366237230434,unvalidated,Early manual,run_sub_49c6f10dbe,exp_0108,named_relation,medium,notes name exp_0108,-0.01463068700415937,0.5,run_sub_6a71ae8139,exp_0028,https://labless.dev/runs/run_sub_57bd608058
run_sub_0a4394cc79,mag-aware-global-232,2026-06-14T12:46:21.370113Z,0.6443700655008534,unvalidated,Early manual,run_sub_6c6c051f71,lr-and-curation,source_branch,source-only,repo.main_diff.base_run_id,0.008716526526322488,0.0,,,https://labless.dev/runs/run_sub_0a4394cc79
run_sub_95d0123dd9,stack-stain-aug-234,2026-06-14T12:46:47.725858Z,0.6515797991296807,unvalidated,Early manual,run_sub_49c6f10dbe,exp_0108,named_relation,medium,notes name exp_0108,-0.0034875115975221416,0.5,,,https://labless.dev/runs/run_sub_95d0123dd9
run_sub_74de1260a8,fresh-trained-235,2026-06-14T12:47:13.228591Z,0.6509433878753939,unvalidated,Early manual,run_sub_d55ff378c8,exp_0112,named_relation,medium,notes name exp_0112,0.00021287537126923883,0.75,,,https://labless.dev/runs/run_sub_74de1260a8
run_sub_82c2c9e615,off-trunk-slide-237,2026-06-14T12:47:39.676115Z,0.6416039026071205,unvalidated,Early manual,run_sub_6c6c051f71,lr-and-curation,source_branch,source-only,repo.main_diff.base_run_id,0.005950363632589606,0.0,,,https://labless.dev/runs/run_sub_82c2c9e615
run_sub_a47bd97faf,attention-guided-238,2026-06-14T13:46:24.039923Z,0.6526809962314559,unvalidated,Early manual,run_sub_6c6c051f71,lr-and-curation,source_branch,source-only,repo.main_diff.base_run_id,0.017027457256925005,0.0,,,https://labless.dev/runs/run_sub_a47bd97faf
run_sub_ba4bf500e2,cls-sphere-239,2026-06-14T13:46:50.325838Z,0.659559308053341,unvalidated,Early manual,run_sub_1c9da5ba80,exp_0093,named_relation,medium,notes name exp_0093,0.006626051932968169,0.5,,,https://labless.dev/runs/run_sub_ba4bf500e2
run_sub_ac460fa453,stronger-patch-240,2026-06-14T13:47:16.224300Z,0.6503003350942915,unvalidated,Early manual,run_sub_6c6c051f71,lr-and-curation,source_branch,source-only,repo.main_diff.base_run_id,0.014646796119760608,0.0,,,https://labless.dev/runs/run_sub_ac460fa453
run_sub_59f7f9defa,lawa-deploy-241,2026-06-14T13:47:40.924352Z,0.6465877040997544,unvalidated,Early manual,run_sub_6c6c051f71,lr-and-curation,source_branch,source-only,repo.main_diff.base_run_id,0.010934165125223494,0.0,,,https://labless.dev/runs/run_sub_59f7f9defa
run_sub_9cc72b2e65,90-degree-242,2026-06-14T13:48:06.007281Z,0.6500845368224586,unvalidated,Early manual,run_sub_6c6c051f71,lr-and-curation,source_branch,source-only,repo.main_diff.base_run_id,0.014430997847927673,0.0,,,https://labless.dev/runs/run_sub_9cc72b2e65
run_sub_9e37eb8168,off-trunk-bank-243,2026-06-14T13:48:25.559256Z,0.6451356872950038,unvalidated,Early manual,run_sub_6c6c051f71,lr-and-curation,source_branch,source-only,repo.main_diff.base_run_id,0.009482148320472894,0.0,,,https://labless.dev/runs/run_sub_9e37eb8168
run_sub_1f88ff484a,qk-norm-244,2026-06-14T13:48:44.372568Z,0.6092735577861983,unvalidated,Early manual,run_sub_6c6c051f71,lr-and-curation,source_branch,source-only,repo.main_diff.base_run_id,-0.026379981188332624,0.0,,,https://labless.dev/runs/run_sub_1f88ff484a
run_sub_c9496db5cd,off-trunk-245,2026-06-14T13:49:03.329062Z,0.64059355906948,unvalidated,Early manual,run_sub_6c6c051f71,lr-and-curation,source_branch,source-only,repo.main_diff.base_run_id,0.0049400200949490936,0.0,,,https://labless.dev/runs/run_sub_c9496db5cd
run_sub_f00bf47f9b,cotap-253,2026-06-14T15:48:23.622869Z,0.6473555917918352,unvalidated,Early manual,run_sub_6c6c051f71,lr-and-curation,source_branch,source-only,repo.main_diff.base_run_id,0.011702052817304298,0.0,,,https://labless.dev/runs/run_sub_f00bf47f9b
run_sub_4bdddac4e7,grad-equalize-247,2026-06-15T07:08:27.970204Z,0.6543120124023357,unvalidated,Early manual,run_sub_4cb03c4bda,exp_0109,named_relation,medium,notes name exp_0109,-0.0009357821003604938,0.5,,,https://labless.dev/runs/run_sub_4bdddac4e7
run_sub_fa8c4df71a,mag-aware-local-249,2026-06-15T07:08:53.065822Z,0.6444077065960225,unvalidated,Early manual,run_sub_6c6c051f71,lr-and-curation,source_branch,source-only,repo.main_diff.base_run_id,0.008754167621491615,0.0,,,https://labless.dev/runs/run_sub_fa8c4df71a
run_sub_15a7a8e64b,hed-jitter-250,2026-06-15T07:09:17.940960Z,0.6498580005615422,unvalidated,Early manual,run_sub_4cb03c4bda,exp_0109,named_relation,medium,notes name exp_0109,-0.00538979394115402,0.5,,,https://labless.dev/runs/run_sub_15a7a8e64b
run_sub_2f825fd71c,kde-weight-push-252,2026-06-15T07:09:42.435930Z,0.5976719350819798,unvalidated,Early manual,run_sub_6c6c051f71,lr-and-curation,source_branch,source-only,repo.main_diff.base_run_id,-0.03798160389255112,0.0,,,https://labless.dev/runs/run_sub_2f825fd71c
run_sub_453cb16ed8,fino-stain-site-254,2026-06-15T07:10:07.010562Z,0.6445488512642361,unvalidated,Early manual,run_sub_bfabb429f1,exp_0043,named_relation,medium,notes name exp_0043,0.013845270257901166,0.0,,,https://labless.dev/runs/run_sub_453cb16ed8
run_sub_bfbffbcccf,combine-two-256,2026-06-15T07:10:31.446498Z,0.659641719137801,unvalidated,Early manual,run_sub_1c9da5ba80,exp_0093,named_relation,medium,notes name exp_0093,0.006708463017428223,0.5,,,https://labless.dev/runs/run_sub_bfbffbcccf
run_sub_6e379376f1,re-home-exp-0073-260,2026-06-15T07:10:56.888407Z,0.6485362963208374,unvalidated,Early manual,run_sub_4cb03c4bda,exp_0109,named_relation,medium,notes name exp_0109,-0.006711498181858788,0.5,,,https://labless.dev/runs/run_sub_6e379376f1
run_sub_969581e54f,dense-objective-262,2026-06-15T07:11:21.606140Z,0.6553046259282342,unvalidated,Early manual,run_sub_1c9da5ba80,exp_0093,named_relation,medium,notes name exp_0093,0.0023713698078614565,0.5,run_sub_6ba22604b6,exp_0012,https://labless.dev/runs/run_sub_969581e54f
run_sub_ac7d86a2fe,exploit-264,2026-06-15T09:46:20.789363Z,0.6495267941495189,unvalidated,Early manual,run_sub_6c6c051f71,lr-and-curation,source_branch,source-only,repo.main_diff.base_run_id,0.013873255174987942,0.0,,,https://labless.dev/runs/run_sub_ac7d86a2fe
run_sub_aab500b0bb,dinov3-style-265,2026-06-15T09:46:45.527986Z,0.656095012312869,unvalidated,Early manual,run_sub_6c6c051f71,lr-and-curation,source_branch,source-only,repo.main_diff.base_run_id,0.020441473338338123,0.0,,,https://labless.dev/runs/run_sub_aab500b0bb
run_sub_a49f5b086b,partial-grad-266,2026-06-15T09:47:11.004663Z,0.6550930221209117,unvalidated,Early manual,run_sub_6c6c051f71,lr-and-curation,source_branch,source-only,repo.main_diff.base_run_id,0.019439483146380776,0.0,,,https://labless.dev/runs/run_sub_a49f5b086b
run_sub_a494a651ad,jepa-distance-267,2026-06-15T09:47:36.158016Z,0.6456099898117018,unvalidated,Early manual,run_sub_6ba22604b6,exp_0012,named_relation,medium,notes name exp_0012,0.003954321561010055,0.0,,,https://labless.dev/runs/run_sub_a494a651ad
run_sub_8c0be592ec,high-res-gram-268,2026-06-15T09:48:01.848220Z,0.6492871596828322,unvalidated,Early manual,run_sub_a799eaed0f,exp_0080,named_relation,medium,notes name exp_0080,0.009065364499506456,0.0,,,https://labless.dev/runs/run_sub_8c0be592ec
run_sub_7ee5a57cd7,jepa-weight-75-269,2026-06-15T09:48:27.678108Z,0.6542761482319097,unvalidated,Early manual,run_sub_6ba22604b6,exp_0012,named_relation,medium,notes name exp_0012,0.012620479981217958,0.0,,,https://labless.dev/runs/run_sub_7ee5a57cd7
run_sub_6f46f0ae1e,jepa-deep-self-270,2026-06-15T09:48:53.426801Z,0.6531721333764051,unvalidated,Early manual,run_sub_a87f7763be,exp_0011,named_relation,medium,notes name exp_0011,0.01447199542558919,0.0,run_sub_f9e00d2070,exp_0032,https://labless.dev/runs/run_sub_6f46f0ae1e
run_sub_edc32aef4c,jepa-canonical-275,2026-06-15T10:46:20.034903Z,0.65363080724027,unvalidated,Early manual,run_sub_6c6c051f71,lr-and-curation,source_branch,source-only,repo.main_diff.base_run_id,0.017977268265739088,0.0,,,https://labless.dev/runs/run_sub_edc32aef4c
run_sub_1e2d9d9f77,temporal-dino-278,2026-06-15T10:46:45.106771Z,0.6533234970655953,unvalidated,Early manual,run_sub_6c6c051f71,lr-and-curation,source_branch,source-only,repo.main_diff.base_run_id,0.01766995809106442,0.0,,,https://labless.dev/runs/run_sub_1e2d9d9f77
run_sub_0cebc3d39e,raise-jepa-dense-279,2026-06-15T10:47:12.158185Z,0.645413595787781,unvalidated,Early manual,run_sub_6c6c051f71,lr-and-curation,source_branch,source-only,repo.main_diff.base_run_id,0.009760056813250095,0.0,,,https://labless.dev/runs/run_sub_0cebc3d39e
run_sub_34dbbca851,content-aware-273,2026-06-15T11:46:28.106819Z,0.6502283808161551,unvalidated,Early manual,run_sub_4cb03c4bda,exp_0109,named_relation,medium,notes name exp_0109,-0.00501941368654113,0.5,run_sub_0f11886868,exp_0013,https://labless.dev/runs/run_sub_34dbbca851
run_sub_069af7a05b,barlow-vicreg-274,2026-06-15T11:46:52.454613Z,0.6483474992198061,unvalidated,Early manual,run_sub_8f74c1e2ac,exp_0029,named_relation,medium,notes name exp_0029,0.022664480595086856,0.0,,,https://labless.dev/runs/run_sub_069af7a05b
run_sub_00f6a2f612,backbone-276,2026-06-15T11:47:17.889102Z,0.639148383925475,unvalidated,Early manual,run_sub_6c6c051f71,lr-and-curation,source_branch,source-only,repo.main_diff.base_run_id,0.003494844950944098,0.0,,,https://labless.dev/runs/run_sub_00f6a2f612
run_sub_9c45acebb8,hed07-st-two-277,2026-06-15T11:47:42.981205Z,0.64190398705692,unvalidated,Early manual,run_sub_4cb03c4bda,exp_0109,named_relation,medium,notes name exp_0109,-0.013343807445776235,0.5,,,https://labless.dev/runs/run_sub_9c45acebb8
run_sub_ea4cc6060e,mag-aware-local-280,2026-06-15T11:48:08.071731Z,0.6482393279376055,unvalidated,Early manual,run_sub_6c6c051f71,lr-and-curation,source_branch,source-only,repo.main_diff.base_run_id,0.012585788963074607,0.0,,,https://labless.dev/runs/run_sub_ea4cc6060e
run_sub_d1f86f05c9,lr-curve-shape-281,2026-06-15T13:46:19.483354Z,0.6445855345289146,unvalidated,Early manual,run_sub_6c6c051f71,lr-and-curation,source_branch,source-only,repo.main_diff.base_run_id,0.008931995554383731,0.0,,,https://labless.dev/runs/run_sub_d1f86f05c9
run_sub_243d368856,batch-step-282,2026-06-15T13:46:45.150456Z,0.6409036639174348,unvalidated,Early manual,run_sub_6c6c051f71,lr-and-curation,source_branch,source-only,repo.main_diff.base_run_id,0.005250124942903889,0.0,,,https://labless.dev/runs/run_sub_243d368856
run_sub_f32f515351,optimizer-state-284,2026-06-15T13:47:10.012327Z,0.6553709943182888,unvalidated,Early manual,run_sub_6c6c051f71,lr-and-curation,source_branch,source-only,repo.main_diff.base_run_id,0.019717455343757906,0.0,,,https://labless.dev/runs/run_sub_f32f515351
run_sub_11fe0c19ee,data-286,2026-06-15T13:47:34.838168Z,0.6482473192406387,unvalidated,Early manual,run_sub_6c6c051f71,lr-and-curation,source_branch,source-only,repo.main_diff.base_run_id,0.012593780266107801,0.0,,,https://labless.dev/runs/run_sub_11fe0c19ee
run_sub_6af8ed4698,step-anchored-287,2026-06-15T13:47:59.425358Z,0.6544436698503502,unvalidated,Early manual,run_sub_6a71ae8139,exp_0028,named_relation,medium,notes name exp_0028,0.023462752685709853,0.0,,,https://labless.dev/runs/run_sub_6af8ed4698
run_sub_c87f46301e,sample-keyed-291,2026-06-15T17:48:58.301265Z,0.6577284940420058,unvalidated,Early manual,run_sub_6c6c051f71,lr-and-curation,source_branch,source-only,repo.main_diff.base_run_id,0.022074955067474922,0.0,,,https://labless.dev/runs/run_sub_c87f46301e
run_sub_d92b5ddfc7,kde-70x-35-hed07-292,2026-06-15T17:49:51.534807Z,0.6475999634892621,unvalidated,Early manual,run_sub_1c9da5ba80,exp_0093,named_relation,medium,notes name exp_0093,-0.005333292631110709,0.5,,,https://labless.dev/runs/run_sub_d92b5ddfc7
run_sub_776a5afbef,exp0214-block-214,2026-06-15T22:52:06.444928Z,0.6635619151367955,unvalidated,Early manual,run_sub_6c6c051f71,lr-and-curation,source_branch,source-only,repo.main_diff.base_run_id,0.027908376162264603,0.0,,,https://labless.dev/runs/run_sub_776a5afbef
run_sub_c66815c807,live-ema-gram-290,2026-06-15T17:47:33.469314Z,0.6483141780785321,unvalidated,Early manual,run_sub_6c6c051f71,lr-and-curation,source_branch,source-only,repo.main_diff.base_run_id,0.01266063910400117,0.0,,,https://labless.dev/runs/run_sub_c66815c807
run_sub_dffc7771ca,port-block-cls-293,2026-06-15T22:53:20.967206Z,0.6626244427519628,unvalidated,Early manual,run_sub_6c6c051f71,lr-and-curation,source_branch,source-only,repo.main_diff.base_run_id,0.02697090377743183,0.0,,,https://labless.dev/runs/run_sub_dffc7771ca
run_sub_1ee564bcfd,training-multi-294,2026-06-15T22:53:47.577601Z,0.5934993594462743,unvalidated,Early manual,run_sub_6c6c051f71,lr-and-curation,source_branch,source-only,repo.main_diff.base_run_id,-0.04215417952825662,0.0,,,https://labless.dev/runs/run_sub_1ee564bcfd
run_sub_d10f3e5e5a,slide-percent-297,2026-06-15T22:54:15.753771Z,0.6449448918031486,unvalidated,Early manual,run_sub_6c6c051f71,lr-and-curation,source_branch,source-only,repo.main_diff.base_run_id,0.009291352828617705,0.0,,,https://labless.dev/runs/run_sub_d10f3e5e5a
run_sub_e06d9e33cb,patient-level-299,2026-06-15T22:55:08.145160Z,0.6421836150216063,unvalidated,Early manual,run_sub_6c6c051f71,lr-and-curation,source_branch,source-only,repo.main_diff.base_run_id,0.006530076047075339,0.0,,,https://labless.dev/runs/run_sub_e06d9e33cb
run_sub_ee236e5ed8,halve-dino-head-300,2026-06-15T22:55:34.783798Z,0.6466647473903097,unvalidated,Early manual,run_sub_5ecfe5d1d4,exp_0025,named_relation,medium,notes name exp_0025,0.017523320806010045,0.0,,,https://labless.dev/runs/run_sub_ee236e5ed8
run_sub_d48e9d9553,reduce-dino-301,2026-06-15T22:56:01.198872Z,0.6465761987385797,unvalidated,Early manual,run_sub_6c6c051f71,lr-and-curation,source_branch,source-only,repo.main_diff.base_run_id,0.010922659764048825,0.0,,,https://labless.dev/runs/run_sub_d48e9d9553
run_sub_c4de74a02d,clinical-302,2026-06-15T22:56:28.213334Z,0.6473202655738518,unvalidated,Early manual,run_sub_6c6c051f71,lr-and-curation,source_branch,source-only,repo.main_diff.base_run_id,0.011666726599320887,0.0,,,https://labless.dev/runs/run_sub_c4de74a02d
run_sub_057127ba51,narrow-dino-head-303,2026-06-15T22:56:54.753575Z,0.6459752608914043,unvalidated,Early manual,run_sub_6c6c051f71,lr-and-curation,source_branch,source-only,repo.main_diff.base_run_id,0.010321721916873416,0.0,,,https://labless.dev/runs/run_sub_057127ba51
run_sub_8986771745,port-batch-pca-308,2026-06-15T22:57:21.565072Z,0.6443220084778228,unvalidated,Early manual,run_sub_6c6c051f71,lr-and-curation,source_branch,source-only,repo.main_diff.base_run_id,0.00866846950329192,0.0,,,https://labless.dev/runs/run_sub_8986771745
run_sub_c792301a4d,reduce-dino-cls-298,2026-06-15T22:54:47.267598Z,0.6411607061988507,unvalidated,Early manual,run_sub_6c6c051f71,lr-and-curation,source_branch,source-only,repo.main_diff.base_run_id,0.0055071672243197645,0.0,,,https://labless.dev/runs/run_sub_c792301a4d
run_sub_2a73da3280,stack-block-cls-309,2026-06-16T02:46:53.837056Z,0.653688178585546,unvalidated,Early manual,run_sub_6c6c051f71,lr-and-curation,source_branch,source-only,repo.main_diff.base_run_id,0.018034639611015035,0.0,,,https://labless.dev/runs/run_sub_2a73da3280
run_sub_dfc7d8ab2c,port-block-cls-310,2026-06-16T02:47:23.960911Z,0.6618471804510616,unvalidated,Early manual,run_sub_6c6c051f71,lr-and-curation,source_branch,source-only,repo.main_diff.base_run_id,0.026193641476530694,0.0,,,https://labless.dev/runs/run_sub_dfc7d8ab2c
run_sub_f56fbd265b,batch-pca-soft-311,2026-06-16T02:47:50.183967Z,0.6447431748385328,unvalidated,Early manual,run_sub_6c6c051f71,lr-and-curation,source_branch,source-only,repo.main_diff.base_run_id,0.00908963586400191,0.0,,,https://labless.dev/runs/run_sub_f56fbd265b
run_sub_0eeba19684,cls4681-seed7777,2026-06-16T04:20:06.185627Z,0.6640969000239617,unvalidated,Early manual,run_sub_6c6c051f71,lr-and-curation,source_branch,source-only,repo.main_diff.base_run_id,0.028443361049430793,0.0,,,https://labless.dev/runs/run_sub_0eeba19684
run_sub_5f782f72e3,cls4681-seed42,2026-06-16T04:27:05.137245Z,0.6567979248191949,unvalidated,Early manual,run_sub_6c6c051f71,lr-and-curation,source_branch,source-only,repo.main_diff.base_run_id,0.021144385844663938,0.0,,,https://labless.dev/runs/run_sub_5f782f72e3
run_sub_c57b14975f,vits-readout,2026-06-16T05:16:11.650898Z,0.657588488707367,unvalidated,Early manual,run_sub_6c6c051f71,lr-and-curation,source_branch,source-only,repo.main_diff.base_run_id,0.02193494973283605,0.5,,,https://labless.dev/runs/run_sub_c57b14975f
run_sub_46ebc8a061,cls4681-seed1337,2026-06-16T17:29:41.180911Z,0.6585773892732607,unvalidated,Early manual,run_sub_6c6c051f71,lr-and-curation,source_branch,source-only,repo.main_diff.base_run_id,0.022923850298729787,0.0,,,https://labless.dev/runs/run_sub_46ebc8a061
run_sub_59d24d6b7b,block-strided-cls,2026-06-17T22:09:00.203295Z,0.6592224020661669,validated,Early manual,run_sub_1879d32919,jepa-fino-s2026,explicit_run_id,high,notes cite run_sub_1879d32919,0.010753322007416743,0.5,run_sub_b2e57385b8,block-strided-214,https://labless.dev/runs/run_sub_59d24d6b7b
run_sub_d999d71ff2,fino-df6-s271,2026-06-18T03:12:33.431260Z,0.6509027306050152,unvalidated,Pre-cycle search,run_sub_6c6c051f71,lr-and-curation,source_branch,source-only,repo.main_diff.base_run_id,0.015249191630484327,0.25,,,https://labless.dev/runs/run_sub_d999d71ff2
run_sub_45f1f97336,organ-fino-s7777,2026-06-18T19:30:55.468105Z,0.646150959917833,unvalidated,Pre-cycle search,run_sub_6c6c051f71,lr-and-curation,source_branch,source-only,repo.main_diff.base_run_id,0.010497420943302083,0.0,,,https://labless.dev/runs/run_sub_45f1f97336
run_sub_a64e43b90c,bsc-s7777,2026-06-18T22:49:08.667058Z,0.6641431726566243,unvalidated,Pre-cycle search,run_sub_6c6c051f71,lr-and-curation,source_branch,source-only,repo.main_diff.base_run_id,0.02848963368209334,0.0,,,https://labless.dev/runs/run_sub_a64e43b90c
run_sub_force_update_9d3be16566,exp_0010,2026-06-13T04:03:25.425720Z,0.6429160065165063,unvalidated,Numbered search,run_sub_9d3be16566,exp_0010,named_relation,medium,notes name exp_0010,0.0,1.0,,,https://labless.dev/runs/run_sub_force_update_9d3be16566
run_sub_f3177bf830,bsc-s7777-k10,2026-06-19T03:48:35.034745Z,0.6659107210081501,unvalidated,Pre-cycle search,run_sub_6c6c051f71,lr-and-curation,source_branch,source-only,repo.main_diff.base_run_id,0.030257182033619157,0.0,,,https://labless.dev/runs/run_sub_f3177bf830
run_sub_b218e3f360,pathorob-v14-final,2026-06-19T05:59:44.636634Z,0.6488278956802336,unvalidated,Pre-cycle search,run_sub_6c6c051f71,lr-and-curation,source_branch,source-only,repo.main_diff.base_run_id,0.013174356705702661,0.0,,,https://labless.dev/runs/run_sub_b218e3f360
run_sub_2d4ee76dfd,jepa-fino-densefuse6,2026-06-19T21:31:49.191162Z,0.6643702217769909,unvalidated,Pre-cycle search,run_sub_6c6c051f71,lr-and-curation,source_branch,source-only,repo.main_diff.base_run_id,0.02871668280245998,0.0,,,https://labless.dev/runs/run_sub_2d4ee76dfd
run_sub_9d404c0c58,ovfx-reseed-anchor,2026-06-20T07:04:53.318033Z,0.6394070652646937,unvalidated,Cycle 1,run_sub_6c6c051f71,lr-and-curation,source_branch,source-only,repo.main_diff.base_run_id,0.0037535262901627897,0.25,,,https://labless.dev/runs/run_sub_9d404c0c58
run_sub_22fc0a8864,ovfx-d13-gram,2026-06-20T18:06:36.786932Z,0.6495387165885834,unvalidated,Cycle 1,run_sub_6c6c051f71,lr-and-curation,source_branch,source-only,repo.main_diff.base_run_id,0.013885177614052502,0.25,,,https://labless.dev/runs/run_sub_22fc0a8864
run_sub_96e4d52c0b,ovfx-d5-trainpca,2026-06-20T18:17:25.704050Z,0.6516280641793968,unvalidated,Cycle 1,run_sub_6c6c051f71,lr-and-curation,source_branch,source-only,repo.main_diff.base_run_id,0.015974525204865864,0.25,,,https://labless.dev/runs/run_sub_96e4d52c0b
run_sub_88042f5dd1,ovfx-d14-clsdwkde,2026-06-20T18:17:38.702444Z,0.6537776748442635,unvalidated,Cycle 1,run_sub_6c6c051f71,lr-and-curation,source_branch,source-only,repo.main_diff.base_run_id,0.018124135869732605,0.25,,,https://labless.dev/runs/run_sub_88042f5dd1
run_sub_7cb6376ca9,ovfx-d19-kderealloc,2026-06-20T18:17:51.346009Z,0.6475505135387861,unvalidated,Cycle 1,run_sub_6c6c051f71,lr-and-curation,source_branch,source-only,repo.main_diff.base_run_id,0.011896974564255203,0.25,,,https://labless.dev/runs/run_sub_7cb6376ca9
run_sub_b81c54f6bc,ovfx-d4-outpaint,2026-06-20T18:21:37.005054Z,0.6514035727985544,unvalidated,Cycle 1,run_sub_6c6c051f71,lr-and-curation,source_branch,source-only,repo.main_diff.base_run_id,0.015750033824023513,0.25,,,https://labless.dev/runs/run_sub_b81c54f6bc
run_sub_70390a004f,ovfx-d8-deepsup,2026-06-20T18:22:20.484075Z,0.6523120163604165,unvalidated,Cycle 1,run_sub_6c6c051f71,lr-and-curation,source_branch,source-only,repo.main_diff.base_run_id,0.01665847738588555,0.25,,,https://labless.dev/runs/run_sub_70390a004f
run_sub_9bbe1f4c0e,ovfx-d1-severed,2026-06-20T18:23:53.749741Z,0.6493719538388493,unvalidated,Cycle 1,run_sub_6c6c051f71,lr-and-curation,source_branch,source-only,repo.main_diff.base_run_id,0.013718414864318351,0.25,,,https://labless.dev/runs/run_sub_9bbe1f4c0e
run_sub_de6355ed20,ovfx-d22-finosurv,2026-06-20T18:24:06.036752Z,0.6524085295307357,unvalidated,Cycle 1,run_sub_6c6c051f71,lr-and-curation,source_branch,source-only,repo.main_diff.base_run_id,0.016754990556204774,0.25,,,https://labless.dev/runs/run_sub_de6355ed20
run_sub_55ae4acc96,ovfx-d17-optphase,2026-06-20T20:06:59.560617Z,0.6568069603500934,unvalidated,Cycle 1,run_sub_6c6c051f71,lr-and-curation,source_branch,source-only,repo.main_diff.base_run_id,0.02115342137556253,0.25,,,https://labless.dev/runs/run_sub_55ae4acc96
run_sub_1f17fe3ba8,ovfx-d15-gradgate,2026-06-20T20:11:48.643574Z,0.6545891332580613,unvalidated,Cycle 1,run_sub_6c6c051f71,lr-and-curation,source_branch,source-only,repo.main_diff.base_run_id,0.01893559428353042,0.25,,,https://labless.dev/runs/run_sub_1f17fe3ba8
run_sub_d79fab2951,ovfx-d9-ibot,2026-06-20T20:18:47.736466Z,0.6526898099292808,unvalidated,Cycle 1,run_sub_6c6c051f71,lr-and-curation,source_branch,source-only,repo.main_diff.base_run_id,0.01703627095474991,0.25,,,https://labless.dev/runs/run_sub_d79fab2951
run_sub_02f7c04fd6,ovfx-d20-contblock,2026-06-20T20:30:27.702314Z,0.6530592048171749,unvalidated,Cycle 1,run_sub_6c6c051f71,lr-and-curation,source_branch,source-only,repo.main_diff.base_run_id,0.017405665842644025,0.25,,,https://labless.dev/runs/run_sub_02f7c04fd6
run_sub_afefcd2c49,ovfx-d21-rectkde,2026-06-20T20:33:08.608308Z,0.653482298276062,unvalidated,Cycle 1,run_sub_6c6c051f71,lr-and-curation,source_branch,source-only,repo.main_diff.base_run_id,0.01782875930153105,0.25,,,https://labless.dev/runs/run_sub_afefcd2c49
run_sub_39a5d40511,ovfx-d11-pcov,2026-06-20T20:37:56.992206Z,0.6197509603012187,unvalidated,Cycle 1,run_sub_6c6c051f71,lr-and-curation,source_branch,source-only,repo.main_diff.base_run_id,-0.01590257867331224,0.25,,,https://labless.dev/runs/run_sub_39a5d40511
run_sub_5968cf0209,ovfx-d16-teachreshp,2026-06-20T20:46:45.766028Z,0.6547008307728004,unvalidated,Cycle 1,run_sub_6c6c051f71,lr-and-curation,source_branch,source-only,repo.main_diff.base_run_id,0.019047291798269472,0.25,,,https://labless.dev/runs/run_sub_5968cf0209
run_sub_cb53c47dbe,jepa-fino-df6-l2norm,2026-06-20T23:15:50.346253Z,0.6648656764118759,unvalidated,Pre-cycle search,run_sub_6c6c051f71,lr-and-curation,source_branch,source-only,repo.main_diff.base_run_id,0.029212137437344965,0.0,,,https://labless.dev/runs/run_sub_cb53c47dbe
run_sub_374c9842fd,ovfx-d18-emacap,2026-06-21T00:16:51.094675Z,0.649528154553544,unvalidated,Cycle 1,run_sub_6c6c051f71,lr-and-curation,source_branch,source-only,repo.main_diff.base_run_id,0.013874615579013039,0.25,,,https://labless.dev/runs/run_sub_374c9842fd
run_sub_f6efaa52c8,ovfx-d6-mcr2,2026-06-21T00:17:03.217109Z,0.6547979791764569,unvalidated,Cycle 1,run_sub_6c6c051f71,lr-and-curation,source_branch,source-only,repo.main_diff.base_run_id,0.01914444020192596,0.25,,,https://labless.dev/runs/run_sub_f6efaa52c8
run_sub_f7ca513d9b,ovfx-d24-kdecarr,2026-06-21T00:33:29.060182Z,0.6563675487489901,unvalidated,Cycle 1,run_sub_6c6c051f71,lr-and-curation,source_branch,source-only,repo.main_diff.base_run_id,0.02071400977445914,0.25,,,https://labless.dev/runs/run_sub_f7ca513d9b
run_sub_e863067510,ovfx-d12-sigreg,2026-06-21T00:40:07.409165Z,0.6538989057976548,unvalidated,Cycle 1,run_sub_6c6c051f71,lr-and-curation,source_branch,source-only,repo.main_diff.base_run_id,0.018245366823123832,0.25,,,https://labless.dev/runs/run_sub_e863067510
run_sub_05cabdd876,ovfx-d23-finodeep,2026-06-21T00:48:11.035370Z,0.6464878736195159,unvalidated,Cycle 1,run_sub_6c6c051f71,lr-and-curation,source_branch,source-only,repo.main_diff.base_run_id,0.010834334644984955,0.25,,,https://labless.dev/runs/run_sub_05cabdd876
run_sub_7c7f418231,ovfx-d7-xmagprim,2026-06-21T00:54:06.266271Z,0.6483022186653992,unvalidated,Cycle 1,run_sub_6c6c051f71,lr-and-curation,source_branch,source-only,repo.main_diff.base_run_id,0.012648679690868248,0.25,,,https://labless.dev/runs/run_sub_7c7f418231
run_sub_580b685742,ovfx-d3-xmagsev,2026-06-21T00:56:02.799785Z,0.6554297931630048,unvalidated,Cycle 1,run_sub_6c6c051f71,lr-and-curation,source_branch,source-only,repo.main_diff.base_run_id,0.01977625418847384,0.25,,,https://labless.dev/runs/run_sub_580b685742
run_sub_10338b2a87,ovfx-d25-frozwarm,2026-06-21T01:02:13.675667Z,0.6418489952185152,unvalidated,Cycle 1,run_sub_6c6c051f71,lr-and-curation,source_branch,source-only,repo.main_diff.base_run_id,0.006195456243984321,0.25,,,https://labless.dev/runs/run_sub_10338b2a87
run_sub_e4e8422057,ovfx-d10-featup,2026-06-21T01:38:43.266140Z,0.6427902617786071,unvalidated,Cycle 1,run_sub_6c6c051f71,lr-and-curation,source_branch,source-only,repo.main_diff.base_run_id,0.007136722804076179,0.25,,,https://labless.dev/runs/run_sub_e4e8422057
run_sub_c83517282a,ovfx-combo-d17d16,2026-06-21T01:47:05.013418Z,0.6554196298932392,unvalidated,Cycle 1,run_sub_6c6c051f71,lr-and-curation,source_branch,source-only,repo.main_diff.base_run_id,0.01976609091870829,0.25,,,https://labless.dev/runs/run_sub_c83517282a
run_sub_c8b7d1ca33,ovfx-d11-retune,2026-06-21T02:02:14.215937Z,0.6415443719542075,unvalidated,Cycle 1,run_sub_6c6c051f71,lr-and-curation,source_branch,source-only,repo.main_diff.base_run_id,0.00589083297967663,0.25,,,https://labless.dev/runs/run_sub_c8b7d1ca33
run_sub_8fc472586a,ovfx-combo-d17d24,2026-06-21T02:11:00.783614Z,0.6539336339491736,unvalidated,Cycle 1,run_sub_6c6c051f71,lr-and-curation,source_branch,source-only,repo.main_diff.base_run_id,0.01828009497464267,0.25,,,https://labless.dev/runs/run_sub_8fc472586a
run_sub_9ae45a6656,clean-base-s2026,2026-06-21T02:39:15.602534Z,0.641693463576402,unvalidated,Other manual,run_sub_6c6c051f71,lr-and-curation,source_branch,source-only,repo.main_diff.base_run_id,0.006039924601871083,0.0,,,https://labless.dev/runs/run_sub_9ae45a6656
run_sub_6d00f5510f,clean-base-s2027,2026-06-21T02:41:35.831061Z,0.6470603803575935,unvalidated,Other manual,run_sub_6c6c051f71,lr-and-curation,source_branch,source-only,repo.main_diff.base_run_id,0.011406841383062583,0.0,,,https://labless.dev/runs/run_sub_6d00f5510f
run_sub_63b1458cf5,clean-base-s2028,2026-06-21T02:41:47.139402Z,0.6426933069345869,unvalidated,Other manual,run_sub_6c6c051f71,lr-and-curation,source_branch,source-only,repo.main_diff.base_run_id,0.007039767960056009,0.0,,,https://labless.dev/runs/run_sub_63b1458cf5
run_sub_baa8bbd833,clean-supp-s2026,2026-06-21T02:41:58.488189Z,0.6324623301913644,unvalidated,Other manual,run_sub_6c6c051f71,lr-and-curation,source_branch,source-only,repo.main_diff.base_run_id,-0.003191208783166477,0.0,,,https://labless.dev/runs/run_sub_baa8bbd833
run_sub_aeecf0610f,clean-supp-s2027,2026-06-21T02:42:09.922671Z,0.6401027716102192,unvalidated,Other manual,run_sub_6c6c051f71,lr-and-curation,source_branch,source-only,repo.main_diff.base_run_id,0.004449232635688305,0.0,,,https://labless.dev/runs/run_sub_aeecf0610f
run_sub_5c2de91c36,clean-supp-s2028,2026-06-21T02:42:21.281293Z,0.641585327151971,unvalidated,Other manual,run_sub_6c6c051f71,lr-and-curation,source_branch,source-only,repo.main_diff.base_run_id,0.0059317881774401116,0.0,,,https://labless.dev/runs/run_sub_5c2de91c36
run_sub_6dfff49f22,ovfx-721-baseline,2026-06-21T04:23:15.282675Z,0.6447629850950529,unvalidated,Cycle 1,run_sub_6c6c051f71,lr-and-curation,source_branch,source-only,repo.main_diff.base_run_id,0.009109446120522002,0.25,,,https://labless.dev/runs/run_sub_6dfff49f22
run_sub_66834a9f40,ovfx-721-d17,2026-06-21T04:23:30.857316Z,0.6442463217313602,unvalidated,Cycle 1,run_sub_6c6c051f71,lr-and-curation,source_branch,source-only,repo.main_diff.base_run_id,0.008592782756829287,0.25,,,https://labless.dev/runs/run_sub_66834a9f40
run_sub_ae40ecbc94,ovfx-721-d24,2026-06-21T04:23:48.107094Z,0.6441376524444056,unvalidated,Cycle 1,run_sub_6c6c051f71,lr-and-curation,source_branch,source-only,repo.main_diff.base_run_id,0.008484113469874655,0.25,,,https://labless.dev/runs/run_sub_ae40ecbc94
run_sub_084b8f10f4,ovfx-721-d3,2026-06-21T04:24:05.303309Z,0.6449275048719881,unvalidated,Cycle 1,run_sub_6c6c051f71,lr-and-curation,source_branch,source-only,repo.main_diff.base_run_id,0.009273965897457215,0.25,,,https://labless.dev/runs/run_sub_084b8f10f4
run_sub_e600cf8c13,ovfx-721-d6,2026-06-21T04:24:22.014587Z,0.6467780490215613,unvalidated,Cycle 1,run_sub_6c6c051f71,lr-and-curation,source_branch,source-only,repo.main_diff.base_run_id,0.011124510047030411,0.25,,,https://labless.dev/runs/run_sub_e600cf8c13
run_sub_f20cac25ad,ovfx-721-d16,2026-06-21T04:24:38.070655Z,0.6451747557084466,unvalidated,Cycle 1,run_sub_6c6c051f71,lr-and-curation,source_branch,source-only,repo.main_diff.base_run_id,0.009521216733915705,0.25,,,https://labless.dev/runs/run_sub_f20cac25ad
run_sub_35ab18b763,ovfx-721-n2,2026-06-21T04:24:54.437631Z,0.6460973660983435,unvalidated,Cycle 1,run_sub_6c6c051f71,lr-and-curation,source_branch,source-only,repo.main_diff.base_run_id,0.010443827123812532,0.25,,,https://labless.dev/runs/run_sub_35ab18b763
run_sub_987f141fb9,r3-s2026,2026-06-21T04:31:18.561391Z,0.6475809843972837,unvalidated,Other manual,run_sub_6c6c051f71,lr-and-curation,source_branch,source-only,repo.main_diff.base_run_id,0.011927445422752814,0.0,,,https://labless.dev/runs/run_sub_987f141fb9
run_sub_b932ded428,r3-s2027,2026-06-21T04:31:33.811543Z,0.6436360386861424,unvalidated,Other manual,run_sub_6c6c051f71,lr-and-curation,source_branch,source-only,repo.main_diff.base_run_id,0.007982499711611468,0.0,,,https://labless.dev/runs/run_sub_b932ded428
run_sub_78f61d7f43,r3-s2028,2026-06-21T04:31:45.276406Z,0.6438186019920634,unvalidated,Other manual,run_sub_6c6c051f71,lr-and-curation,source_branch,source-only,repo.main_diff.base_run_id,0.008165063017532503,0.0,,,https://labless.dev/runs/run_sub_78f61d7f43
run_sub_285a5f677b,mol-s2026,2026-06-21T04:31:57.289985Z,0.6482098179465988,unvalidated,Other manual,run_sub_6c6c051f71,lr-and-curation,source_branch,source-only,repo.main_diff.base_run_id,0.012556278972067902,0.0,,,https://labless.dev/runs/run_sub_285a5f677b
run_sub_33ae642612,mol-s2027,2026-06-21T04:32:09.426162Z,0.6416318796738255,unvalidated,Other manual,run_sub_6c6c051f71,lr-and-curation,source_branch,source-only,repo.main_diff.base_run_id,0.005978340699294593,0.0,,,https://labless.dev/runs/run_sub_33ae642612
run_sub_c82603be94,mol-s2028,2026-06-21T04:32:22.241724Z,0.6406577546637461,unvalidated,Other manual,run_sub_6c6c051f71,lr-and-curation,source_branch,source-only,repo.main_diff.base_run_id,0.0050042156892151635,0.0,,,https://labless.dev/runs/run_sub_c82603be94
run_sub_9ef8e31347,ovfx-721-n1,2026-06-21T04:34:39.259295Z,0.4718773714026313,unvalidated,Cycle 1,run_sub_6c6c051f71,lr-and-curation,source_branch,source-only,repo.main_diff.base_run_id,-0.1637761675718996,0.25,,,https://labless.dev/runs/run_sub_9ef8e31347
run_sub_9be6b175e5,reseed_anchor,2026-06-21T05:05:04.416354Z,0.6499184579326384,unvalidated,Other manual,run_sub_6dfff49f22,ovfx-721-baseline,campaign_baseline,medium,new campaign anchor; linked to previous anchor,0.00515547283758544,0.75,,,https://labless.dev/runs/run_sub_9be6b175e5
run_sub_d9375e5e22,abl_nofino_s2026,2026-06-21T06:39:39.336946Z,0.6450114263871605,unvalidated,Other manual,run_sub_6c6c051f71,lr-and-curation,source_branch,source-only,repo.main_diff.base_run_id,0.00935788741262955,0.0,,,https://labless.dev/runs/run_sub_d9375e5e22
run_sub_8e09959508,abl_mp_subtype_s26,2026-06-21T06:39:53.631884Z,0.650213712778038,unvalidated,Other manual,run_sub_6c6c051f71,lr-and-curation,source_branch,source-only,repo.main_diff.base_run_id,0.014560173803507048,0.0,,,https://labless.dev/runs/run_sub_8e09959508
run_sub_b4d0e8a355,abl_mp_expr512_s26,2026-06-21T06:40:09.819964Z,0.6432569676719947,unvalidated,Other manual,run_sub_6c6c051f71,lr-and-curation,source_branch,source-only,repo.main_diff.base_run_id,0.007603428697463777,0.0,,,https://labless.dev/runs/run_sub_b4d0e8a355
run_sub_96467f7d53,abl_mp_fga_s2026,2026-06-21T06:40:24.227760Z,0.6445201674681337,unvalidated,Other manual,run_sub_6c6c051f71,lr-and-curation,source_branch,source-only,repo.main_diff.base_run_id,0.008866628493602757,0.0,,,https://labless.dev/runs/run_sub_96467f7d53
run_sub_04bdd9f8a1,abl_mp_morph_s2026,2026-06-21T06:40:38.584205Z,0.6462858008493986,unvalidated,Other manual,run_sub_6c6c051f71,lr-and-curation,source_branch,source-only,repo.main_diff.base_run_id,0.010632261874867655,0.0,,,https://labless.dev/runs/run_sub_04bdd9f8a1
run_sub_1c85d4ee7e,abl_mp_purity_s2026,2026-06-21T06:40:53.610316Z,0.6447711093994425,unvalidated,Other manual,run_sub_6c6c051f71,lr-and-curation,source_branch,source-only,repo.main_diff.base_run_id,0.00911757042491157,0.0,,,https://labless.dev/runs/run_sub_1c85d4ee7e
run_sub_0c745af28f,abl_mp_tmb_s2026,2026-06-21T06:41:10.999391Z,0.6433602880336513,unvalidated,Other manual,run_sub_6c6c051f71,lr-and-curation,source_branch,source-only,repo.main_diff.base_run_id,0.007706749059120388,0.0,,,https://labless.dev/runs/run_sub_0c745af28f
run_sub_be19126c54,abl_mp_msi_s2026,2026-06-21T06:41:35.181278Z,0.6438745331124157,unvalidated,Other manual,run_sub_6c6c051f71,lr-and-curation,source_branch,source-only,repo.main_diff.base_run_id,0.008220994137884796,0.0,,,https://labless.dev/runs/run_sub_be19126c54
run_sub_bda026586e,abl_mp_ploidy_s2026,2026-06-21T06:41:49.935845Z,0.6425959303858136,unvalidated,Other manual,run_sub_6c6c051f71,lr-and-curation,source_branch,source-only,repo.main_diff.base_run_id,0.006942391411282722,0.0,,,https://labless.dev/runs/run_sub_bda026586e
run_sub_6e58c371d1,abl_mm_tss_s2026,2026-06-21T06:42:05.459053Z,0.6282327159655666,unvalidated,Other manual,run_sub_6c6c051f71,lr-and-curation,source_branch,source-only,repo.main_diff.base_run_id,-0.007420823008964295,0.0,,,https://labless.dev/runs/run_sub_6e58c371d1
run_sub_d12df89b4d,abl_mm_scanner_s2026,2026-06-21T06:42:23.083975Z,0.642577804808796,unvalidated,Other manual,run_sub_6c6c051f71,lr-and-curation,source_branch,source-only,repo.main_diff.base_run_id,0.0069242658342650865,0.0,,,https://labless.dev/runs/run_sub_d12df89b4d
run_sub_03280dc6e2,abl_mm_mpp_s2026,2026-06-21T06:42:37.071403Z,0.6428885517959575,unvalidated,Other manual,run_sub_6c6c051f71,lr-and-curation,source_branch,source-only,repo.main_diff.base_run_id,0.0072350128214265785,0.0,,,https://labless.dev/runs/run_sub_03280dc6e2
run_sub_14381d87e8,nofino-s2027,2026-06-21T08:09:19.233747Z,0.6452261276087089,unvalidated,Other manual,run_sub_6c6c051f71,lr-and-curation,source_branch,source-only,repo.main_diff.base_run_id,0.009572588634177981,0.0,,,https://labless.dev/runs/run_sub_14381d87e8
run_sub_d1f821d7a5,nofino-s2028,2026-06-21T08:09:33.339248Z,0.6465370139145931,unvalidated,Other manual,run_sub_6c6c051f71,lr-and-curation,source_branch,source-only,repo.main_diff.base_run_id,0.010883474940062143,0.0,,,https://labless.dev/runs/run_sub_d1f821d7a5
run_sub_b3e51457e7,mp_subtype-s2027,2026-06-21T08:09:48.760585Z,0.6446399836726177,unvalidated,Other manual,run_sub_6c6c051f71,lr-and-curation,source_branch,source-only,repo.main_diff.base_run_id,0.008986444698086737,0.0,,,https://labless.dev/runs/run_sub_b3e51457e7
run_sub_64af58074c,mp_subtype-s2028,2026-06-21T08:10:03.004631Z,0.6463575752066383,unvalidated,Other manual,run_sub_6c6c051f71,lr-and-curation,source_branch,source-only,repo.main_diff.base_run_id,0.010704036232107361,0.0,,,https://labless.dev/runs/run_sub_64af58074c
run_sub_b80d703c0b,ovfx_c2_d3_xmag,2026-06-21T09:21:26.052169Z,0.6540454859198425,unvalidated,Other manual,run_sub_6c6c051f71,lr-and-curation,source_branch,source-only,repo.main_diff.base_run_id,0.018391946945311544,0.25,,,https://labless.dev/runs/run_sub_b80d703c0b
run_sub_dfc9e3e857,ovfx_c2_d6_mcr2,2026-06-21T09:21:42.943232Z,0.654236142255797,unvalidated,Other manual,run_sub_6c6c051f71,lr-and-curation,source_branch,source-only,repo.main_diff.base_run_id,0.01858260328126604,0.25,,,https://labless.dev/runs/run_sub_dfc9e3e857
run_sub_dfaec70469,subscan-s2026,2026-06-21T16:30:20.636728Z,0.628364252451916,unvalidated,Other manual,run_sub_6c6c051f71,lr-and-curation,source_branch,source-only,repo.main_diff.base_run_id,-0.007289286522614957,0.0,,,https://labless.dev/runs/run_sub_dfaec70469
run_sub_f4665dfcfd,subscan-s2027,2026-06-21T16:30:35.815201Z,0.6362044973590372,unvalidated,Other manual,run_sub_6c6c051f71,lr-and-curation,source_branch,source-only,repo.main_diff.base_run_id,0.0005509583845062505,0.0,,,https://labless.dev/runs/run_sub_f4665dfcfd
run_sub_69e3384e48,subscan-s2028,2026-06-21T16:30:50.772871Z,0.640474901614233,unvalidated,Other manual,run_sub_6c6c051f71,lr-and-curation,source_branch,source-only,repo.main_diff.base_run_id,0.00482136263970212,0.0,,,https://labless.dev/runs/run_sub_69e3384e48
run_sub_adeeb8bc03,abl M+ cancer s2026,2026-06-21T19:08:45.540708Z,0.6510423802489231,unvalidated,Other manual,run_sub_6c6c051f71,lr-and-curation,source_branch,source-only,repo.main_diff.base_run_id,0.015388841274392218,0.0,,,https://labless.dev/runs/run_sub_adeeb8bc03
run_sub_2c951fed82,abl M+ mutcnt26,2026-06-21T19:09:23.871161Z,0.6439595865572733,unvalidated,Other manual,run_sub_6c6c051f71,lr-and-curation,source_branch,source-only,repo.main_diff.base_run_id,0.008306047582742337,0.0,,,https://labless.dev/runs/run_sub_2c951fed82
run_sub_06d778232f,abl M+ osst26,2026-06-21T19:09:38.529327Z,0.6483210460536576,unvalidated,Other manual,run_sub_6c6c051f71,lr-and-curation,source_branch,source-only,repo.main_diff.base_run_id,0.012667507079126672,0.0,,,https://labless.dev/runs/run_sub_06d778232f
run_sub_cd02514a86,abl M- year s2026,2026-06-21T19:09:02.321117Z,0.6320462348651752,unvalidated,Other manual,run_sub_6c6c051f71,lr-and-curation,source_branch,source-only,repo.main_diff.base_run_id,-0.0036073041093557245,0.0,,,https://labless.dev/runs/run_sub_cd02514a86
run_sub_83135101be,conf M+ cancer s2027,2026-06-21T20:37:26.239572Z,0.648364788380024,unvalidated,Other manual,run_sub_6c6c051f71,lr-and-curation,source_branch,source-only,repo.main_diff.base_run_id,0.012711249405493064,0.0,,,https://labless.dev/runs/run_sub_83135101be
run_sub_b766c9cc1f,conf M+ cancer s2028,2026-06-21T20:37:44.493056Z,0.652703238734935,unvalidated,Other manual,run_sub_6c6c051f71,lr-and-curation,source_branch,source-only,repo.main_diff.base_run_id,0.017049699760404047,0.0,,,https://labless.dev/runs/run_sub_b766c9cc1f
run_sub_d643aabd4c,conf os_status s27,2026-06-21T20:38:06.845621Z,0.6464854160459177,unvalidated,Other manual,run_sub_6c6c051f71,lr-and-curation,source_branch,source-only,repo.main_diff.base_run_id,0.010831877071386775,0.0,,,https://labless.dev/runs/run_sub_d643aabd4c
run_sub_d1b84cddca,conf os_status s28,2026-06-21T20:38:20.311598Z,0.64824639805821,unvalidated,Other manual,run_sub_6c6c051f71,lr-and-curation,source_branch,source-only,repo.main_diff.base_run_id,0.012592859083679131,0.0,,,https://labless.dev/runs/run_sub_d1b84cddca
run_sub_0f4fa5ddad,crux1-s010,2026-06-22T05:15:20.677252Z,0.6434197420924193,unvalidated,Cycle 3,run_sub_6c6c051f71,lr-and-curation,source_branch,source-only,repo.main_diff.base_run_id,0.007766203117888337,0.25,,,https://labless.dev/runs/run_sub_0f4fa5ddad
run_sub_f8174d815b,crux1-s025,2026-06-22T05:21:47.378830Z,0.6447348593177346,unvalidated,Cycle 3,run_sub_6c6c051f71,lr-and-curation,source_branch,source-only,repo.main_diff.base_run_id,0.009081320343203636,0.25,,,https://labless.dev/runs/run_sub_f8174d815b
run_sub_d02d698ecf,crux1-s050,2026-06-22T05:22:04.715338Z,0.6359044694696074,unvalidated,Cycle 3,run_sub_6c6c051f71,lr-and-curation,source_branch,source-only,repo.main_diff.base_run_id,0.0002509304950765179,0.25,,,https://labless.dev/runs/run_sub_d02d698ecf
run_sub_b047b28d2c,curation-unbalanced,2026-06-22T11:36:40.977978Z,0.6653186070961798,unvalidated,Other manual,run_sub_6c6c051f71,lr-and-curation,source_branch,source-only,repo.main_diff.base_run_id,0.02966506812164893,0.0,,,https://labless.dev/runs/run_sub_b047b28d2c
run_sub_1cb79388a3,curation-balanced,2026-06-22T16:56:19.649111Z,0.6436595846631434,unvalidated,Other manual,run_sub_6c6c051f71,lr-and-curation,source_branch,source-only,repo.main_diff.base_run_id,0.008006045688612518,0.0,,,https://labless.dev/runs/run_sub_1cb79388a3
run_sub_3e305f030f,curation-halfnhalf,2026-06-22T21:04:23.515601Z,0.6431311873441238,unvalidated,Other manual,run_sub_6c6c051f71,lr-and-curation,source_branch,source-only,repo.main_diff.base_run_id,0.00747764836959286,0.0,,,https://labless.dev/runs/run_sub_3e305f030f
run_sub_8b24ba430d,bsc-s932-k10,2026-06-23T04:20:32.114247Z,0.6518517351830015,validated,Other manual,run_sub_f3177bf830,bsc-s7777-k10,explicit_run_id,high,notes cite run_sub_f3177bf830,-0.014058985825148529,1.0,,,https://labless.dev/runs/run_sub_8b24ba430d
run_sub_810dd07f21,kde_s220794,2026-06-25T15:16:22.405811Z,0.6544678809735366,unvalidated,Other manual,run_sub_6c6c051f71,lr-and-curation,source_branch,source-only,repo.main_diff.base_run_id,0.018814341999005668,0.25,,,https://labless.dev/runs/run_sub_810dd07f21
run_sub_db29b159b9,kde_s613547,2026-06-25T15:19:09.243973Z,0.654116641675506,unvalidated,Other manual,run_sub_6c6c051f71,lr-and-curation,source_branch,source-only,repo.main_diff.base_run_id,0.018463102700975065,0.25,,,https://labless.dev/runs/run_sub_db29b159b9
run_sub_37d7e8be05,km_k50_m1e5_s207925,2026-06-25T15:19:23.755813Z,0.6548312357486884,unvalidated,Other manual,run_sub_6c6c051f71,lr-and-curation,source_branch,source-only,repo.main_diff.base_run_id,0.019177696774157482,0.25,,,https://labless.dev/runs/run_sub_37d7e8be05
run_sub_628406d16e,km_k50_m1e5_s220794,2026-06-25T15:19:38.432589Z,0.6555554281632736,unvalidated,Other manual,run_sub_6c6c051f71,lr-and-curation,source_branch,source-only,repo.main_diff.base_run_id,0.019901889188742694,0.25,,,https://labless.dev/runs/run_sub_628406d16e
run_sub_21f8805a2c,km_k50_m1e5_s613547,2026-06-25T15:19:53.862361Z,0.652856335836289,unvalidated,Other manual,run_sub_6c6c051f71,lr-and-curation,source_branch,source-only,repo.main_diff.base_run_id,0.017202796861758074,0.25,,,https://labless.dev/runs/run_sub_21f8805a2c
run_sub_4824d4cfbb,mfix_w1e5_s207925,2026-06-25T15:20:11.073299Z,0.6502690941520441,unvalidated,Other manual,run_sub_6c6c051f71,lr-and-curation,source_branch,source-only,repo.main_diff.base_run_id,0.014615555177513229,0.25,,,https://labless.dev/runs/run_sub_4824d4cfbb
run_sub_d2635eb73d,mfix_w1e5_s220794,2026-06-25T15:20:29.667443Z,0.6518019917381476,unvalidated,Other manual,run_sub_6c6c051f71,lr-and-curation,source_branch,source-only,repo.main_diff.base_run_id,0.01614845276361665,0.25,,,https://labless.dev/runs/run_sub_d2635eb73d
run_sub_cd134074ed,mfix_w1e5_s613547,2026-06-25T15:20:49.113816Z,0.6494482086224254,unvalidated,Other manual,run_sub_6c6c051f71,lr-and-curation,source_branch,source-only,repo.main_diff.base_run_id,0.013794669647894442,0.25,,,https://labless.dev/runs/run_sub_cd134074ed
run_sub_c93e3b54c7,sig_s220794,2026-06-25T15:21:38.910070Z,0.650783451422461,unvalidated,Other manual,run_sub_6c6c051f71,lr-and-curation,source_branch,source-only,repo.main_diff.base_run_id,0.01512991244793005,0.25,,,https://labless.dev/runs/run_sub_c93e3b54c7
run_sub_09147660f6,sig_s613547,2026-06-25T15:21:53.670099Z,0.6482831055209217,unvalidated,Other manual,run_sub_6c6c051f71,lr-and-curation,source_branch,source-only,repo.main_diff.base_run_id,0.012629566546390802,0.25,,,https://labless.dev/runs/run_sub_09147660f6
run_sub_124c3067d6,sigw05_s207925,2026-06-25T15:21:23.632034Z,0.6452013426229641,unvalidated,Other manual,run_sub_6c6c051f71,lr-and-curation,source_branch,source-only,repo.main_diff.base_run_id,0.009547803648433217,0.25,,,https://labless.dev/runs/run_sub_124c3067d6
run_sub_ffa9864c9f,cancerMp-j4-207925,2026-06-25T16:58:06.213000Z,0.6467731315155419,unvalidated,Other manual,run_sub_6c6c051f71,lr-and-curation,source_branch,source-only,repo.main_diff.base_run_id,0.011119592541011025,0.0,,,https://labless.dev/runs/run_sub_ffa9864c9f
run_sub_e7ac4b08c1,orig-j4-207925,2026-06-25T16:59:06.441604Z,0.6489243005633396,unvalidated,Other manual,run_sub_6c6c051f71,lr-and-curation,source_branch,source-only,repo.main_diff.base_run_id,0.013270761588808688,0.0,,,https://labless.dev/runs/run_sub_e7ac4b08c1
run_sub_d81f2e3c0c,nofino-j4-207925,2026-06-25T16:59:27.710859Z,0.6407281111375956,unvalidated,Other manual,run_sub_6c6c051f71,lr-and-curation,source_branch,source-only,repo.main_diff.base_run_id,0.005074572163064728,0.0,,,https://labless.dev/runs/run_sub_d81f2e3c0c
run_sub_1eb67b8543,cancerMp-j3-207925,2026-06-25T17:02:29.743453Z,0.6466667199894786,unvalidated,Other manual,run_sub_6c6c051f71,lr-and-curation,source_branch,source-only,repo.main_diff.base_run_id,0.011013181014947637,0.0,,,https://labless.dev/runs/run_sub_1eb67b8543
run_sub_793e6f623e,orig-j3-207925,2026-06-25T17:02:50.448354Z,0.6496545188946616,unvalidated,Other manual,run_sub_6c6c051f71,lr-and-curation,source_branch,source-only,repo.main_diff.base_run_id,0.014000979920130718,0.0,,,https://labless.dev/runs/run_sub_793e6f623e
run_sub_a8169ba3ff,nofino-j3-207925,2026-06-25T17:03:09.084217Z,0.6407906217221155,unvalidated,Other manual,run_sub_6c6c051f71,lr-and-curation,source_branch,source-only,repo.main_diff.base_run_id,0.00513708274758462,0.0,,,https://labless.dev/runs/run_sub_a8169ba3ff
run_sub_f4f3fd43a8,d3rawema,2026-06-26T07:48:26.987867Z,0.6496372425974605,unvalidated,Other manual,run_sub_6c6c051f71,lr-and-curation,source_branch,source-only,repo.main_diff.base_run_id,0.013983703622929555,0.0,,,https://labless.dev/runs/run_sub_f4f3fd43a8
run_sub_bb0a2b8816,dinov2b-fair,2026-06-26T18:02:12.556389Z,0.6348436443398529,unvalidated,Other manual,run_sub_6c6c051f71,lr-and-curation,source_branch,source-only,repo.main_diff.base_run_id,-0.0008098946346780656,0.25,,,https://labless.dev/runs/run_sub_bb0a2b8816
run_sub_87feea99ba,dinov2b-fino,2026-06-26T18:00:41.078159Z,0.6461729912569105,unvalidated,Other manual,run_sub_6c6c051f71,lr-and-curation,source_branch,source-only,repo.main_diff.base_run_id,0.010519452282379604,0.25,,,https://labless.dev/runs/run_sub_87feea99ba
run_sub_de8743914a,hs-orig-s613547,2026-06-26T18:00:25.424384Z,0.6548979381915896,unvalidated,Other manual,run_sub_6c6c051f71,lr-and-curation,source_branch,source-only,repo.main_diff.base_run_id,0.019244399217058672,0.0,,,https://labless.dev/runs/run_sub_de8743914a
run_sub_1079216e81,hs-orig-s220794,2026-06-26T18:05:54.382646Z,0.6526536853938418,unvalidated,Other manual,run_sub_6c6c051f71,lr-and-curation,source_branch,source-only,repo.main_diff.base_run_id,0.017000146419310913,0.0,,,https://labless.dev/runs/run_sub_1079216e81
run_sub_7417812d2b,combo-nofino-207925,2026-06-26T18:01:59.089069Z,0.6471261738714075,unvalidated,Other manual,run_sub_6c6c051f71,lr-and-curation,source_branch,source-only,repo.main_diff.base_run_id,0.011472634896876555,0.0,,,https://labless.dev/runs/run_sub_7417812d2b
run_sub_d2dbce08aa,combo-nofino-2026,2026-06-26T18:06:37.184732Z,0.641812914074194,unvalidated,Other manual,run_sub_6c6c051f71,lr-and-curation,source_branch,source-only,repo.main_diff.base_run_id,0.006159375099663134,0.0,,,https://labless.dev/runs/run_sub_d2dbce08aa
run_sub_4fb9fdea15,hs-cancer-s220794,2026-06-26T18:07:00.550049Z,0.6494952805924203,unvalidated,Other manual,run_sub_6c6c051f71,lr-and-curation,source_branch,source-only,repo.main_diff.base_run_id,0.013841741617889425,0.0,,,https://labless.dev/runs/run_sub_4fb9fdea15
run_sub_a64fc7b838,combo-cancer-2026,2026-06-26T18:07:23.848610Z,0.6413561949160131,unvalidated,Other manual,run_sub_6c6c051f71,lr-and-curation,source_branch,source-only,repo.main_diff.base_run_id,0.005702655941482226,0.0,,,https://labless.dev/runs/run_sub_a64fc7b838
run_sub_4e202ef307,combo-cancer-207925,2026-06-26T18:08:17.949234Z,0.6434565736377081,unvalidated,Other manual,run_sub_6c6c051f71,lr-and-curation,source_branch,source-only,repo.main_diff.base_run_id,0.007803034663177222,0.0,,,https://labless.dev/runs/run_sub_4e202ef307
run_sub_f62e8441af,hs-cancer-s613547,2026-06-26T18:08:51.844820Z,0.6455812423874715,unvalidated,Other manual,run_sub_6c6c051f71,lr-and-curation,source_branch,source-only,repo.main_diff.base_run_id,0.00992770341294058,0.0,,,https://labless.dev/runs/run_sub_f62e8441af
run_sub_78f0932a49,dinov3-b,2026-06-26T18:02:23.017230Z,0.6434776093057172,unvalidated,Other manual,run_sub_6c6c051f71,lr-and-curation,source_branch,source-only,repo.main_diff.base_run_id,0.007824070331186261,0.25,,,https://labless.dev/runs/run_sub_78f0932a49
run_sub_b5fc326591,sup-2tech-s2026,2026-06-26T18:09:43.622244Z,0.6400623870547014,unvalidated,Other manual,run_sub_6c6c051f71,lr-and-curation,source_branch,source-only,repo.main_diff.base_run_id,0.004408848080170502,0.0,,,https://labless.dev/runs/run_sub_b5fc326591
run_sub_098ac9c38b,hs-nofino-s613547,2026-06-26T18:09:50.407658Z,0.6420809225465306,unvalidated,Other manual,run_sub_6c6c051f71,lr-and-curation,source_branch,source-only,repo.main_diff.base_run_id,0.006427383571999679,0.0,,,https://labless.dev/runs/run_sub_098ac9c38b
run_sub_cba2bc877a,dinov3-s,2026-06-26T18:02:50.724954Z,0.6394450030506763,unvalidated,Other manual,run_sub_6c6c051f71,lr-and-curation,source_branch,source-only,repo.main_diff.base_run_id,0.00379146407614539,0.25,,,https://labless.dev/runs/run_sub_cba2bc877a
run_sub_5e153900c3,hs-nofino-s220794,2026-06-26T18:08:00.144782Z,0.645581301731697,unvalidated,Other manual,run_sub_6c6c051f71,lr-and-curation,source_branch,source-only,repo.main_diff.base_run_id,0.009927762757166114,0.0,,,https://labless.dev/runs/run_sub_5e153900c3
run_sub_ee428cbcff,genbio-rgbs,2026-06-26T18:04:04.914901Z,0.6344305754525996,unvalidated,Other manual,run_sub_6c6c051f71,lr-and-curation,source_branch,source-only,repo.main_diff.base_run_id,-0.0012229635219312973,0.25,,,https://labless.dev/runs/run_sub_ee428cbcff
run_sub_91b846daea,sup-someones-s2026,2026-06-26T18:11:21.319562Z,0.6357922400286536,unvalidated,Other manual,run_sub_6c6c051f71,lr-and-curation,source_branch,source-only,repo.main_diff.base_run_id,0.00013870105412272515,0.0,,,https://labless.dev/runs/run_sub_91b846daea
run_sub_7ddcf2fe32,sup-c2tech-s2026,2026-06-26T18:12:24.729565Z,0.6299235523139604,unvalidated,Other manual,run_sub_6c6c051f71,lr-and-curation,source_branch,source-only,repo.main_diff.base_run_id,-0.005729986660570563,0.0,,,https://labless.dev/runs/run_sub_7ddcf2fe32
run_sub_eb8fee7897,sup-ctss-s2026,2026-06-26T18:12:59.928166Z,0.6376258166193833,unvalidated,Other manual,run_sub_6c6c051f71,lr-and-curation,source_branch,source-only,repo.main_diff.base_run_id,0.001972277644852416,0.0,,,https://labless.dev/runs/run_sub_eb8fee7897
run_sub_fe7418321b,sup-cscan-s2026,2026-06-26T18:14:14.885363Z,0.6367554491961757,unvalidated,Other manual,run_sub_6c6c051f71,lr-and-curation,source_branch,source-only,repo.main_diff.base_run_id,0.0011019102216447418,0.0,,,https://labless.dev/runs/run_sub_fe7418321b
run_sub_46f6b12254,sup-capp-s2026,2026-06-26T18:14:59.773286Z,0.6345644011909565,unvalidated,Other manual,run_sub_6c6c051f71,lr-and-curation,source_branch,source-only,repo.main_diff.base_run_id,-0.0010891377835744454,0.0,,,https://labless.dev/runs/run_sub_46f6b12254
run_sub_05402d0000,a2-grppat-s2026,2026-06-26T18:15:36.418410Z,0.6450766239684138,unvalidated,Other manual,run_sub_6c6c051f71,lr-and-curation,source_branch,source-only,repo.main_diff.base_run_id,0.009423084993882891,0.0,,,https://labless.dev/runs/run_sub_05402d0000
run_sub_63a798f9e1,a2-grpsub-207925,2026-06-26T18:16:12.239856Z,0.6453819348939269,unvalidated,Other manual,run_sub_6c6c051f71,lr-and-curation,source_branch,source-only,repo.main_diff.base_run_id,0.009728395919396005,0.0,,,https://labless.dev/runs/run_sub_63a798f9e1
run_sub_f3b0362de7,b-orig-s2026,2026-06-26T18:00:30.738258Z,0.6441121221941677,unvalidated,Other manual,run_sub_6c6c051f71,lr-and-curation,source_branch,source-only,repo.main_diff.base_run_id,0.008458583219636773,0.0,,,https://labless.dev/runs/run_sub_f3b0362de7
run_sub_6390756087,fino-a33-base,2026-06-20T05:53:07.085572Z,0.6479332081275279,unvalidated,Pre-cycle search,run_sub_6c6c051f71,lr-and-curation,source_branch,source-only,repo.main_diff.base_run_id,0.012279669152996942,0.0,,,https://labless.dev/runs/run_sub_6390756087
run_sub_def80f0d09,fino-a33-treat,2026-06-20T05:50:46.794179Z,0.6342689807051674,unvalidated,Pre-cycle search,run_sub_6c6c051f71,lr-and-curation,source_branch,source-only,repo.main_diff.base_run_id,-0.0013845582693635672,0.0,,,https://labless.dev/runs/run_sub_def80f0d09
run_sub_a706dc087e,b-orig-s2027,2026-06-26T18:18:19.524875Z,0.6442316409370468,unvalidated,Other manual,run_sub_6c6c051f71,lr-and-curation,source_branch,source-only,repo.main_diff.base_run_id,0.00857810196251585,0.0,,,https://labless.dev/runs/run_sub_a706dc087e
run_sub_39b08a8232,fino-papermatch,2026-06-26T18:18:44.983332Z,0.6494102701817873,unvalidated,Other manual,run_sub_6c6c051f71,lr-and-curation,source_branch,source-only,repo.main_diff.base_run_id,0.0137567312072564,0.0,,,https://labless.dev/runs/run_sub_39b08a8232
run_sub_fb12c4d526,b-cancer-s2026,2026-06-26T18:07:26.018852Z,0.6498001066250747,unvalidated,Other manual,run_sub_6c6c051f71,lr-and-curation,source_branch,source-only,repo.main_diff.base_run_id,0.014146567650543784,0.0,,,https://labless.dev/runs/run_sub_fb12c4d526
run_sub_77b8e83d59,fino-baseline-17,2026-06-26T18:19:57.544580Z,0.6440607319137035,unvalidated,Other manual,run_sub_6c6c051f71,lr-and-curation,source_branch,source-only,repo.main_diff.base_run_id,0.00840719293917258,0.0,,,https://labless.dev/runs/run_sub_77b8e83d59
run_sub_ed2cb9e816,b-cancer-s2027,2026-06-26T18:20:16.906548Z,0.6464169698726452,unvalidated,Other manual,run_sub_6c6c051f71,lr-and-curation,source_branch,source-only,repo.main_diff.base_run_id,0.010763430898114268,0.0,,,https://labless.dev/runs/run_sub_ed2cb9e816
run_sub_e43b4f41b2,b-cexpr-s2026,2026-06-26T18:21:16.753864Z,0.6468647988619186,unvalidated,Other manual,run_sub_6c6c051f71,lr-and-curation,source_branch,source-only,repo.main_diff.base_run_id,0.011211259887387692,0.0,,,https://labless.dev/runs/run_sub_e43b4f41b2
run_sub_64495eb78a,b-cexpr-s2027,2026-06-26T18:22:21.395386Z,0.6396724102305179,unvalidated,Other manual,run_sub_6c6c051f71,lr-and-curation,source_branch,source-only,repo.main_diff.base_run_id,0.004018871255986989,0.0,,,https://labless.dev/runs/run_sub_64495eb78a
run_sub_ed06ca7c95,exp-0319,2026-06-26T18:03:21.308057Z,0.663369917944966,unvalidated,Numbered search,run_sub_6c6c051f71,lr-and-curation,source_branch,source-only,repo.main_diff.base_run_id,0.027716378970435107,0.0,,,https://labless.dev/runs/run_sub_ed06ca7c95
run_sub_de59a46092,finometa-base-meta,2026-06-26T18:41:11.176819Z,0.62524276942698,unvalidated,Other manual,run_sub_6c6c051f71,lr-and-curation,source_branch,source-only,repo.main_diff.base_run_id,-0.010410769547550935,0.5,,,https://labless.dev/runs/run_sub_de59a46092
run_sub_9137511364,noise-jfino-s2026,2026-06-26T18:04:39.430899Z,0.6532544578893411,unvalidated,Other manual,run_sub_6c6c051f71,lr-and-curation,source_branch,source-only,repo.main_diff.base_run_id,0.017600918914810193,0.0,,,https://labless.dev/runs/run_sub_9137511364
run_sub_47ff5efa84,noise-jfino-s2027,2026-06-26T18:42:37.122690Z,0.6521390636689647,unvalidated,Other manual,run_sub_6c6c051f71,lr-and-curation,source_branch,source-only,repo.main_diff.base_run_id,0.016485524694433762,0.0,,,https://labless.dev/runs/run_sub_47ff5efa84
run_sub_b78828ac35,exp-0320,2026-06-26T18:27:26.366069Z,0.6283374881032466,unvalidated,Numbered search,run_sub_6c6c051f71,lr-and-curation,source_branch,source-only,repo.main_diff.base_run_id,-0.007316050871284285,0.0,,,https://labless.dev/runs/run_sub_b78828ac35
run_sub_c6b3d75771,finometa-base-raw,2026-06-26T18:04:10.154719Z,0.6289174279712323,unvalidated,Other manual,run_sub_6c6c051f71,lr-and-curation,source_branch,source-only,repo.main_diff.base_run_id,-0.006736111003298628,0.5,,,https://labless.dev/runs/run_sub_c6b3d75771
run_sub_4f89170d3f,c5-base-748839,2026-06-26T20:01:12.452838Z,0.6520938381514181,unvalidated,Cycle 5,run_sub_9be6b175e5,reseed_anchor,campaign_baseline,medium,new campaign anchor; linked to previous anchor,0.002175380218779721,0.5,,,https://labless.dev/runs/run_sub_4f89170d3f
run_sub_19bedfb32c,c5-tissuedens,2026-06-27T01:43:52.950574Z,0.6522297468387384,unvalidated,Cycle 5,run_sub_4f89170d3f,c5-base-748839,named_base,high,notes specify base=c5-base-748839,0.00013590868732027417,1.0,,,https://labless.dev/runs/run_sub_19bedfb32c
run_sub_5dda1388e5,c5-jmaskdiff,2026-06-27T01:44:13.306142Z,0.6507229575888519,unvalidated,Cycle 5,run_sub_4f89170d3f,c5-base-748839,named_base,high,notes specify base=c5-base-748839,-0.001370880562566179,0.75,,,https://labless.dev/runs/run_sub_5dda1388e5
run_sub_27d71fc348,c5-tissdg3,2026-06-27T01:44:34.475550Z,0.6515058654196133,unvalidated,Cycle 5,run_sub_4f89170d3f,c5-base-748839,named_base,high,notes specify base=c5-base-748839,-0.0005879727318047756,0.75,,,https://labless.dev/runs/run_sub_27d71fc348
run_sub_20e115f3da,pp_cls_depth_stats,2026-06-27T02:33:57.993779Z,0.6501,unvalidated,Cycle 5,run_sub_6c6c051f71,lr-and-curation,source_branch,source-only,repo.main_diff.base_run_id,0.014446461025469093,0.25,,,https://labless.dev/runs/run_sub_20e115f3da
run_sub_20c74e073e,d3rawema-r1,2026-06-27T02:13:05.032474Z,0.6247757942641643,unvalidated,Other manual,run_sub_6c6c051f71,lr-and-curation,source_branch,source-only,repo.main_diff.base_run_id,-0.010877744710366621,0.25,,,https://labless.dev/runs/run_sub_20c74e073e
run_sub_50d89345ce,c5-jmask_harddose_t1,2026-06-27T03:28:31.957190Z,0.6484194170961787,unvalidated,Cycle 5,run_sub_4f89170d3f,c5-base-748839,named_base,high,notes specify base=c5-base-748839,-0.0036744210552394074,0.5,,,https://labless.dev/runs/run_sub_50d89345ce
run_sub_dd2cb3dc22,c5-l5_fast_warmup_t1,2026-06-27T03:34:20.098362Z,0.6517134002799064,unvalidated,Cycle 5,run_sub_4f89170d3f,c5-base-748839,named_base,high,notes specify base=c5-base-748839,-0.00038043787151165187,0.5,,,https://labless.dev/runs/run_sub_dd2cb3dc22
run_sub_435f6fa546,d3rawema-r2,2026-06-27T04:13:14.388051Z,0.6219148874392408,unvalidated,Other manual,run_sub_6c6c051f71,lr-and-curation,source_branch,source-only,repo.main_diff.base_run_id,-0.01373865153529008,0.25,,,https://labless.dev/runs/run_sub_435f6fa546
run_sub_5ccd693560,c5-l4-asym-t1,2026-06-27T06:51:01.856260Z,0.6469878947238631,unvalidated,Cycle 5,run_sub_6c6c051f71,lr-and-curation,source_branch,source-only,repo.main_diff.base_run_id,0.01133435574933217,0.25,,,https://labless.dev/runs/run_sub_5ccd693560
run_sub_e84570c856,dv3-fresh-start,2026-06-27T06:35:53.262100Z,0.6498490753698637,unvalidated,Other manual,run_sub_6c6c051f71,lr-and-curation,source_branch,source-only,repo.main_diff.base_run_id,0.014195536395332775,0.25,,,https://labless.dev/runs/run_sub_e84570c856
run_sub_41b50f7bfb,c5-jmask_harddose_t2,2026-06-27T08:08:33.596134Z,0.646413260371129,unvalidated,Cycle 5,run_sub_6c6c051f71,lr-and-curation,source_branch,source-only,repo.main_diff.base_run_id,0.010759721396598088,0.25,,,https://labless.dev/runs/run_sub_41b50f7bfb
run_sub_9b0771fc09,dv3-fresh-repro,2026-06-27T09:25:56.171577Z,0.6497056249653888,unvalidated,Other manual,run_sub_6c6c051f71,lr-and-curation,source_branch,source-only,repo.main_diff.base_run_id,0.014052085990857832,0.25,,,https://labless.dev/runs/run_sub_9b0771fc09
run_sub_43f7d43dec,c5-l5_fast_warmup_t2,2026-06-27T17:55:22.715387Z,0.6519121190558083,unvalidated,Cycle 5,run_sub_6c6c051f71,lr-and-curation,source_branch,source-only,repo.main_diff.base_run_id,0.01625858008127734,0.25,,,https://labless.dev/runs/run_sub_43f7d43dec
run_sub_c6e146a929,c5-l5_fast_warmup_t3,2026-06-27T20:52:57.763284Z,0.6472951220217567,unvalidated,Cycle 5,run_sub_6c6c051f71,lr-and-curation,source_branch,source-only,repo.main_diff.base_run_id,0.011641583047225734,0.25,,,https://labless.dev/runs/run_sub_c6e146a929
run_sub_8b48aadfd1,c5-l6_stain_noise_t1,2026-06-28T16:29:21.794462Z,0.6352828864303618,unvalidated,Cycle 5,run_sub_6c6c051f71,lr-and-curation,source_branch,source-only,repo.main_diff.base_run_id,-0.0003706525441691255,0.25,,,https://labless.dev/runs/run_sub_8b48aadfd1
run_sub_c5585cd0c6,c5-l13_dino_decay_t1,2026-06-28T16:42:53.839998Z,0.6501416823052365,unvalidated,Cycle 5,run_sub_6c6c051f71,lr-and-curation,source_branch,source-only,repo.main_diff.base_run_id,0.014488143330705583,0.25,,,https://labless.dev/runs/run_sub_c5585cd0c6
run_sub_dbd200f470,fino_2factor_t01,2026-06-28T17:05:39.372405Z,0.6378385509833177,unvalidated,Other manual,run_sub_6c6c051f71,lr-and-curation,source_branch,source-only,repo.main_diff.base_run_id,0.0021850120087867353,0.0,,,https://labless.dev/runs/run_sub_dbd200f470
run_sub_b6b065e924,c5-l13_dino_decay_t2,2026-06-28T21:05:13.059350Z,0.6512116472167604,unvalidated,Cycle 5,run_sub_6c6c051f71,lr-and-curation,source_branch,source-only,repo.main_diff.base_run_id,0.015558108242229474,0.25,,,https://labless.dev/runs/run_sub_b6b065e924
run_sub_58f47053dc,capi-ibot-clean,2026-06-29T09:27:43.550254Z,0.6526824199166961,unvalidated,Other manual,run_sub_6c6c051f71,lr-and-curation,source_branch,source-only,repo.main_diff.base_run_id,0.017028880942165148,0.25,,,https://labless.dev/runs/run_sub_58f47053dc
run_sub_1677a861d2,cls_dstats_delta,2026-06-30T02:25:21.337985Z,0.6578947014205512,unvalidated,Cycle 5,run_sub_6c6c051f71,lr-and-curation,source_branch,source-only,repo.main_diff.base_run_id,0.022241162446020257,0.25,,,https://labless.dev/runs/run_sub_1677a861d2
run_sub_d849de061e,c6-mc-curated-t1,2026-07-01T07:59:39.197714Z,0.6537597557285186,unvalidated,Cycle 6,run_sub_6c6c051f71,lr-and-curation,source_branch,source-only,repo.main_diff.base_run_id,0.018106216753987714,0.25,,,https://labless.dev/runs/run_sub_d849de061e
run_sub_01402e3ec1,c6-l19-sgdr-paper-t1,2026-07-01T14:29:22.249981Z,0.4725916944720301,unvalidated,Cycle 6,run_sub_6c6c051f71,lr-and-curation,source_branch,source-only,repo.main_diff.base_run_id,-0.16306184450250083,0.25,,,https://labless.dev/runs/run_sub_01402e3ec1
run_sub_00d0cd3df1,c6-l8-pcgv-t1,2026-07-01T20:48:30.982746Z,0.6544200249216586,unvalidated,Cycle 6,run_sub_6c6c051f71,lr-and-curation,source_branch,source-only,repo.main_diff.base_run_id,0.01876648594712771,0.25,,,https://labless.dev/runs/run_sub_00d0cd3df1
run_sub_c17a8360be,c6-lcc-v10s128-t3,2026-07-01T20:53:04.041909Z,0.6591044042286365,unvalidated,Cycle 6,run_sub_6c6c051f71,lr-and-curation,source_branch,source-only,repo.main_diff.base_run_id,0.023450865254105557,0.25,,,https://labless.dev/runs/run_sub_c17a8360be
run_sub_7cc207f872,c6-mc-basiccur-t1,2026-07-01T20:53:37.270366Z,0.6539912675684175,unvalidated,Cycle 6,run_sub_6c6c051f71,lr-and-curation,source_branch,source-only,repo.main_diff.base_run_id,0.018337728593886604,0.25,,,https://labless.dev/runs/run_sub_7cc207f872
run_sub_883ca30856,c6-mc-slidebal-t2,2026-07-01T20:54:11.084014Z,0.6510049782377034,unvalidated,Cycle 6,run_sub_6c6c051f71,lr-and-curation,source_branch,source-only,repo.main_diff.base_run_id,0.015351439263172506,0.25,,,https://labless.dev/runs/run_sub_883ca30856
run_sub_9d687148f0,c6-sproto-calib-t2,2026-07-01T20:54:55.600244Z,0.6469678199093611,unvalidated,Cycle 6,run_sub_6c6c051f71,lr-and-curation,source_branch,source-only,repo.main_diff.base_run_id,0.011314280934830223,0.25,,,https://labless.dev/runs/run_sub_9d687148f0
run_sub_62672892f5,c6-sproto-near-t1,2026-07-01T20:55:35.144135Z,0.6460884025082453,unvalidated,Cycle 6,run_sub_6c6c051f71,lr-and-curation,source_branch,source-only,repo.main_diff.base_run_id,0.010434863533714367,0.25,,,https://labless.dev/runs/run_sub_62672892f5
run_sub_a464be887b,c6-base-882147,2026-07-02T23:05:56.230318Z,0.6534086961334545,unvalidated,Cycle 6,run_sub_4f89170d3f,c5-base-748839,campaign_baseline,medium,new campaign anchor; linked to previous anchor,0.0013148579820364548,0.5,,,https://labless.dev/runs/run_sub_a464be887b
run_sub_5b45859608,c6-reseed-anc-beffa9,2026-07-02T23:19:43.580668Z,0.6489649257243464,unvalidated,Cycle 6,run_sub_6c6c051f71,lr-and-curation,source_branch,source-only,repo.main_diff.base_run_id,0.013311386749815468,0.25,,,https://labless.dev/runs/run_sub_5b45859608
run_sub_d1b0ff327c,c6-train-d02-50ee5a,2026-07-08T23:26:10.640076Z,0.6545524459143792,unvalidated,Cycle 6,run_sub_6c6c051f71,lr-and-curation,source_branch,source-only,repo.main_diff.base_run_id,0.018898906939848303,0.25,,,https://labless.dev/runs/run_sub_d1b0ff327c
run_sub_8d06e12f27,c6-train-d04-223ece,2026-07-08T23:35:17.630950Z,0.653335527233241,unvalidated,Cycle 6,run_sub_6c6c051f71,lr-and-curation,source_branch,source-only,repo.main_diff.base_run_id,0.017681988258710035,0.25,,,https://labless.dev/runs/run_sub_8d06e12f27
run_sub_d75a3976d1,c6-train-d01-4681b4,2026-07-09T00:44:59.279721Z,0.6531805778803479,unvalidated,Cycle 6,run_sub_6c6c051f71,lr-and-curation,source_branch,source-only,repo.main_diff.base_run_id,0.017527038905816972,0.25,,,https://labless.dev/runs/run_sub_d75a3976d1
run_sub_cde355b5b0,c6-train-d03-t4,2026-07-09T00:53:35.092137Z,0.6462299289860274,unvalidated,Cycle 6,run_sub_6c6c051f71,lr-and-curation,source_branch,source-only,repo.main_diff.base_run_id,0.010576390011496462,0.25,,,https://labless.dev/runs/run_sub_cde355b5b0
run_sub_67ef4bc3a3,c6-train-d01-ea4086,2026-07-09T03:15:57.248790Z,0.6491797041108093,unvalidated,Cycle 6,run_sub_6c6c051f71,lr-and-curation,source_branch,source-only,repo.main_diff.base_run_id,0.013526165136278356,0.25,,,https://labless.dev/runs/run_sub_67ef4bc3a3
run_sub_f79c052f14,c6-train-d02-t1-kde6,2026-07-09T03:16:25.109720Z,0.6517886040032743,unvalidated,Cycle 6,run_sub_6c6c051f71,lr-and-curation,source_branch,source-only,repo.main_diff.base_run_id,0.0161350650287434,0.25,,,https://labless.dev/runs/run_sub_f79c052f14
run_sub_b49845869d,c6_fino_freez-dcd392,2026-07-09T04:42:43.906635Z,0.6485446967208895,unvalidated,Cycle 6,run_sub_6c6c051f71,lr-and-curation,source_branch,source-only,repo.main_diff.base_run_id,0.012891157746358628,0.25,,,https://labless.dev/runs/run_sub_b49845869d
run_sub_861952a2e1,c6-train-d04-236f36,2026-07-09T04:43:10.688148Z,0.6533038811791337,unvalidated,Cycle 6,run_sub_6c6c051f71,lr-and-curation,source_branch,source-only,repo.main_diff.base_run_id,0.01765034220460282,0.25,,,https://labless.dev/runs/run_sub_861952a2e1
run_sub_cf6dc5ce21,c6-patient-sa-f63507,2026-07-09T06:07:33.663293Z,0.6545140608333695,unvalidated,Cycle 6,run_sub_6c6c051f71,lr-and-curation,source_branch,source-only,repo.main_diff.base_run_id,0.018860521858838575,0.25,,,https://labless.dev/runs/run_sub_cf6dc5ce21
run_sub_f7d64cef67,c6-jepa-multi-829d44,2026-07-09T06:08:25.289847Z,0.6483531542948415,unvalidated,Cycle 6,run_sub_6c6c051f71,lr-and-curation,source_branch,source-only,repo.main_diff.base_run_id,0.012699615320310609,0.25,,,https://labless.dev/runs/run_sub_f7d64cef67
run_sub_5858dac66a,c6-train-d04-37c70f,2026-07-09T07:31:56.218562Z,0.6517166669384904,unvalidated,Cycle 6,run_sub_6c6c051f71,lr-and-curation,source_branch,source-only,repo.main_diff.base_run_id,0.016063127963959478,0.25,,,https://labless.dev/runs/run_sub_5858dac66a
run_sub_e57668ba3c,c6-train-d01-trial4,2026-07-09T08:58:23.951921Z,0.6531655211356492,unvalidated,Cycle 6,run_sub_6c6c051f71,lr-and-curation,source_branch,source-only,repo.main_diff.base_run_id,0.017511982161118267,0.25,,,https://labless.dev/runs/run_sub_e57668ba3c
run_sub_2b95b84ba2,c6-fino-freez-2aab84,2026-07-09T08:59:49.057345Z,0.6467794433343069,unvalidated,Cycle 6,run_sub_6c6c051f71,lr-and-curation,source_branch,source-only,repo.main_diff.base_run_id,0.011125904359776007,0.25,,,https://labless.dev/runs/run_sub_2b95b84ba2
run_sub_ab68e6f39b,c6-train-d04-cf9fad,2026-07-09T10:22:17.733695Z,0.6542377025781844,unvalidated,Cycle 6,run_sub_6c6c051f71,lr-and-curation,source_branch,source-only,repo.main_diff.base_run_id,0.018584163603653447,0.25,,,https://labless.dev/runs/run_sub_ab68e6f39b
run_sub_ac92e417e7,c6-train-d02-t3,2026-07-09T10:22:26.963978Z,0.6523922612225697,unvalidated,Cycle 6,run_sub_6c6c051f71,lr-and-curation,source_branch,source-only,repo.main_diff.base_run_id,0.01673872224803874,0.25,,,https://labless.dev/runs/run_sub_ac92e417e7
run_sub_ef78858d82,c6-train-d06-816fc9,2026-07-09T11:39:47.543154Z,0.6500027221200004,unvalidated,Cycle 6,run_sub_6c6c051f71,lr-and-curation,source_branch,source-only,repo.main_diff.base_run_id,0.014349183145469513,0.25,,,https://labless.dev/runs/run_sub_ef78858d82
run_sub_fae3c7f79e,c6-train-d01-960630,2026-07-09T11:41:21.653136Z,0.6523574760992716,unvalidated,Cycle 6,run_sub_6c6c051f71,lr-and-curation,source_branch,source-only,repo.main_diff.base_run_id,0.01670393712474072,0.25,,,https://labless.dev/runs/run_sub_fae3c7f79e
run_sub_4e18691490,c6_kde_conc15-49f9cd,2026-07-09T12:54:33.373458Z,0.6542414138830515,unvalidated,Cycle 6,run_sub_6c6c051f71,lr-and-curation,source_branch,source-only,repo.main_diff.base_run_id,0.01858787490852054,0.25,,,https://labless.dev/runs/run_sub_4e18691490
run_sub_151d8ded49,c6-train-d04-7d73f8,2026-07-09T12:59:06.437010Z,0.6533473564270842,unvalidated,Cycle 6,run_sub_6c6c051f71,lr-and-curation,source_branch,source-only,repo.main_diff.base_run_id,0.017693817452553273,0.25,,,https://labless.dev/runs/run_sub_151d8ded49
run_sub_ee3f9251d0,c6-train-d06-t3,2026-07-09T14:05:19.033376Z,0.6522246798039839,unvalidated,Cycle 6,run_sub_6c6c051f71,lr-and-curation,source_branch,source-only,repo.main_diff.base_run_id,0.01657114082945299,0.25,,,https://labless.dev/runs/run_sub_ee3f9251d0
run_sub_2160eb9ce2,c6-train-d06-cfc5d3,2026-07-09T15:19:11.739242Z,0.6509080442928931,unvalidated,Cycle 6,run_sub_6c6c051f71,lr-and-curation,source_branch,source-only,repo.main_diff.base_run_id,0.015254505318362144,0.25,,,https://labless.dev/runs/run_sub_2160eb9ce2
run_sub_008ae5ba6f,c6-train-d06-aa076f,2026-07-09T16:32:59.414920Z,0.652615737684212,unvalidated,Cycle 6,run_sub_6c6c051f71,lr-and-curation,source_branch,source-only,repo.main_diff.base_run_id,0.016962198709681076,0.25,,,https://labless.dev/runs/run_sub_008ae5ba6f
run_sub_83c094d4f1,c6-train-d09-t1,2026-07-09T17:47:48.437393Z,0.6484487244522816,unvalidated,Cycle 6,run_sub_6c6c051f71,lr-and-curation,source_branch,source-only,repo.main_diff.base_run_id,0.012795185477750715,0.25,,,https://labless.dev/runs/run_sub_83c094d4f1
run_sub_d038eec100,c6-train-d07-96c203,2026-07-09T17:50:51.649204Z,0.6531097621157932,unvalidated,Cycle 6,run_sub_6c6c051f71,lr-and-curation,source_branch,source-only,repo.main_diff.base_run_id,0.017456223141262273,0.25,,,https://labless.dev/runs/run_sub_d038eec100
run_sub_96a077b7cc,c6-asym-aug-l-16c394,2026-07-09T18:58:33.284883Z,0.654059333180087,unvalidated,Cycle 6,run_sub_6c6c051f71,lr-and-curation,source_branch,source-only,repo.main_diff.base_run_id,0.018405794205556103,0.25,,,https://labless.dev/runs/run_sub_96a077b7cc
run_sub_c86f83487c,c6-sinkhorn-geom-it5,2026-07-09T19:04:37.107650Z,0.6521342290681351,unvalidated,Cycle 6,run_sub_6c6c051f71,lr-and-curation,source_branch,source-only,repo.main_diff.base_run_id,0.0164806900936042,0.25,,,https://labless.dev/runs/run_sub_c86f83487c
run_sub_2c402f222b,c6-train-d08-t1,2026-07-09T20:13:23.173027Z,0.6536276648339031,unvalidated,Cycle 6,run_sub_6c6c051f71,lr-and-curation,source_branch,source-only,repo.main_diff.base_run_id,0.017974125859372192,0.25,,,https://labless.dev/runs/run_sub_2c402f222b
run_sub_3f65b89b9c,c6-train-d12-9f2bf6,2026-07-09T20:18:57.351693Z,0.6500529552339089,unvalidated,Cycle 6,run_sub_6c6c051f71,lr-and-curation,source_branch,source-only,repo.main_diff.base_run_id,0.014399416259378017,0.25,,,https://labless.dev/runs/run_sub_3f65b89b9c
run_sub_2764924a8e,c6-sinkhorn-e-317888,2026-07-09T21:26:49.310509Z,0.6322091817844545,unvalidated,Cycle 6,run_sub_6c6c051f71,lr-and-curation,source_branch,source-only,repo.main_diff.base_run_id,-0.003444357190076408,0.25,,,https://labless.dev/runs/run_sub_2764924a8e
run_sub_32d9db949d,c6-jepa-mask-931f23,2026-07-09T21:32:43.093248Z,0.6469830183253168,unvalidated,Cycle 6,run_sub_6c6c051f71,lr-and-curation,source_branch,source-only,repo.main_diff.base_run_id,0.011329479350785876,0.25,,,https://labless.dev/runs/run_sub_32d9db949d
run_sub_564cdd6d8a,c6-train-d07-52e822,2026-07-09T22:45:36.265475Z,0.6542270275075056,unvalidated,Cycle 6,run_sub_6c6c051f71,lr-and-curation,source_branch,source-only,repo.main_diff.base_run_id,0.01857348853297469,0.25,,,https://labless.dev/runs/run_sub_564cdd6d8a
run_sub_bba9a4a058,c6-lcc-alone-t2,2026-07-09T22:49:43.070197Z,0.653154549886973,unvalidated,Cycle 6,run_sub_6c6c051f71,lr-and-curation,source_branch,source-only,repo.main_diff.base_run_id,0.01750101091244205,0.25,,,https://labless.dev/runs/run_sub_bba9a4a058
run_sub_03c251a87d,c6-optim-geom-4c60ce,2026-07-09T22:50:42.924185Z,0.6497702724364185,unvalidated,Cycle 6,run_sub_6c6c051f71,lr-and-curation,source_branch,source-only,repo.main_diff.base_run_id,0.014116733461887576,0.25,,,https://labless.dev/runs/run_sub_03c251a87d
run_sub_36effd98bf,c6-train-d01-db8aa0,2026-07-10T04:06:21.451107Z,0.648264080368173,unvalidated,Cycle 6,run_sub_6c6c051f71,lr-and-curation,source_branch,source-only,repo.main_diff.base_run_id,0.012610541393642039,0.25,,,https://labless.dev/runs/run_sub_36effd98bf
run_sub_7e0be0829c,c6-train-d03-6a3884,2026-07-10T05:57:02.596627Z,0.6512788756127645,unvalidated,Cycle 6,run_sub_6c6c051f71,lr-and-curation,source_branch,source-only,repo.main_diff.base_run_id,0.015625336638233622,0.25,,,https://labless.dev/runs/run_sub_7e0be0829c
run_sub_030984ae5d,c6-train-d01-5e97b9,2026-07-10T07:36:58.834677Z,0.6481016953870706,unvalidated,Cycle 6,run_sub_6c6c051f71,lr-and-curation,source_branch,source-only,repo.main_diff.base_run_id,0.012448156412539713,0.25,,,https://labless.dev/runs/run_sub_030984ae5d
run_sub_43178b0ba2,trial_03,2026-07-10T12:12:55.229329Z,0.6533201224031118,unvalidated,Cycle 6,run_sub_6c6c051f71,lr-and-curation,source_branch,source-only,repo.main_diff.base_run_id,0.01766658342858085,0.25,,,https://labless.dev/runs/run_sub_43178b0ba2
run_sub_ed87978ba0,c6-train-d03-t2,2026-07-10T12:46:41.669097Z,0.6539755993107715,unvalidated,Cycle 6,run_sub_6c6c051f71,lr-and-curation,source_branch,source-only,repo.main_diff.base_run_id,0.01832206033624062,0.25,,,https://labless.dev/runs/run_sub_ed87978ba0
run_sub_a0ad329bc0,c6-train-d06-d6d652,2026-07-10T14:04:38.245537Z,0.6529833362542552,unvalidated,Cycle 6,run_sub_6c6c051f71,lr-and-curation,source_branch,source-only,repo.main_diff.base_run_id,0.01732979727972428,0.25,,,https://labless.dev/runs/run_sub_a0ad329bc0
run_sub_46839cd41a,c6-kde-concen-f6b16f,2026-07-10T14:19:49.946304Z,0.6534957895712282,unvalidated,Cycle 6,run_sub_6c6c051f71,lr-and-curation,source_branch,source-only,repo.main_diff.base_run_id,0.017842250596697307,0.25,,,https://labless.dev/runs/run_sub_46839cd41a
run_sub_8d2ec13d42,c6-train-d04-t2,2026-07-10T14:52:47.669898Z,0.63495485562993,unvalidated,Cycle 6,run_sub_6c6c051f71,lr-and-curation,source_branch,source-only,repo.main_diff.base_run_id,-0.0006986833446008811,0.25,,,https://labless.dev/runs/run_sub_8d2ec13d42
run_sub_f12b3eb433,c6-train-d03-823be8,2026-07-10T15:31:00.785725Z,0.6528520549997062,unvalidated,Cycle 6,run_sub_6c6c051f71,lr-and-curation,source_branch,source-only,repo.main_diff.base_run_id,0.017198516025175303,0.25,,,https://labless.dev/runs/run_sub_f12b3eb433
run_sub_b268852d67,c6-teacher-em-db0c3b,2026-07-10T16:43:47.722912Z,0.6519007485238164,unvalidated,Cycle 6,run_sub_6c6c051f71,lr-and-curation,source_branch,source-only,repo.main_diff.base_run_id,0.01624720954928549,0.25,,,https://labless.dev/runs/run_sub_b268852d67
run_sub_daed518e6d,c6-train-d02-00c454,2026-07-10T16:47:33.608172Z,0.6528814839682947,unvalidated,Cycle 6,run_sub_6c6c051f71,lr-and-curation,source_branch,source-only,repo.main_diff.base_run_id,0.01722794499376379,0.25,,,https://labless.dev/runs/run_sub_daed518e6d
run_sub_4e76cb7161,c6-train-d06-05b56d,2026-07-10T18:06:31.915224Z,0.6531900147826751,unvalidated,Cycle 6,run_sub_6c6c051f71,lr-and-curation,source_branch,source-only,repo.main_diff.base_run_id,0.017536475808144214,0.25,,,https://labless.dev/runs/run_sub_4e76cb7161
run_sub_e91defdb80,c6-train-d12-t6,2026-07-11T01:31:37.121561Z,0.6478389882950862,unvalidated,Cycle 6,run_sub_6c6c051f71,lr-and-curation,source_branch,source-only,repo.main_diff.base_run_id,0.01218544932055532,0.25,,,https://labless.dev/runs/run_sub_e91defdb80
run_sub_4fda09f271,c6_sinkhorn_iter5_t1,2026-07-11T05:13:36.410779Z,0.65205343763876,unvalidated,Cycle 6,run_sub_6c6c051f71,lr-and-curation,source_branch,source-only,repo.main_diff.base_run_id,0.016399898664229084,0.25,,,https://labless.dev/runs/run_sub_4fda09f271
run_sub_067b88987d,c6-train-d03-8aed14,2026-07-11T05:27:02.719038Z,0.6522120446426369,unvalidated,Cycle 6,run_sub_6c6c051f71,lr-and-curation,source_branch,source-only,repo.main_diff.base_run_id,0.016558505668106016,0.25,,,https://labless.dev/runs/run_sub_067b88987d
run_sub_f3fe0733a2,lc10x128-s271828,2026-07-11T05:20:35.363114Z,0.6597000080847469,unvalidated,Other manual,run_sub_6c6c051f71,lr-and-curation,source_branch,source-only,repo.main_diff.base_run_id,0.024046469110216018,0.0,,,https://labless.dev/runs/run_sub_f3fe0733a2
run_sub_b6dec7de8a,c6-train-d08-d347e2,2026-07-11T05:29:51.171950Z,0.6531809440331456,unvalidated,Cycle 6,run_sub_6c6c051f71,lr-and-curation,source_branch,source-only,repo.main_diff.base_run_id,0.01752740505861472,0.25,,,https://labless.dev/runs/run_sub_b6dec7de8a
run_sub_0d2306b604,c6_optim_geo-079f83,2026-07-11T06:34:55.327135Z,0.644149070811457,unvalidated,Cycle 6,run_sub_6c6c051f71,lr-and-curation,source_branch,source-only,repo.main_diff.base_run_id,0.008495531836926085,0.25,,,https://labless.dev/runs/run_sub_0d2306b604
run_sub_caaaabcd3e,c6-jepa-cond-f9ce7f,2026-07-11T06:46:03.141043Z,0.6463474171224733,unvalidated,Cycle 6,run_sub_6c6c051f71,lr-and-curation,source_branch,source-only,repo.main_diff.base_run_id,0.010693878147942426,0.25,,,https://labless.dev/runs/run_sub_caaaabcd3e
run_sub_7da2e8b076,localctx10x128,2026-07-11T07:23:02.931817Z,0.6644745767959198,unvalidated,Other manual,run_sub_6c6c051f71,lr-and-curation,source_branch,source-only,repo.main_diff.base_run_id,0.028821037821388895,0.0,,,https://labless.dev/runs/run_sub_7da2e8b076
run_sub_ad6fb84e52,c6-sinkhorn-iter5-t2,2026-07-11T07:52:34.650096Z,0.6522305476219428,unvalidated,Cycle 6,run_sub_6c6c051f71,lr-and-curation,source_branch,source-only,repo.main_diff.base_run_id,0.01657700864741185,0.25,,,https://labless.dev/runs/run_sub_ad6fb84e52
run_sub_4e94600124,c6_asym_teach-645e8b,2026-07-11T07:59:34.945395Z,0.6461790027579455,unvalidated,Cycle 6,run_sub_6c6c051f71,lr-and-curation,source_branch,source-only,repo.main_diff.base_run_id,0.010525463783414568,0.25,,,https://labless.dev/runs/run_sub_4e94600124
run_sub_16d1c8bfa4,c6-optim-geom-9f5e9c,2026-07-11T09:14:20.209109Z,0.6485819416234386,unvalidated,Cycle 6,run_sub_6c6c051f71,lr-and-curation,source_branch,source-only,repo.main_diff.base_run_id,0.01292840264890771,0.25,,,https://labless.dev/runs/run_sub_16d1c8bfa4
run_sub_b79ffd2ad4,c6-teacher-em-c8ce27,2026-07-11T09:17:35.322257Z,0.6525457870712461,unvalidated,Cycle 6,run_sub_6c6c051f71,lr-and-curation,source_branch,source-only,repo.main_diff.base_run_id,0.01689224809671519,0.25,,,https://labless.dev/runs/run_sub_b79ffd2ad4
run_sub_3c2e79aef6,c6-asym-aug-s-e977fe,2026-07-11T10:21:55.565700Z,0.6108076098459261,unvalidated,Cycle 6,run_sub_6c6c051f71,lr-and-curation,source_branch,source-only,repo.main_diff.base_run_id,-0.024845929128604838,0.25,,,https://labless.dev/runs/run_sub_3c2e79aef6
run_sub_9d7b1ab0fd,c6-train-d03-trial6,2026-07-11T10:40:06.929263Z,0.6539719830925415,unvalidated,Cycle 6,run_sub_6c6c051f71,lr-and-curation,source_branch,source-only,repo.main_diff.base_run_id,0.018318444118010535,0.25,,,https://labless.dev/runs/run_sub_9d7b1ab0fd
run_sub_a4be54f58c,c6-train-d08-trial3,2026-07-11T11:45:19.634877Z,0.6541750714601616,unvalidated,Cycle 6,run_sub_6c6c051f71,lr-and-curation,source_branch,source-only,repo.main_diff.base_run_id,0.01852153248563071,0.25,,,https://labless.dev/runs/run_sub_a4be54f58c
run_sub_84bcdb93da,c6-jepa-geome-3a1ab0,2026-07-11T12:00:55.775873Z,0.6466255495656611,unvalidated,Cycle 6,run_sub_6c6c051f71,lr-and-curation,source_branch,source-only,repo.main_diff.base_run_id,0.010972010591130177,0.25,,,https://labless.dev/runs/run_sub_84bcdb93da
run_sub_794cac8107,lctx10x128-s7777,2026-07-11T11:57:54.141558Z,0.6648894283503807,unvalidated,Other manual,run_sub_6c6c051f71,lr-and-curation,source_branch,source-only,repo.main_diff.base_run_id,0.029235889375849755,0.0,,,https://labless.dev/runs/run_sub_794cac8107
run_sub_0d5110698c,c6-train-d08-29b21a,2026-07-11T13:12:15.348905Z,0.6539458959452273,unvalidated,Cycle 6,run_sub_6c6c051f71,lr-and-curation,source_branch,source-only,repo.main_diff.base_run_id,0.018292356970696422,0.25,,,https://labless.dev/runs/run_sub_0d5110698c
run_sub_05e8624a23,c6-train-d15-t2,2026-07-11T16:46:27.579631Z,0.6543565981219007,unvalidated,Cycle 6,run_sub_6c6c051f71,lr-and-curation,source_branch,source-only,repo.main_diff.base_run_id,0.018703059147369805,0.25,,,https://labless.dev/runs/run_sub_05e8624a23
run_sub_b91eb8fd4c,c6-train-d04-t5,2026-07-11T18:07:05.043267Z,0.6527250281534445,unvalidated,Cycle 6,run_sub_6c6c051f71,lr-and-curation,source_branch,source-only,repo.main_diff.base_run_id,0.017071489178913546,0.25,,,https://labless.dev/runs/run_sub_b91eb8fd4c
run_sub_273c394c92,c6-train-d09-37395b,2026-07-11T18:07:23.986677Z,0.6468299198460961,unvalidated,Cycle 6,run_sub_6c6c051f71,lr-and-curation,source_branch,source-only,repo.main_diff.base_run_id,0.01117638087156514,0.25,,,https://labless.dev/runs/run_sub_273c394c92
run_sub_63ab79b906,c6-train-d08-trial06,2026-07-11T19:29:29.610939Z,0.6514157147745722,unvalidated,Cycle 6,run_sub_6c6c051f71,lr-and-curation,source_branch,source-only,repo.main_diff.base_run_id,0.015762175800041245,0.25,,,https://labless.dev/runs/run_sub_63ab79b906
run_sub_13e58c3c85,molcap-text-s7777,2026-07-12T03:16:53.532008Z,0.6652239193862792,unvalidated,Other manual,run_sub_6c6c051f71,lr-and-curation,source_branch,source-only,repo.main_diff.base_run_id,0.02957038041174831,0.0,,,https://labless.dev/runs/run_sub_13e58c3c85
run_sub_57a26ec42b,lctx10-kde05-nuis,2026-07-12T10:57:00.617242Z,0.6597108586006121,unvalidated,Other manual,run_sub_6c6c051f71,lr-and-curation,source_branch,source-only,repo.main_diff.base_run_id,0.024057319626081153,0.0,,,https://labless.dev/runs/run_sub_57a26ec42b
run_sub_17d8e9f70f,lctx12-kde05-s7777,2026-07-12T10:59:13.565157Z,0.6640880845250816,unvalidated,Other manual,run_sub_6c6c051f71,lr-and-curation,source_branch,source-only,repo.main_diff.base_run_id,0.028434545550550694,0.0,,,https://labless.dev/runs/run_sub_17d8e9f70f
run_sub_91ae661e33,molcap-route-s7777,2026-07-14T10:58:21.030127Z,0.6637154886140434,unvalidated,Other manual,run_sub_6c6c051f71,lr-and-curation,source_branch,source-only,repo.main_diff.base_run_id,0.028061949639512473,0.0,,,https://labless.dev/runs/run_sub_91ae661e33
run_sub_e3d0052a13,c7-reseed-anc-caed33,2026-07-14T17:47:43.912634Z,0.6484475128267544,unvalidated,Cycle 7,run_sub_6c6c051f71,lr-and-curation,source_branch,source-only,repo.main_diff.base_run_id,0.012793973852223472,0.25,,,https://labless.dev/runs/run_sub_e3d0052a13
run_sub_70c47eb534,c7-base-882147,2026-07-14T17:47:47.689969Z,0.6530875760102289,unvalidated,Cycle 7,run_sub_a464be887b,c6-base-882147,campaign_baseline,medium,new campaign anchor; linked to previous anchor,-0.00032112012322560446,0.75,,,https://labless.dev/runs/run_sub_70c47eb534
run_sub_354e53619d,c6lcc-combined-pp,2026-07-14T20:31:47.101969Z,0.664839283812248,unvalidated,Cycle 6,run_sub_6c6c051f71,lr-and-curation,source_branch,source-only,repo.main_diff.base_run_id,0.029185744837717076,0.25,,,https://labless.dev/runs/run_sub_354e53619d
run_sub_9770260f56,c7-train-p-me-97ee40,2026-07-14T21:56:13.853480Z,0.6548412540819261,unvalidated,Cycle 7,run_sub_6c6c051f71,lr-and-curation,source_branch,source-only,repo.main_diff.base_run_id,0.019187715107395142,0.25,,,https://labless.dev/runs/run_sub_9770260f56
run_sub_e3fe26b2ba,c7-train-p-ma-e20394,2026-07-14T21:56:29.369303Z,0.6472463927651949,unvalidated,Cycle 7,run_sub_6c6c051f71,lr-and-curation,source_branch,source-only,repo.main_diff.base_run_id,0.011592853790663993,0.25,,,https://labless.dev/runs/run_sub_e3fe26b2ba
run_sub_265ebf885f,c7-train-p-te-8dc649,2026-07-14T21:56:32.505574Z,0.6462378828611252,unvalidated,Cycle 7,run_sub_6c6c051f71,lr-and-curation,source_branch,source-only,repo.main_diff.base_run_id,0.010584343886594239,0.25,,,https://labless.dev/runs/run_sub_265ebf885f
run_sub_c8cf4281d2,c7-train-p-wa-5fc40c,2026-07-15T00:36:51.833523Z,0.6528624109922284,unvalidated,Cycle 7,run_sub_6c6c051f71,lr-and-curation,source_branch,source-only,repo.main_diff.base_run_id,0.017208872017697496,0.25,,,https://labless.dev/runs/run_sub_c8cf4281d2
run_sub_9220550b7b,c7-trial2-sli-d1c0af,2026-07-15T00:56:22.975212Z,0.6526464137076878,unvalidated,Cycle 7,run_sub_6c6c051f71,lr-and-curation,source_branch,source-only,repo.main_diff.base_run_id,0.016992874733156915,0.25,,,https://labless.dev/runs/run_sub_9220550b7b
run_sub_cb2a7ce038,c7-train-p-fi-cd5b3f,2026-07-15T00:57:23.973635Z,0.6524319279114462,unvalidated,Cycle 7,run_sub_6c6c051f71,lr-and-curation,source_branch,source-only,repo.main_diff.base_run_id,0.0167783889369153,0.25,,,https://labless.dev/runs/run_sub_cb2a7ce038
run_sub_c613297e8b,c7-train-p-je-e28955,2026-07-15T01:13:21.581850Z,0.6536698953046012,unvalidated,Cycle 7,run_sub_6c6c051f71,lr-and-curation,source_branch,source-only,repo.main_diff.base_run_id,0.01801635633007026,0.25,,,https://labless.dev/runs/run_sub_c613297e8b
run_sub_b554dcacd1,c6-kde-count-3fde50,2026-07-15T01:14:36.536446Z,0.6421421785408933,unvalidated,Cycle 6,run_sub_6c6c051f71,lr-and-curation,source_branch,source-only,repo.main_diff.base_run_id,0.006488639566362364,0.25,,,https://labless.dev/runs/run_sub_b554dcacd1
run_sub_f73cf49531,c7-train-p-c6-8db363,2026-07-15T01:23:35.571403Z,0.6535272531666065,unvalidated,Cycle 7,run_sub_6c6c051f71,lr-and-curation,source_branch,source-only,repo.main_diff.base_run_id,0.017873714192075618,0.25,,,https://labless.dev/runs/run_sub_f73cf49531
run_sub_90e5eb6249,c7-trial3-ada-b7a076,2026-07-15T01:24:41.736004Z,0.6526800272437643,unvalidated,Cycle 7,run_sub_6c6c051f71,lr-and-curation,source_branch,source-only,repo.main_diff.base_run_id,0.017026488269233364,0.25,,,https://labless.dev/runs/run_sub_90e5eb6249
run_sub_fd6759a23f,c7-train-p-re-588b2d,2026-07-15T01:26:42.917201Z,0.6530053208211591,unvalidated,Cycle 7,run_sub_6c6c051f71,lr-and-curation,source_branch,source-only,repo.main_diff.base_run_id,0.017351781846628223,0.25,,,https://labless.dev/runs/run_sub_fd6759a23f
run_sub_2b93a3f3b4,c7-train-p-pr-9cfec7,2026-07-15T01:31:37.383767Z,0.6527626063318083,unvalidated,Cycle 7,run_sub_6c6c051f71,lr-and-curation,source_branch,source-only,repo.main_diff.base_run_id,0.017109067357277352,0.25,,,https://labless.dev/runs/run_sub_2b93a3f3b4
run_sub_e467c6ee70,c7-warmup-fra-b12cff,2026-07-15T01:52:18.038479Z,0.6496611543225204,unvalidated,Cycle 7,run_sub_6c6c051f71,lr-and-curation,source_branch,source-only,repo.main_diff.base_run_id,0.014007615347989444,0.25,,,https://labless.dev/runs/run_sub_e467c6ee70
run_sub_03dea1e86c,c7-train-p-pc-fd527a,2026-07-15T01:52:46.142717Z,0.6541148002597191,unvalidated,Cycle 7,run_sub_6c6c051f71,lr-and-curation,source_branch,source-only,repo.main_diff.base_run_id,0.018461261285188213,0.25,,,https://labless.dev/runs/run_sub_03dea1e86c
run_sub_2587dbd082,c7-train-p-fi-e0cf59,2026-07-15T02:32:33.245792Z,0.650210355868287,unvalidated,Cycle 7,run_sub_6c6c051f71,lr-and-curation,source_branch,source-only,repo.main_diff.base_run_id,0.014556816893756097,0.25,,,https://labless.dev/runs/run_sub_2587dbd082
run_sub_28da36b911,c7-train-p-sl-28f596,2026-07-15T02:34:56.704009Z,0.6523890726085748,unvalidated,Cycle 7,run_sub_6c6c051f71,lr-and-curation,source_branch,source-only,repo.main_diff.base_run_id,0.016735533634043898,0.25,,,https://labless.dev/runs/run_sub_28da36b911
run_sub_d55a0669e8,c7-jepa-freeb-f06ee3,2026-07-15T02:48:55.911219Z,0.6420018184148925,unvalidated,Cycle 7,run_sub_6c6c051f71,lr-and-curation,source_branch,source-only,repo.main_diff.base_run_id,0.006348279440361537,0.25,,,https://labless.dev/runs/run_sub_d55a0669e8
run_sub_73dfc46d60,c7-capi-clust-b9ca20,2026-07-15T02:51:21.211341Z,0.6530322841251921,unvalidated,Cycle 7,run_sub_6c6c051f71,lr-and-curation,source_branch,source-only,repo.main_diff.base_run_id,0.01737874515066118,0.25,,,https://labless.dev/runs/run_sub_73dfc46d60
run_sub_9ae66231da,c7-train-p-c6-53b719,2026-07-15T03:06:36.646361Z,0.6503404254110697,unvalidated,Cycle 7,run_sub_70c47eb534,c7-base-882147,named_base,high,notes specify base=c7-base-882147,-0.0027471505991591982,0.75,,,https://labless.dev/runs/run_sub_9ae66231da
run_sub_12b3e59ccb,c7-train-p-pr-960da5,2026-07-15T03:06:58.221361Z,0.6534576512334345,unvalidated,Cycle 7,run_sub_70c47eb534,c7-base-882147,named_base,high,notes specify base=c7-base-882147,0.0003700752232055349,0.75,,,https://labless.dev/runs/run_sub_12b3e59ccb
run_sub_084b3cce68,c7-train-p-re-d704cc,2026-07-15T03:10:27.121598Z,0.6450683873475972,unvalidated,Cycle 7,run_sub_70c47eb534,c7-base-882147,named_base,high,notes specify base=c7-base-882147,-0.008019188662631738,0.75,,,https://labless.dev/runs/run_sub_084b3cce68
run_sub_5e0bf06e37,c7-train-p-di-4ae63a,2026-07-15T03:12:10.655132Z,0.6488705202288975,unvalidated,Cycle 7,run_sub_70c47eb534,c7-base-882147,named_base,high,notes specify base=c7-base-882147,-0.004217055781331469,0.75,,,https://labless.dev/runs/run_sub_5e0bf06e37
run_sub_1c90585ee1,c7-train-p-di-54b4f2,2026-07-15T03:25:56.671896Z,0.6417813086396376,unvalidated,Cycle 7,run_sub_70c47eb534,c7-base-882147,named_base,high,notes specify base=c7-base-882147,-0.011306267370591372,0.5,,,https://labless.dev/runs/run_sub_1c90585ee1
run_sub_f0104397cd,c7-train-p-c7-2309cc,2026-07-15T03:38:02.777642Z,0.6480038910851448,unvalidated,Cycle 7,run_sub_70c47eb534,c7-base-882147,named_base,high,notes specify base=c7-base-882147,-0.005083684925084153,0.5,,,https://labless.dev/runs/run_sub_f0104397cd
run_sub_e7c4a3c47f,c7-tr4-alpha1-f0d629,2026-07-15T04:10:35.393204Z,0.6534086743406965,unvalidated,Cycle 7,run_sub_70c47eb534,c7-base-882147,named_base,high,notes specify base=c7-base-882147,0.00032109833046756187,1.0,,,https://labless.dev/runs/run_sub_e7c4a3c47f
run_sub_b1beec1796,c7-disagree-g-c20b7a,2026-07-15T04:55:39.840259Z,0.5885415649394842,unvalidated,Cycle 7,run_sub_70c47eb534,c7-base-882147,named_base,high,notes specify base=c7-base-882147,-0.06454601107074476,0.75,,,https://labless.dev/runs/run_sub_b1beec1796
run_sub_ce1ea837b7,c7-metadata-c-d343db,2026-07-15T06:43:47.286084Z,0.6528159030553027,unvalidated,Cycle 7,run_sub_70c47eb534,c7-base-882147,named_base,high,notes specify base=c7-base-882147,-0.00027167295492624977,0.75,,,https://labless.dev/runs/run_sub_ce1ea837b7
run_sub_347ea317a1,c7-fino-freez-caa2ea,2026-07-15T06:52:11.294684Z,0.6425378829577959,unvalidated,Cycle 7,run_sub_70c47eb534,c7-base-882147,named_base,high,notes specify base=c7-base-882147,-0.010549693052433029,1.0,,,https://labless.dev/runs/run_sub_347ea317a1
run_sub_60749ea31b,c7-train-p-ba-dc2917,2026-07-15T06:57:07.304677Z,0.6526488765173466,unvalidated,Cycle 7,run_sub_70c47eb534,c7-base-882147,named_base,high,notes specify base=c7-base-882147,-0.0004386994928823329,1.0,,,https://labless.dev/runs/run_sub_60749ea31b
run_sub_69783fa2ab,slide-balance-8d8a33,2026-07-15T07:00:10.505031Z,0.6534147831503904,unvalidated,Cycle 7,run_sub_70c47eb534,c7-base-882147,named_base,high,notes specify base=c7-base-882147,0.00032720714016143404,1.0,,,https://labless.dev/runs/run_sub_69783fa2ab
run_sub_a6f8752ba9,c7-tr4-kde-wt-8dadcc,2026-07-15T07:07:10.580540Z,0.6501583038805522,unvalidated,Cycle 7,run_sub_70c47eb534,c7-base-882147,named_base,high,notes specify base=c7-base-882147,-0.002929272129676752,1.0,,,https://labless.dev/runs/run_sub_a6f8752ba9
run_sub_042331de27,c7-train-p-wa-479d03,2026-07-15T07:08:43.840947Z,0.6534026468036628,unvalidated,Cycle 7,run_sub_70c47eb534,c7-base-882147,named_base,high,notes specify base=c7-base-882147,0.00031507079343384703,1.0,,,https://labless.dev/runs/run_sub_042331de27
run_sub_fcaa23af5f,c7-train-p-ba-595391,2026-07-15T07:18:40.066775Z,0.6441916855396639,unvalidated,Cycle 7,run_sub_70c47eb534,c7-base-882147,named_base,high,notes specify base=c7-base-882147,-0.008895890470565049,1.0,,,https://labless.dev/runs/run_sub_fcaa23af5f
run_sub_fe38617a2a,c7-train-p-wi-23eae1,2026-07-15T07:29:48.988311Z,0.6434606516496951,unvalidated,Cycle 7,run_sub_70c47eb534,c7-base-882147,named_base,high,notes specify base=c7-base-882147,-0.009626924360533806,1.0,,,https://labless.dev/runs/run_sub_fe38617a2a
run_sub_d0aff4ac88,c7-pcgrad-mul-d2c13e,2026-07-15T07:43:37.102116Z,0.6412858542247435,unvalidated,Cycle 7,run_sub_70c47eb534,c7-base-882147,named_base,high,notes specify base=c7-base-882147,-0.011801721785485442,0.75,,,https://labless.dev/runs/run_sub_d0aff4ac88
run_sub_9dc7f63a8f,c7-train-p-je-bb16a6,2026-07-15T08:08:32.515110Z,0.6434173028985122,unvalidated,Cycle 7,run_sub_70c47eb534,c7-base-882147,named_base,high,notes specify base=c7-base-882147,-0.009670273111716754,0.75,,,https://labless.dev/runs/run_sub_9dc7f63a8f
run_sub_0af54af82c,c7-warmup-fra-d22f83,2026-07-15T08:08:55.279169Z,0.6440220507472543,unvalidated,Cycle 7,run_sub_70c47eb534,c7-base-882147,named_base,high,notes specify base=c7-base-882147,-0.00906552526297466,1.0,,,https://labless.dev/runs/run_sub_0af54af82c
run_sub_022def534a,c7-train-p-ma-5d0299,2026-07-15T08:08:59.955770Z,0.6441432907861566,unvalidated,Cycle 7,run_sub_70c47eb534,c7-base-882147,named_base,high,notes specify base=c7-base-882147,-0.008944285224072313,0.75,,,https://labless.dev/runs/run_sub_022def534a
run_sub_1468036a33,c7-train-p-kd-bba7b6,2026-07-15T08:09:23.957294Z,0.6445650162482391,unvalidated,Cycle 7,run_sub_70c47eb534,c7-base-882147,named_base,high,notes specify base=c7-base-882147,-0.00852255976198979,0.75,,,https://labless.dev/runs/run_sub_1468036a33
run_sub_2da69d1391,c7-train-p-ro-c1c6e3,2026-07-15T08:09:56.221752Z,0.6436211050576561,unvalidated,Cycle 7,run_sub_70c47eb534,c7-base-882147,named_base,high,notes specify base=c7-base-882147,-0.009466470952572803,1.0,,,https://labless.dev/runs/run_sub_2da69d1391
run_sub_ec45cc7d62,c7-train-p-c7-515bfc,2026-07-15T08:09:59.483992Z,0.6445019689428785,unvalidated,Cycle 7,run_sub_70c47eb534,c7-base-882147,named_base,high,notes specify base=c7-base-882147,-0.008585607067350454,0.75,,,https://labless.dev/runs/run_sub_ec45cc7d62
run_sub_2b992b717d,c7-train-p-kd-4a9238,2026-07-15T08:10:03.515895Z,0.6440671958870791,unvalidated,Cycle 7,run_sub_70c47eb534,c7-base-882147,named_base,high,notes specify base=c7-base-882147,-0.009020380123149874,1.0,,,https://labless.dev/runs/run_sub_2b992b717d
run_sub_5257c1e6f3,c7-train-p-ma-e42532,2026-07-15T08:10:11.528191Z,0.6454639519807414,unvalidated,Cycle 7,run_sub_70c47eb534,c7-base-882147,named_base,high,notes specify base=c7-base-882147,-0.0076236240294875746,0.75,,,https://labless.dev/runs/run_sub_5257c1e6f3
run_sub_39279c58bf,c7-train-p-ma-45421e,2026-07-15T08:10:20.839368Z,0.6447222205129116,unvalidated,Cycle 7,run_sub_70c47eb534,c7-base-882147,named_base,high,notes specify base=c7-base-882147,-0.008365355497317317,0.75,,,https://labless.dev/runs/run_sub_39279c58bf
run_sub_35fef37c30,c7-train-p-bo-074be6,2026-07-15T08:10:48.842238Z,0.6448108689444508,unvalidated,Cycle 7,run_sub_70c47eb534,c7-base-882147,named_base,high,notes specify base=c7-base-882147,-0.0082767070657781,0.75,,,https://labless.dev/runs/run_sub_35fef37c30
run_sub_235ae0e469,c7-train-p-me-2fc119,2026-07-15T08:14:08.480535Z,0.6433422428188461,unvalidated,Cycle 7,run_sub_70c47eb534,c7-base-882147,named_base,high,notes specify base=c7-base-882147,-0.009745333191382821,0.5,,,https://labless.dev/runs/run_sub_235ae0e469
run_sub_361f27359c,c7-train-p-kd-9ad4c5,2026-07-15T08:29:59.446375Z,0.6441988170119375,unvalidated,Cycle 7,run_sub_70c47eb534,c7-base-882147,named_base,high,notes specify base=c7-base-882147,-0.008888758998291446,1.0,,,https://labless.dev/runs/run_sub_361f27359c
run_sub_9f55bfaa16,c7-train-p-kd-c7fd2b,2026-07-15T08:31:41.514732Z,0.6447085095546796,unvalidated,Cycle 7,run_sub_70c47eb534,c7-base-882147,named_base,high,notes specify base=c7-base-882147,-0.008379066455549311,1.0,,,https://labless.dev/runs/run_sub_9f55bfaa16
run_sub_36b042bc07,c7-train-p-me-493d91,2026-07-15T08:32:17.594138Z,0.6444500257303177,unvalidated,Cycle 7,run_sub_70c47eb534,c7-base-882147,named_base,high,notes specify base=c7-base-882147,-0.0086375502799112,0.75,,,https://labless.dev/runs/run_sub_36b042bc07
run_sub_1a75f3ff3c,c7-schedule-w-2d17ec,2026-07-15T08:32:26.409563Z,0.6450990732773135,unvalidated,Cycle 7,run_sub_70c47eb534,c7-base-882147,named_base,high,notes specify base=c7-base-882147,-0.007988502732915403,1.0,,,https://labless.dev/runs/run_sub_1a75f3ff3c
run_sub_d0a15e7e60,c7-pcgrad-l8-916558,2026-07-15T08:37:54.012668Z,0.6439593100374263,unvalidated,Cycle 7,run_sub_70c47eb534,c7-base-882147,named_base,high,notes specify base=c7-base-882147,-0.009128265972802585,0.75,,,https://labless.dev/runs/run_sub_d0a15e7e60
run_sub_b8e1c73b19,c7-train-p-kd-337b46,2026-07-15T08:50:45.195862Z,0.6434549064380475,unvalidated,Cycle 7,run_sub_70c47eb534,c7-base-882147,named_base,high,notes specify base=c7-base-882147,-0.009632669572181451,1.0,,,https://labless.dev/runs/run_sub_b8e1c73b19
run_sub_edc80450e2,c7-tr5-warmup-7dac9a,2026-07-15T08:52:56.293019Z,0.6448483150907457,unvalidated,Cycle 7,run_sub_70c47eb534,c7-base-882147,named_base,high,notes specify base=c7-base-882147,-0.008239260919483238,1.0,,,https://labless.dev/runs/run_sub_edc80450e2
run_sub_3dc81f431c,c7-train6-lr-f9d155,2026-07-15T09:36:36.669000Z,0.6445724234374784,unvalidated,Cycle 7,run_sub_70c47eb534,c7-base-882147,named_base,high,notes specify base=c7-base-882147,-0.008515152572750484,1.0,,,https://labless.dev/runs/run_sub_3dc81f431c
run_sub_66904f2a6a,c7-teacher-mo-371275,2026-07-15T09:36:43.747386Z,0.6451939585492381,unvalidated,Cycle 7,run_sub_70c47eb534,c7-base-882147,named_base,high,notes specify base=c7-base-882147,-0.00789361746099082,0.75,,,https://labless.dev/runs/run_sub_66904f2a6a
run_sub_be3dbccce9,c7-teacher-te-25e9d3,2026-07-15T09:37:46.342241Z,0.6439604844475728,unvalidated,Cycle 7,run_sub_70c47eb534,c7-base-882147,named_base,high,notes specify base=c7-base-882147,-0.00912709156265612,0.75,,,https://labless.dev/runs/run_sub_be3dbccce9
run_sub_6cde799e33,c7-train-p-ma-781561,2026-07-15T09:38:02.387033Z,0.6446908763101308,unvalidated,Cycle 7,run_sub_70c47eb534,c7-base-882147,named_base,high,notes specify base=c7-base-882147,-0.008396699700098154,0.75,,,https://labless.dev/runs/run_sub_6cde799e33
run_sub_7462293c52,c7-train-p-mo-728101,2026-07-15T09:38:35.020715Z,0.6460410905653999,unvalidated,Cycle 7,run_sub_70c47eb534,c7-base-882147,named_base,high,notes specify base=c7-base-882147,-0.007046485444828998,0.5,,,https://labless.dev/runs/run_sub_7462293c52
run_sub_6a0daf8045,c7-wd-constan-5a7a05,2026-07-15T09:59:10.970840Z,0.6449609907489675,unvalidated,Cycle 7,run_sub_70c47eb534,c7-base-882147,named_base,high,notes specify base=c7-base-882147,-0.008126585261261421,0.75,,,https://labless.dev/runs/run_sub_6a0daf8045
run_sub_1f1da710da,c7-teacher-mo-9557f0,2026-07-15T09:59:18.613124Z,0.6440804633445878,unvalidated,Cycle 7,run_sub_70c47eb534,c7-base-882147,named_base,high,notes specify base=c7-base-882147,-0.009007112665641137,0.75,,,https://labless.dev/runs/run_sub_1f1da710da
run_sub_329a98cfb5,c7-train-p-c7-fb4cb2,2026-07-15T09:59:27.654553Z,0.6439834053986102,unvalidated,Cycle 7,run_sub_70c47eb534,c7-base-882147,named_base,high,notes specify base=c7-base-882147,-0.009104170611618723,1.0,,,https://labless.dev/runs/run_sub_329a98cfb5
run_sub_98a3c41dc5,c7-train-p-c7-333f98,2026-07-15T09:59:37.620396Z,0.6439926684148887,unvalidated,Cycle 7,run_sub_70c47eb534,c7-base-882147,named_base,high,notes specify base=c7-base-882147,-0.009094907595340262,0.75,,,https://labless.dev/runs/run_sub_98a3c41dc5
run_sub_ec66d6ce10,trial04-moder-6259be,2026-07-15T10:01:48.803710Z,0.6441999343002753,unvalidated,Cycle 7,run_sub_70c47eb534,c7-base-882147,named_base,high,notes specify base=c7-base-882147,-0.008887641709953598,1.0,,,https://labless.dev/runs/run_sub_ec66d6ce10
run_sub_2ef1500ae2,c7-wd-const-004-t3,2026-07-15T17:17:22.148448Z,0.6534432171888852,unvalidated,Cycle 7,run_sub_70c47eb534,c7-base-882147,named_base,high,notes specify base=c7-base-882147,0.0003556411786562741,0.75,,,https://labless.dev/runs/run_sub_2ef1500ae2
run_sub_ffa28598b2,c7-train-p-me-6b2c2f,2026-07-15T17:22:46.357316Z,0.6457176908817077,unvalidated,Cycle 7,run_sub_70c47eb534,c7-base-882147,named_base,high,notes specify base=c7-base-882147,-0.007369885128521214,0.5,,,https://labless.dev/runs/run_sub_ffa28598b2
run_sub_3fc628941e,c7-train-p-sl-326403,2026-07-15T17:25:13.357354Z,0.6549025373551695,unvalidated,Cycle 7,run_sub_70c47eb534,c7-base-882147,named_base,high,notes specify base=c7-base-882147,0.0018149613449405244,1.0,,,https://labless.dev/runs/run_sub_3fc628941e
run_sub_b200ab2ced,c7-trial7-glo-54f50c,2026-07-15T17:26:12.188788Z,0.6387480031354499,unvalidated,Cycle 7,run_sub_70c47eb534,c7-base-882147,named_base,high,notes specify base=c7-base-882147,-0.01433957287477905,1.0,,,https://labless.dev/runs/run_sub_b200ab2ced
run_sub_dd668e90d9,c7-train-p-di-d6e490,2026-07-15T17:26:40.693645Z,0.6529945566958978,unvalidated,Cycle 7,run_sub_70c47eb534,c7-base-882147,named_base,high,notes specify base=c7-base-882147,-9.301931433114419e-05,0.75,,,https://labless.dev/runs/run_sub_dd668e90d9
run_sub_3933af8ae4,c6-dino-local-b0db11,2026-07-15T17:27:48.669510Z,0.6540949135158556,unvalidated,Cycle 6,run_sub_70c47eb534,c7-base-882147,named_base,high,notes specify base=c7-base-882147,0.0010073375056266487,0.75,,,https://labless.dev/runs/run_sub_3933af8ae4
run_sub_43eb47df5d,trial07-kde01-lc1e01,2026-07-15T17:28:28.587407Z,0.6474075373515994,unvalidated,Cycle 7,run_sub_70c47eb534,c7-base-882147,named_base,high,notes specify base=c7-base-882147,-0.005680038658629538,1.0,,,https://labless.dev/runs/run_sub_43eb47df5d
run_sub_337909f0e9,c7-teacher-te-ef9e38,2026-07-15T17:28:38.067993Z,0.6420403363616033,unvalidated,Cycle 7,run_sub_70c47eb534,c7-base-882147,named_base,high,notes specify base=c7-base-882147,-0.01104723964862564,0.75,,,https://labless.dev/runs/run_sub_337909f0e9
run_sub_a76ecae97c,c7-train-gram-9c9631,2026-07-15T17:33:25.947722Z,0.6447861739116035,unvalidated,Cycle 7,run_sub_70c47eb534,c7-base-882147,named_base,high,notes specify base=c7-base-882147,-0.008301402098625399,0.75,,,https://labless.dev/runs/run_sub_a76ecae97c
run_sub_37cfcfa126,t1-outpaint-j-b2ff32,2026-07-15T17:36:03.108032Z,0.628996209611948,unvalidated,Cycle 7,run_sub_70c47eb534,c7-base-882147,named_base,high,notes specify base=c7-base-882147,-0.02409136639828091,0.75,,,https://labless.dev/runs/run_sub_37cfcfa126
run_sub_d99bfb3d9f,c7-train-p-bo-0969fc,2026-07-15T17:37:26.958579Z,0.6458900552466349,unvalidated,Cycle 7,run_sub_70c47eb534,c7-base-882147,named_base,high,notes specify base=c7-base-882147,-0.007197520763594034,0.75,,,https://labless.dev/runs/run_sub_d99bfb3d9f
run_sub_a44df55e6b,c7-train-p-mo-1be6db,2026-07-15T17:39:39.026608Z,0.6272080785464313,unvalidated,Cycle 7,run_sub_70c47eb534,c7-base-882147,named_base,high,notes specify base=c7-base-882147,-0.025879497463797585,0.75,,,https://labless.dev/runs/run_sub_a44df55e6b
run_sub_bbb050eaa1,c7-attmask-ra-5c8806,2026-07-15T17:40:57.162721Z,0.6478242471179907,unvalidated,Cycle 7,run_sub_70c47eb534,c7-base-882147,named_base,high,notes specify base=c7-base-882147,-0.005263328892238239,0.5,,,https://labless.dev/runs/run_sub_bbb050eaa1
run_sub_9ca39517ca,c7-ibot-dual-61c690,2026-07-15T17:41:26.485310Z,0.6521558462539302,unvalidated,Cycle 7,run_sub_70c47eb534,c7-base-882147,named_base,high,notes specify base=c7-base-882147,-0.0009317297562987381,0.5,,,https://labless.dev/runs/run_sub_9ca39517ca
run_sub_aedc6daf09,c7-train-p-c7-2aad21,2026-07-15T17:45:53.661628Z,0.6538986417239164,unvalidated,Cycle 7,run_sub_70c47eb534,c7-base-882147,named_base,high,notes specify base=c7-base-882147,0.0008110657136874977,0.75,,,https://labless.dev/runs/run_sub_aedc6daf09
run_sub_7cbe671c9b,c7-pref-wired-d03757,2026-07-15T17:52:57.941688Z,0.6391263846601988,unvalidated,Cycle 7,run_sub_70c47eb534,c7-base-882147,named_base,high,notes specify base=c7-base-882147,-0.013961191350030155,0.75,,,https://labless.dev/runs/run_sub_7cbe671c9b
run_sub_373d6eb34c,c7-wd-constan-d16539,2026-07-15T18:58:23.857451Z,0.6529301498299298,unvalidated,Cycle 7,run_sub_70c47eb534,c7-base-882147,named_base,high,notes specify base=c7-base-882147,-0.00015742618029912503,0.75,,,https://labless.dev/runs/run_sub_373d6eb34c
run_sub_97423be335,c7-train-p-c7-2299ec,2026-07-15T19:08:51.260178Z,0.6428027040413841,unvalidated,Cycle 7,run_sub_70c47eb534,c7-base-882147,named_base,high,notes specify base=c7-base-882147,-0.010284871968844866,0.75,,,https://labless.dev/runs/run_sub_97423be335
run_sub_29e1662fc1,c7-train-p-bo-138f6e,2026-07-15T19:19:59.995175Z,0.6521848970247903,unvalidated,Cycle 7,run_sub_70c47eb534,c7-base-882147,named_base,high,notes specify base=c7-base-882147,-0.0009026789854386097,0.5,,,https://labless.dev/runs/run_sub_29e1662fc1
run_sub_ef3dfd095e,c7-train-p-mo-835047,2026-07-15T19:23:03.831171Z,0.6428122299560555,unvalidated,Cycle 7,run_sub_70c47eb534,c7-base-882147,named_base,high,notes specify base=c7-base-882147,-0.010275346054173462,0.75,,,https://labless.dev/runs/run_sub_ef3dfd095e
run_sub_99ce242b1b,c7-train-p-mo-553721,2026-07-15T19:25:52.975127Z,0.6380668612074244,unvalidated,Cycle 7,run_sub_70c47eb534,c7-base-882147,named_base,high,notes specify base=c7-base-882147,-0.015020714802804536,0.5,,,https://labless.dev/runs/run_sub_99ce242b1b
run_sub_5049234b26,c7-train-p-mo-c800e4,2026-07-15T19:31:39.853858Z,0.6253596140869009,unvalidated,Cycle 7,run_sub_70c47eb534,c7-base-882147,named_base,high,notes specify base=c7-base-882147,-0.02772796192332805,0.75,,,https://labless.dev/runs/run_sub_5049234b26
run_sub_c351a2c446,c7-train-p-lc-677583,2026-07-15T19:31:52.987187Z,0.6521565496717527,unvalidated,Cycle 7,run_sub_70c47eb534,c7-base-882147,named_base,high,notes specify base=c7-base-882147,-0.000931026338476193,0.5,,,https://labless.dev/runs/run_sub_c351a2c446
run_sub_1a14b49380,c7-capi-clust-80040d,2026-07-15T19:33:39.287494Z,0.6495963667688192,unvalidated,Cycle 7,run_sub_70c47eb534,c7-base-882147,named_base,high,notes specify base=c7-base-882147,-0.003491209241409776,0.5,,,https://labless.dev/runs/run_sub_1a14b49380
run_sub_50134304cf,c7-train-p-mo-340691,2026-07-15T19:33:54.670277Z,0.6528522273743294,unvalidated,Cycle 7,run_sub_70c47eb534,c7-base-882147,named_base,high,notes specify base=c7-base-882147,-0.00023534863589957933,0.75,,,https://labless.dev/runs/run_sub_50134304cf
run_sub_b0894aa4fa,molcap-ema-r7778,2026-07-15T19:21:36.916520Z,0.6560012249270079,unvalidated,Other manual,run_sub_6c6c051f71,lr-and-curation,source_branch,source-only,repo.main_diff.base_run_id,0.020347685952476935,0.0,,,https://labless.dev/runs/run_sub_b0894aa4fa
run_sub_310ea9d301,c7-trial4-out-4d0b95,2026-07-15T21:05:37.815477Z,0.6457723943933152,unvalidated,Cycle 7,run_sub_70c47eb534,c7-base-882147,named_base,high,notes specify base=c7-base-882147,-0.007315181616913691,0.75,,,https://labless.dev/runs/run_sub_310ea9d301
run_sub_9d08b07b94,c7-train-p-c7-2e0670,2026-07-15T21:10:45.882615Z,0.6529671781873201,unvalidated,Cycle 7,run_sub_70c47eb534,c7-base-882147,named_base,high,notes specify base=c7-base-882147,-0.00012039782290884649,0.75,,,https://labless.dev/runs/run_sub_9d08b07b94
run_sub_44fec9c43e,c7-train-p-mo-ec0aa4,2026-07-15T21:12:03.038356Z,0.653143171067805,unvalidated,Cycle 7,run_sub_70c47eb534,c7-base-882147,named_base,high,notes specify base=c7-base-882147,5.55950575760189e-05,0.75,,,https://labless.dev/runs/run_sub_44fec9c43e
run_sub_1c8b258b50,c7-train-p-mo-a97fc8,2026-07-15T21:15:15.574301Z,0.6206808809458857,unvalidated,Cycle 7,run_sub_70c47eb534,c7-base-882147,named_base,high,notes specify base=c7-base-882147,-0.03240669506434324,0.5,,,https://labless.dev/runs/run_sub_1c8b258b50
run_sub_05ecdaee42,c7-train-p-mo-081b3f,2026-07-15T21:22:35.775928Z,0.6530344801700945,unvalidated,Cycle 7,run_sub_70c47eb534,c7-base-882147,named_base,high,notes specify base=c7-base-882147,-5.3095840134465e-05,0.75,,,https://labless.dev/runs/run_sub_05ecdaee42
run_sub_a6b753ff39,c7-train-p-mo-bd7352,2026-07-15T23:04:23.609876Z,0.6533342020178038,unvalidated,Cycle 7,run_sub_70c47eb534,c7-base-882147,named_base,high,notes specify base=c7-base-882147,0.0002466260075748572,0.75,,,https://labless.dev/runs/run_sub_a6b753ff39
run_sub_7551186e5b,c7-train-p-mo-0a89c0,2026-07-15T23:12:59.304861Z,0.6362014678079599,unvalidated,Cycle 7,run_sub_70c47eb534,c7-base-882147,named_base,high,notes specify base=c7-base-882147,-0.01688610820226899,0.75,,,https://labless.dev/runs/run_sub_7551186e5b
run_sub_c2479d00fc,c7-outpaintin-094f48,2026-07-15T23:14:25.234442Z,0.648733824627487,unvalidated,Cycle 7,run_sub_70c47eb534,c7-base-882147,named_base,high,notes specify base=c7-base-882147,-0.004353751382741966,0.75,,,https://labless.dev/runs/run_sub_c2479d00fc
run_sub_2ac63c58e2,c7-train-p-ma-245604,2026-07-16T00:31:41.839916Z,0.6438399184344699,unvalidated,Cycle 7,run_sub_70c47eb534,c7-base-882147,named_base,high,notes specify base=c7-base-882147,-0.009247657575759072,1.0,,,https://labless.dev/runs/run_sub_2ac63c58e2
run_sub_76da80266b,c7-train-p-lc-83c04a,2026-07-16T00:33:24.204244Z,0.6461301006186743,unvalidated,Cycle 7,run_sub_70c47eb534,c7-base-882147,named_base,high,notes specify base=c7-base-882147,-0.006957475391554668,0.5,,,https://labless.dev/runs/run_sub_76da80266b
run_sub_00f62edb0f,c7-train-p-ma-5b7b8f,2026-07-16T00:34:27.193567Z,0.6532507039971331,unvalidated,Cycle 7,run_sub_70c47eb534,c7-base-882147,named_base,high,notes specify base=c7-base-882147,0.00016312798690421015,1.0,,,https://labless.dev/runs/run_sub_00f62edb0f
run_sub_ab99efc028,c7-train-p-me-8d8867,2026-07-16T00:35:29.345149Z,0.6531526755999431,unvalidated,Cycle 7,run_sub_70c47eb534,c7-base-882147,named_base,high,notes specify base=c7-base-882147,6.509958971412377e-05,1.0,,,https://labless.dev/runs/run_sub_ab99efc028
run_sub_692fe4ae84,c7-pcgrad-l8-4fc7d6,2026-07-16T00:36:32.262465Z,0.6505531252609528,unvalidated,Cycle 7,run_sub_70c47eb534,c7-base-882147,named_base,high,notes specify base=c7-base-882147,-0.0025344507492761625,0.75,,,https://labless.dev/runs/run_sub_692fe4ae84
run_sub_5d4f30b915,c7-trial4-pcg-d93332,2026-07-16T00:37:31.743114Z,0.654794573835008,unvalidated,Cycle 7,run_sub_70c47eb534,c7-base-882147,named_base,high,notes specify base=c7-base-882147,0.0017069978247791218,1.0,,,https://labless.dev/runs/run_sub_5d4f30b915
run_sub_31397c985e,c7-pcgrad-mul-339374,2026-07-16T00:38:31.903607Z,0.6544076192369077,unvalidated,Cycle 7,run_sub_70c47eb534,c7-base-882147,named_base,high,notes specify base=c7-base-882147,0.0013200432266787798,1.0,,,https://labless.dev/runs/run_sub_31397c985e
run_sub_eae1d6c657,c7-train-p-di-4ffbf5,2026-07-16T00:39:32.981514Z,0.6524111373837065,unvalidated,Cycle 7,run_sub_70c47eb534,c7-base-882147,named_base,high,notes specify base=c7-base-882147,-0.0006764386265224465,1.0,,,https://labless.dev/runs/run_sub_eae1d6c657
run_sub_e70f0f7023,patron-main33,2026-07-16T02:43:45.987077Z,0.6567118347082339,unvalidated,Other manual,run_sub_6c6c051f71,lr-and-curation,source_branch,source-only,repo.main_diff.base_run_id,0.021058295733702992,0.0,,,https://labless.dev/runs/run_sub_e70f0f7023
run_sub_983e390269,c7-wd-interme-d64fea,2026-07-16T04:48:53.085941Z,0.6516233723401195,unvalidated,Cycle 7,run_sub_70c47eb534,c7-base-882147,named_base,high,notes specify base=c7-base-882147,-0.0014642036701094652,0.75,,,https://labless.dev/runs/run_sub_983e390269
run_sub_8e06aceb85,slide-balance-8b0d27,2026-07-16T04:50:47.086608Z,0.6520208650127195,unvalidated,Cycle 7,run_sub_70c47eb534,c7-base-882147,named_base,high,notes specify base=c7-base-882147,-0.0010667109975094347,1.0,,,https://labless.dev/runs/run_sub_8e06aceb85
run_sub_e5b61c19d2,gram_anchor_d-1cef55,2026-07-16T04:55:47.197097Z,0.6532827828683967,unvalidated,Cycle 7,run_sub_70c47eb534,c7-base-882147,named_base,high,notes specify base=c7-base-882147,0.0001952068581677624,0.75,,,https://labless.dev/runs/run_sub_e5b61c19d2
run_sub_a4d79eafc4,c7-train-p-ma-bbefd2,2026-07-16T04:57:37.847642Z,0.6409041288136469,unvalidated,Cycle 7,run_sub_70c47eb534,c7-base-882147,named_base,high,notes specify base=c7-base-882147,-0.012183447196582042,0.75,,,https://labless.dev/runs/run_sub_a4d79eafc4
run_sub_e1ffb89eec,c7-train-p-c6-53b719,2026-07-16T04:59:28.601101Z,0.645524486582483,unvalidated,Cycle 7,run_sub_70c47eb534,c7-base-882147,named_base,high,notes specify base=c7-base-882147,-0.007563089427745973,0.75,run_sub_9ae66231da,c7-train-p-c6-53b719,https://labless.dev/runs/run_sub_e1ffb89eec
run_sub_97a89864ab,c7-wired-key-1e9a97,2026-07-16T05:01:21.061114Z,0.6440596437040472,unvalidated,Cycle 7,run_sub_70c47eb534,c7-base-882147,named_base,high,notes specify base=c7-base-882147,-0.009027932306181707,0.75,,,https://labless.dev/runs/run_sub_97a89864ab
run_sub_f2c9b59f4e,c7-disagree-ramp-t9,2026-07-16T05:03:20.642709Z,0.6492444782810604,unvalidated,Cycle 7,run_sub_70c47eb534,c7-base-882147,named_base,high,notes specify base=c7-base-882147,-0.0038430977291685764,0.75,,,https://labless.dev/runs/run_sub_f2c9b59f4e
run_sub_20bfd63a2b,c7-lcc-views1-c53a72,2026-07-16T05:06:34.588341Z,0.6549423320383221,unvalidated,Cycle 7,run_sub_70c47eb534,c7-base-882147,named_base,high,notes specify base=c7-base-882147,0.0018547560280931519,0.5,,,https://labless.dev/runs/run_sub_20bfd63a2b
run_sub_7c9bf38778,c7-train-p-bo-1a86a0,2026-07-16T05:09:55.724816Z,0.6488077873008012,unvalidated,Cycle 7,run_sub_70c47eb534,c7-base-882147,named_base,high,notes specify base=c7-base-882147,-0.00427978870942769,0.75,,,https://labless.dev/runs/run_sub_7c9bf38778
run_sub_ce89cf0bc1,c7-metadata-c-c7f9fb,2026-07-16T05:10:11.766675Z,0.650944779424981,unvalidated,Cycle 7,run_sub_70c47eb534,c7-base-882147,named_base,high,notes specify base=c7-base-882147,-0.0021427965852479636,0.5,,,https://labless.dev/runs/run_sub_ce89cf0bc1
run_sub_f6cfe134ff,c7-wired-anti-7cdd83,2026-07-16T05:46:59.984280Z,0.6406027213072593,unvalidated,Cycle 7,run_sub_70c47eb534,c7-base-882147,named_base,high,notes specify base=c7-base-882147,-0.012484854702969672,0.75,,,https://labless.dev/runs/run_sub_f6cfe134ff
run_sub_288245644f,c7-train-p-ma-1a1a65,2026-07-16T06:29:04.382866Z,0.6526084117474917,unvalidated,Cycle 7,run_sub_70c47eb534,c7-base-882147,named_base,high,notes specify base=c7-base-882147,-0.00047916426273719726,0.75,,,https://labless.dev/runs/run_sub_288245644f
run_sub_b9b04776da,sam-jepa-mol,2026-07-16T07:31:39.373395Z,0.6519512207023539,unvalidated,Other manual,run_sub_6c6c051f71,lr-and-curation,source_branch,source-only,repo.main_diff.base_run_id,0.016297681727822977,0.0,,,https://labless.dev/runs/run_sub_b9b04776da
run_sub_e798538674,sam-jepa-v2,2026-07-16T07:42:01.845057Z,0.6491823754082308,unvalidated,Other manual,run_sub_6c6c051f71,lr-and-curation,source_branch,source-only,repo.main_diff.base_run_id,0.013528836433699842,0.0,,,https://labless.dev/runs/run_sub_e798538674
run_sub_0a554c2460,c7-mask-stati-9096b7,2026-07-16T07:55:33.666977Z,0.6524592906237406,unvalidated,Cycle 7,run_sub_70c47eb534,c7-base-882147,named_base,high,notes specify base=c7-base-882147,-0.000628285386488292,0.75,,,https://labless.dev/runs/run_sub_0a554c2460
run_sub_867294c612,c7-wd-end-010-t8,2026-07-16T18:51:46.974025Z,0.6519361323672377,unvalidated,Cycle 7,run_sub_70c47eb534,c7-base-882147,named_base,high,notes specify base=c7-base-882147,-0.0011514436429912456,0.75,,,https://labless.dev/runs/run_sub_867294c612
run_sub_22979dd98f,c7-outpaintin-199fc2,2026-07-16T19:30:38.349739Z,0.6524830516421417,unvalidated,Cycle 7,run_sub_70c47eb534,c7-base-882147,named_base,high,notes specify base=c7-base-882147,-0.0006045243680872225,0.75,,,https://labless.dev/runs/run_sub_22979dd98f
run_sub_9842dc7ff2,c7-train-p-me-7418d0,2026-07-16T19:31:03.156067Z,0.6258987504455795,unvalidated,Cycle 7,run_sub_70c47eb534,c7-base-882147,named_base,high,notes specify base=c7-base-882147,-0.02718882556464941,0.5,,,https://labless.dev/runs/run_sub_9842dc7ff2
run_sub_20fd561f5f,c7-lcc-views1-7c68d3,2026-07-16T19:31:22.094417Z,0.6554067312542851,unvalidated,Cycle 7,run_sub_70c47eb534,c7-base-882147,named_base,high,notes specify base=c7-base-882147,0.002319155244056126,0.75,,,https://labless.dev/runs/run_sub_20fd561f5f
run_sub_68f14787ec,c7-vit-regist-e52c56,2026-07-16T20:02:24.569072Z,0.6531247001035628,unvalidated,Cycle 7,run_sub_70c47eb534,c7-base-882147,named_base,high,notes specify base=c7-base-882147,3.712409333389566e-05,0.75,,,https://labless.dev/runs/run_sub_68f14787ec
run_sub_d6beafd6ca,c7-lcc-views1-395bbd,2026-07-16T21:49:44.619287Z,0.6538863412888083,unvalidated,Cycle 7,run_sub_70c47eb534,c7-base-882147,named_base,high,notes specify base=c7-base-882147,0.0007987652785793609,0.75,,,https://labless.dev/runs/run_sub_d6beafd6ca
run_sub_8b0f838ee5,c7-mask-ratio-01a364,2026-07-17T02:58:05.584960Z,0.6503094755000364,unvalidated,Cycle 7,run_sub_70c47eb534,c7-base-882147,named_base,high,notes specify base=c7-base-882147,-0.0027781005101925604,0.75,,,https://labless.dev/runs/run_sub_8b0f838ee5
run_sub_53caef5382,sam-hp-fix,2026-07-17T05:30:04.390028Z,0.6544306959563568,unvalidated,Other manual,run_sub_6c6c051f71,lr-and-curation,source_branch,source-only,repo.main_diff.base_run_id,0.018777156981825915,0.0,,,https://labless.dev/runs/run_sub_53caef5382
run_sub_b3b77ffa62,lctx14-kde05-s7777,2026-07-17T13:45:44.207611Z,0.6676553774962252,unvalidated,Other manual,run_sub_6c6c051f71,lr-and-curation,source_branch,source-only,repo.main_diff.base_run_id,0.03200183852169425,0.0,,,https://labless.dev/runs/run_sub_b3b77ffa62
run_sub_b514c1ee74,c7-train-p-wd-e5938e,2026-07-17T14:06:07.677300Z,0.6534717026297447,unvalidated,Cycle 7,run_sub_70c47eb534,c7-base-882147,named_base,high,notes specify base=c7-base-882147,0.0003841266195158122,0.75,,,https://labless.dev/runs/run_sub_b514c1ee74
run_sub_12b59cc8b4,c7-p-boundary-1d341e,2026-07-17T14:37:53.495693Z,0.6502250314203396,unvalidated,Cycle 7,run_sub_70c47eb534,c7-base-882147,named_base,high,notes specify base=c7-base-882147,-0.0028625445898893265,0.5,,,https://labless.dev/runs/run_sub_12b59cc8b4
run_sub_c0caa1de3f,c7-schedule-w-38e412,2026-07-17T16:15:17.308445Z,0.6534363975283932,unvalidated,Cycle 7,run_sub_70c47eb534,c7-base-882147,named_base,high,notes specify base=c7-base-882147,0.0003488215181642884,0.75,,,https://labless.dev/runs/run_sub_c0caa1de3f
run_sub_39f405f06b,c7-p-fa-sigre-4dc968,2026-07-17T18:57:17.519143Z,0.6549748599406077,unvalidated,Cycle 7,run_sub_70c47eb534,c7-base-882147,named_base,high,notes specify base=c7-base-882147,0.0018872839303787359,0.75,,,https://labless.dev/runs/run_sub_39f405f06b
run_sub_9385b4e6fa,c7-train-p-fa-062463,2026-07-17T20:24:34.351245Z,0.6543746234859814,unvalidated,Cycle 7,run_sub_70c47eb534,c7-base-882147,named_base,high,notes specify base=c7-base-882147,0.0012870474757524786,0.75,,,https://labless.dev/runs/run_sub_9385b4e6fa
run_sub_4e69b3db43,c7-fa-sigreg-a85377,2026-07-17T21:50:52.486669Z,0.6538716265853121,unvalidated,Cycle 7,run_sub_70c47eb534,c7-base-882147,named_base,high,notes specify base=c7-base-882147,0.0007840505750831284,0.75,,,https://labless.dev/runs/run_sub_4e69b3db43
run_sub_b2dacf2915,c7-globalcrop-37f126,2026-07-17T23:25:50.877296Z,0.6484228246262169,unvalidated,Cycle 7,run_sub_70c47eb534,c7-base-882147,named_base,high,notes specify base=c7-base-882147,-0.004664751384012011,0.5,,,https://labless.dev/runs/run_sub_b2dacf2915
run_sub_6364f200b8,c7-intrinsic-592ca6,2026-07-17T23:30:36.256857Z,0.649114056668997,unvalidated,Cycle 7,run_sub_70c47eb534,c7-base-882147,named_base,high,notes specify base=c7-base-882147,-0.0039735193412319125,0.75,,,https://labless.dev/runs/run_sub_6364f200b8
run_sub_832d35bf23,c7-sigreg-ort-074edb,2026-07-17T23:30:50.017179Z,0.6543774998082229,unvalidated,Cycle 7,run_sub_70c47eb534,c7-base-882147,named_base,high,notes specify base=c7-base-882147,0.0012899237979939748,0.75,,,https://labless.dev/runs/run_sub_832d35bf23
run_sub_a2ea3b8091,c7-registers-15bc6e,2026-07-17T23:31:06.401342Z,0.6541780622125117,unvalidated,Cycle 7,run_sub_70c47eb534,c7-base-882147,named_base,high,notes specify base=c7-base-882147,0.0010904862022828032,0.5,,,https://labless.dev/runs/run_sub_a2ea3b8091
run_sub_22edb40e08,c7-optimizer-9a2ef4,2026-07-17T23:40:00.755634Z,0.585823171777364,unvalidated,Cycle 7,run_sub_70c47eb534,c7-base-882147,named_base,high,notes specify base=c7-base-882147,-0.06726440423286495,0.75,,,https://labless.dev/runs/run_sub_22edb40e08
run_sub_89ad2a55ff,c7-sigreg-low-85ccb7,2026-07-17T23:42:46.448316Z,0.6535476573659481,unvalidated,Cycle 7,run_sub_70c47eb534,c7-base-882147,named_base,high,notes specify base=c7-base-882147,0.0004600813557191774,0.75,,,https://labless.dev/runs/run_sub_89ad2a55ff
run_sub_5c65c15e13,c7-gradnorm-t-e6d016,2026-07-18T00:04:52.005559Z,0.6329890141452985,unvalidated,Cycle 7,run_sub_70c47eb534,c7-base-882147,named_base,high,notes specify base=c7-base-882147,-0.02009856186493042,0.75,,,https://labless.dev/runs/run_sub_5c65c15e13
run_sub_f9f0812859,c7-schedule-g-0d484e,2026-07-18T01:01:06.501870Z,0.6510497391938248,unvalidated,Cycle 7,run_sub_70c47eb534,c7-base-882147,named_base,high,notes specify base=c7-base-882147,-0.002037836816404126,0.5,,,https://labless.dev/runs/run_sub_f9f0812859
run_sub_527c5cecaf,c7-sigreg-mas-18867d,2026-07-18T01:07:00.570936Z,0.647862085295065,unvalidated,Cycle 7,run_sub_70c47eb534,c7-base-882147,named_base,high,notes specify base=c7-base-882147,-0.005225490715163983,0.75,,,https://labless.dev/runs/run_sub_527c5cecaf
run_sub_b9e7961d5f,c7-ademamix-w-1f483c,2026-07-18T01:13:19.099355Z,0.5559845292041602,unvalidated,Cycle 7,run_sub_70c47eb534,c7-base-882147,named_base,high,notes specify base=c7-base-882147,-0.09710304680606874,0.75,,,https://labless.dev/runs/run_sub_b9e7961d5f
run_sub_d2b05969f8,c7-sigreg-low-a3c8d6,2026-07-18T01:54:48.095303Z,0.6534202798756106,unvalidated,Cycle 7,run_sub_70c47eb534,c7-base-882147,named_base,high,notes specify base=c7-base-882147,0.000332703865381645,0.75,,,https://labless.dev/runs/run_sub_d2b05969f8
run_sub_1961769cef,c7-gradnorm-t-4ea85c,2026-07-18T02:00:26.420672Z,0.6323288991580105,unvalidated,Cycle 7,run_sub_70c47eb534,c7-base-882147,named_base,high,notes specify base=c7-base-882147,-0.02075867685221844,0.75,,,https://labless.dev/runs/run_sub_1961769cef
run_sub_4edda04171,c7-intrinsic-89bade,2026-07-18T02:02:46.049124Z,0.6489330001949759,unvalidated,Cycle 7,run_sub_70c47eb534,c7-base-882147,named_base,high,notes specify base=c7-base-882147,-0.0041545758152530254,0.75,,,https://labless.dev/runs/run_sub_4edda04171
run_sub_8b19a52ca2,c7-gradnorm-t-b5a51a,2026-07-18T03:49:29.073655Z,0.6323367117520684,unvalidated,Cycle 7,run_sub_70c47eb534,c7-base-882147,named_base,high,notes specify base=c7-base-882147,-0.02075086425816053,0.75,,,https://labless.dev/runs/run_sub_8b19a52ca2
run_sub_e2110e2aad,c7-globalscal-9664db,2026-07-18T05:24:32.993166Z,0.6509800554399608,unvalidated,Cycle 7,run_sub_70c47eb534,c7-base-882147,named_base,high,notes specify base=c7-base-882147,-0.0021075205702680844,0.5,,,https://labless.dev/runs/run_sub_e2110e2aad
run_sub_0e5f0341a0,c7-sigreg-low-cdddd3,2026-07-18T05:25:53.382300Z,0.6539826009505997,unvalidated,Cycle 7,run_sub_70c47eb534,c7-base-882147,named_base,high,notes specify base=c7-base-882147,0.0008950249403707478,0.75,,,https://labless.dev/runs/run_sub_0e5f0341a0
run_sub_751a2f351d,c7-train-p-fa-1b004c,2026-07-18T05:26:17.897662Z,0.6537794933576851,unvalidated,Cycle 7,run_sub_70c47eb534,c7-base-882147,named_base,high,notes specify base=c7-base-882147,0.0006919173474562168,0.75,,,https://labless.dev/runs/run_sub_751a2f351d
run_sub_a5cdb98a8f,c7-schedule-b-224bc2,2026-07-18T05:35:27.147136Z,0.6533176672626003,unvalidated,Cycle 7,run_sub_70c47eb534,c7-base-882147,named_base,high,notes specify base=c7-base-882147,0.0002300912523713894,0.75,,,https://labless.dev/runs/run_sub_a5cdb98a8f
run_sub_1c4167a997,c7-sigreg-ort-b7d31a,2026-07-18T05:35:34.708583Z,0.6523460086848862,unvalidated,Cycle 7,run_sub_70c47eb534,c7-base-882147,named_base,high,notes specify base=c7-base-882147,-0.0007415673253426958,0.75,,,https://labless.dev/runs/run_sub_1c4167a997
run_sub_dee20afabf,c7-p-intrinsi-da17de,2026-07-18T05:40:38.971326Z,0.6226291841158489,unvalidated,Cycle 7,run_sub_70c47eb534,c7-base-882147,named_base,high,notes specify base=c7-base-882147,-0.030458391894380044,0.75,,,https://labless.dev/runs/run_sub_dee20afabf
run_sub_79109076b9,c7-schedule-b-26364f,2026-07-18T06:51:44.385284Z,0.6511965654831391,unvalidated,Cycle 7,run_sub_70c47eb534,c7-base-882147,named_base,high,notes specify base=c7-base-882147,-0.0018910105270898425,0.75,,,https://labless.dev/runs/run_sub_79109076b9
run_sub_375838cf9d,c7-sigreg-mas-95bdb0,2026-07-18T06:55:03.470796Z,0.6527480672048038,unvalidated,Cycle 7,run_sub_70c47eb534,c7-base-882147,named_base,high,notes specify base=c7-base-882147,-0.00033950880542510387,0.75,,,https://labless.dev/runs/run_sub_375838cf9d
run_sub_05801a4099,c7-train-p-fa-804cf3,2026-07-18T08:34:45.040831Z,0.653512044966766,unvalidated,Cycle 7,run_sub_70c47eb534,c7-base-882147,named_base,high,notes specify base=c7-base-882147,0.00042446895653702743,0.75,,,https://labless.dev/runs/run_sub_05801a4099
run_sub_d00dc8afbe,c7-train-p-sc-461572,2026-07-18T08:35:53.929786Z,0.6495300236705408,unvalidated,Cycle 7,run_sub_70c47eb534,c7-base-882147,named_base,high,notes specify base=c7-base-882147,-0.0035575523396881303,0.75,,,https://labless.dev/runs/run_sub_d00dc8afbe
run_sub_0b1bf858ff,c7-fabank-cap-c0654e,2026-07-18T08:38:07.384682Z,0.6536342165401827,unvalidated,Cycle 7,run_sub_70c47eb534,c7-base-882147,named_base,high,notes specify base=c7-base-882147,0.0005466405299537902,0.75,,,https://labless.dev/runs/run_sub_0b1bf858ff
run_sub_613d93656e,c7-pcgrad-blo-3b034d,2026-07-18T08:47:58.293096Z,0.6541465303492962,unvalidated,Cycle 7,run_sub_70c47eb534,c7-base-882147,named_base,high,notes specify base=c7-base-882147,0.0010589543390672196,0.75,,,https://labless.dev/runs/run_sub_613d93656e
run_sub_d97ad7b676,c7-masking-si-d70f42,2026-07-18T08:54:17.902832Z,0.6512300141920356,unvalidated,Cycle 7,run_sub_70c47eb534,c7-base-882147,named_base,high,notes specify base=c7-base-882147,-0.0018575618181932985,0.75,,,https://labless.dev/runs/run_sub_d97ad7b676
run_sub_4eb642767b,c7-loss-capi-49c4d4,2026-07-18T09:15:30.109696Z,0.618647253542793,unvalidated,Cycle 7,run_sub_70c47eb534,c7-base-882147,named_base,high,notes specify base=c7-base-882147,-0.03444032246743589,0.5,,,https://labless.dev/runs/run_sub_4eb642767b
run_sub_a9f0b098a0,c7-sigreg-ant-a60fe9,2026-07-18T09:19:57.964886Z,0.6523330410765187,unvalidated,Cycle 7,run_sub_70c47eb534,c7-base-882147,named_base,high,notes specify base=c7-base-882147,-0.0007545349337102492,0.75,,,https://labless.dev/runs/run_sub_a9f0b098a0
run_sub_7d38a0e512,c7-schedule-c-e26f6d,2026-07-18T10:06:50.094178Z,0.593773896114528,unvalidated,Cycle 7,run_sub_70c47eb534,c7-base-882147,named_base,high,notes specify base=c7-base-882147,-0.05931367989570091,0.75,,,https://labless.dev/runs/run_sub_7d38a0e512
run_sub_4b326ae126,c7-l8-pcgrad-3480eb,2026-07-18T10:10:19.171342Z,0.652709878916938,unvalidated,Cycle 7,run_sub_70c47eb534,c7-base-882147,named_base,high,notes specify base=c7-base-882147,-0.0003776970932909407,0.75,,,https://labless.dev/runs/run_sub_4b326ae126
run_sub_18b71a4a2f,c7-sigreg-ant-ec59fa,2026-07-18T10:43:01.840022Z,0.6520386077649903,unvalidated,Cycle 7,run_sub_70c47eb534,c7-base-882147,named_base,high,notes specify base=c7-base-882147,-0.0010489682452385907,0.75,,,https://labless.dev/runs/run_sub_18b71a4a2f
run_sub_6b0c335192,c7-capi-clust-81bcb5,2026-07-18T11:30:29.193528Z,0.6238194679176595,unvalidated,Cycle 7,run_sub_70c47eb534,c7-base-882147,named_base,high,notes specify base=c7-base-882147,-0.02926810809256941,0.5,,,https://labless.dev/runs/run_sub_6b0c335192
run_sub_58fc462ee6,c7-l8-pcgrad-cf4a05,2026-07-18T11:31:33.746948Z,0.6534378808089393,unvalidated,Cycle 7,run_sub_70c47eb534,c7-base-882147,named_base,high,notes specify base=c7-base-882147,0.0003503047987103436,0.75,,,https://labless.dev/runs/run_sub_58fc462ee6
run_sub_81a8c10f0e,c7-sigreg-ant-ad93a7,2026-07-18T12:03:25.259234Z,0.6485200990951557,unvalidated,Cycle 7,run_sub_70c47eb534,c7-base-882147,named_base,high,notes specify base=c7-base-882147,-0.004567476915073199,0.75,,,https://labless.dev/runs/run_sub_81a8c10f0e
run_sub_4cdc270892,c7-train-p-fa-47f1ee,2026-07-18T13:22:49.865162Z,0.653423866047684,unvalidated,Cycle 7,run_sub_70c47eb534,c7-base-882147,named_base,high,notes specify base=c7-base-882147,0.0003362900374550559,0.75,,,https://labless.dev/runs/run_sub_4cdc270892
run_sub_0e51358e48,c7-pcgrad-lay-29c828,2026-07-18T13:28:51.892759Z,0.6512335232851821,unvalidated,Cycle 7,run_sub_70c47eb534,c7-base-882147,named_base,high,notes specify base=c7-base-882147,-0.0018540527250467953,0.75,,,https://labless.dev/runs/run_sub_0e51358e48
run_sub_eaefb7a7d4,c7-l8-pcgrad-e34087,2026-07-18T14:56:49.902949Z,0.650508049274123,unvalidated,Cycle 7,run_sub_70c47eb534,c7-base-882147,named_base,high,notes specify base=c7-base-882147,-0.0025795267361059526,0.75,,,https://labless.dev/runs/run_sub_eaefb7a7d4
run_sub_1f204662a7,c7-fa-proxy-r-c7b059,2026-07-18T15:10:04.320036Z,0.6532239338470448,unvalidated,Cycle 7,run_sub_70c47eb534,c7-base-882147,named_base,high,notes specify base=c7-base-882147,0.00013635783681587021,0.75,,,https://labless.dev/runs/run_sub_1f204662a7
run_sub_3027a2c1f0,c7-train-p-fa-9c101d,2026-07-18T16:27:13.022225Z,0.6538629404345592,unvalidated,Cycle 7,run_sub_70c47eb534,c7-base-882147,named_base,high,notes specify base=c7-base-882147,0.0007753644243302382,0.75,,,https://labless.dev/runs/run_sub_3027a2c1f0
run_sub_429e181a18,c7-fa-intrins-df19b4,2026-07-18T18:03:15.183303Z,0.6529254398470473,unvalidated,Cycle 7,run_sub_70c47eb534,c7-base-882147,named_base,high,notes specify base=c7-base-882147,-0.00016213616318161428,0.75,,,https://labless.dev/runs/run_sub_429e181a18
run_sub_887b984b12,c7-train-p-fa-d72e89,2026-07-18T19:32:07.236294Z,0.6544473653492917,unvalidated,Cycle 7,run_sub_70c47eb534,c7-base-882147,named_base,high,notes specify base=c7-base-882147,0.001359789339062778,0.75,,,https://labless.dev/runs/run_sub_887b984b12
run_sub_agent_2218928464296e5fc95bb9cb,Larger JEPA Blocks,2026-07-20T09:53:44.138260Z,0.644828,unvalidated,Other manual,run_sub_6c6c051f71,lr-and-curation,source_branch,source-only,repo.main_diff.base_run_id,0.009174461025469038,0.0,,,https://labless.dev/runs/run_sub_agent_2218928464296e5fc95bb9cb
run_sub_f6c27887c7,lctx14-kde05-r3,2026-07-20T16:30:34.783509Z,0.6684073345983054,unvalidated,Other manual,run_sub_59d24d6b7b,block-strided-cls,explicit_run_id,high,notes cite run_sub_59d24d6b7b,0.009184932532138479,1.0,,,https://labless.dev/runs/run_sub_f6c27887c7
run_sub_agent_14688ddcf95c8b95506b5293,Seed 20260720,2026-07-21T01:32:03.365415Z,0.645478,unvalidated,Other manual,run_sub_6c6c051f71,lr-and-curation,source_branch,source-only,repo.main_diff.base_run_id,0.009824461025469078,0.0,,,https://labless.dev/runs/run_sub_agent_14688ddcf95c8b95506b5293
run_sub_agent_36aca864d1ca2fe580cad9b0,14x128 Local Views,2026-07-21T04:14:25.247051Z,0.651123,unvalidated,Other manual,run_sub_6c6c051f71,lr-and-curation,source_branch,source-only,repo.main_diff.base_run_id,0.015469461025469089,0.0,,,https://labless.dev/runs/run_sub_agent_36aca864d1ca2fe580cad9b0
run_sub_1ef9bffd3b,c8-p-md-resul-9ec6e0,2026-07-21T13:48:18.992057Z,0.6546377921344082,unvalidated,Cycle 8,run_sub_70c47eb534,c7-base-882147,campaign_baseline,medium,notes specify base=baseline,0.0015502161241792711,0.5,,,https://labless.dev/runs/run_sub_1ef9bffd3b
run_sub_b1b1e300d1,c8-train-p-si-6f5c55,2026-07-21T13:49:19.205278Z,0.6533839893007931,unvalidated,Cycle 8,run_sub_70c47eb534,c7-base-882147,campaign_baseline,medium,notes specify base=baseline,0.0002964132905641792,0.75,,,https://labless.dev/runs/run_sub_b1b1e300d1
run_sub_5105c7204c,c8-md-local-c-3dc6f0,2026-07-21T14:26:00.344972Z,0.6559865068649668,unvalidated,Cycle 8,run_sub_70c47eb534,c7-base-882147,campaign_baseline,medium,notes specify base=baseline,0.0028989308547379133,0.5,,,https://labless.dev/runs/run_sub_5105c7204c
run_sub_f90e0fa626,c8-dinov3-bas-e97dea,2026-07-21T14:33:40.116925Z,0.6531301270103016,unvalidated,Cycle 8,run_sub_70c47eb534,c7-base-882147,campaign_baseline,medium,notes specify base=baseline,4.255100007266588e-05,0.75,,,https://labless.dev/runs/run_sub_f90e0fa626
run_sub_eaf298355d,c8-md-larger-b56f13,2026-07-21T15:12:11.953561Z,0.6574560335873388,unvalidated,Cycle 8,run_sub_70c47eb534,c7-base-882147,campaign_baseline,medium,notes specify base=baseline,0.004368457577109908,0.5,,,https://labless.dev/runs/run_sub_eaf298355d
run_sub_b75109c39d,c8-anticollap-4789c6,2026-07-21T15:43:19.228155Z,0.6492250415253006,unvalidated,Cycle 8,run_sub_70c47eb534,c7-base-882147,campaign_baseline,medium,notes specify base=baseline,-0.0038625344849283483,0.75,,,https://labless.dev/runs/run_sub_b75109c39d
run_sub_7579074453,c8-anticollap-d326c8,2026-07-21T15:44:39.489603Z,0.6488342413810885,unvalidated,Cycle 8,run_sub_70c47eb534,c7-base-882147,campaign_baseline,medium,notes specify base=baseline,-0.0042533346291404595,0.75,,,https://labless.dev/runs/run_sub_7579074453
run_sub_16c0a4070b,c8-asymmaug-g-407db6,2026-07-21T15:45:48.172976Z,0.6415781329737436,unvalidated,Cycle 8,run_sub_70c47eb534,c7-base-882147,campaign_baseline,medium,notes specify base=baseline,-0.011509443036485378,0.5,,,https://labless.dev/runs/run_sub_16c0a4070b
run_sub_030069e56b,c8-asymmaug-g-a59630,2026-07-21T15:47:03.795866Z,0.6516681571119306,unvalidated,Cycle 8,run_sub_70c47eb534,c7-base-882147,campaign_baseline,medium,notes specify base=baseline,-0.0014194188982983302,0.5,,,https://labless.dev/runs/run_sub_030069e56b
run_sub_agent_219091dbaf3a8d768ded624a,Halved KDE Weight,2026-07-21T22:19:01.922651Z,0.645167,unvalidated,Other manual,run_sub_6c6c051f71,lr-and-curation,source_branch,source-only,repo.main_diff.base_run_id,0.009513461025469128,0.0,,,https://labless.dev/runs/run_sub_agent_219091dbaf3a8d768ded624a
run_sub_b54e4bd071,pathgen-672,2026-07-22T04:36:03.568861Z,0.6354870760288932,unvalidated,Other manual,run_sub_6c6c051f71,lr-and-curation,source_branch,source-only,repo.main_diff.base_run_id,-0.00016646294563771313,0.5,,,https://labless.dev/runs/run_sub_b54e4bd071
run_sub_04a2cd9624,c8-train-p-av-1b3fe9,2026-07-22T14:30:37.115301Z,0.6521637714383288,unvalidated,Cycle 8,run_sub_70c47eb534,c7-base-882147,campaign_baseline,medium,notes specify base=baseline,-0.0009238045719001109,0.75,,,https://labless.dev/runs/run_sub_04a2cd9624
run_sub_ac5a13e986,c8-train-p-wi-4863ab,2026-07-22T14:32:05.517000Z,0.6528960810049098,unvalidated,Cycle 8,run_sub_70c47eb534,c7-base-882147,campaign_baseline,medium,notes specify base=baseline,-0.00019149500531912,0.75,,,https://labless.dev/runs/run_sub_ac5a13e986
run_sub_d59c2260d7,c8-train-p-av-b33051,2026-07-22T14:32:11.758878Z,0.6497540910094683,unvalidated,Cycle 8,run_sub_70c47eb534,c7-base-882147,campaign_baseline,medium,notes specify base=baseline,-0.003333485000760583,0.75,,,https://labless.dev/runs/run_sub_d59c2260d7
run_sub_4cc0fc67f0,c8-train-p-la-f28406,2026-07-22T14:35:52.170331Z,0.6538538017565793,unvalidated,Cycle 8,run_sub_70c47eb534,c7-base-882147,campaign_baseline,medium,notes specify base=baseline,0.0007662257463503241,0.75,,,https://labless.dev/runs/run_sub_4cc0fc67f0
run_sub_ac25073ff5,c8-train-p-av-4eb01e,2026-07-22T15:56:38.281129Z,0.6553533735850212,unvalidated,Cycle 8,run_sub_70c47eb534,c7-base-882147,campaign_baseline,medium,notes specify base=baseline,0.002265797574792283,0.75,,,https://labless.dev/runs/run_sub_ac25073ff5
run_sub_2b0e61cab2,c8-sigreg-rep-b95311,2026-07-22T16:23:11.157162Z,0.6472479402844478,unvalidated,Cycle 8,run_sub_70c47eb534,c7-base-882147,campaign_baseline,medium,notes specify base=baseline,-0.005839635725781167,0.75,,,https://labless.dev/runs/run_sub_2b0e61cab2
run_sub_1e04767480,c8-sigreg-lat-d3b841,2026-07-22T16:32:38.838597Z,0.6484165558676412,unvalidated,Cycle 8,run_sub_70c47eb534,c7-base-882147,campaign_baseline,medium,notes specify base=baseline,-0.00467102014258769,0.75,,,https://labless.dev/runs/run_sub_1e04767480
run_sub_63d254bfb3,c8-sigreg-rep-85f0b4,2026-07-22T18:16:32.375951Z,0.6447809921171379,unvalidated,Cycle 8,run_sub_70c47eb534,c7-base-882147,campaign_baseline,medium,notes specify base=baseline,-0.008306583893091024,0.75,,,https://labless.dev/runs/run_sub_63d254bfb3
run_sub_4fe6034171,c8-train-p-ge-64f456,2026-07-22T20:58:23.265573Z,0.5936470523180403,unvalidated,Cycle 8,run_sub_70c47eb534,c7-base-882147,campaign_baseline,medium,notes specify base=baseline,-0.05944052369218866,0.5,,,https://labless.dev/runs/run_sub_4fe6034171
run_sub_3b22c5ab21,c8-train-p-c6-82f442,2026-07-22T22:30:05.541241Z,0.6520914238244753,unvalidated,Cycle 8,run_sub_70c47eb534,c7-base-882147,campaign_baseline,medium,notes specify base=baseline,-0.0009961521857536626,0.75,,,https://labless.dev/runs/run_sub_3b22c5ab21
run_sub_868135e9ae,c8-anticollap-4e9283,2026-07-23T14:53:32.708265Z,0.6530137153969301,unvalidated,Cycle 8,run_sub_70c47eb534,c7-base-882147,campaign_baseline,medium,notes specify base=baseline,-7.386061329883731e-05,0.75,,,https://labless.dev/runs/run_sub_868135e9ae
run_sub_8f4b10d417,c8-train-p-lo-03f0f6,2026-07-23T16:32:01.145619Z,0.6497932633768033,unvalidated,Cycle 8,run_sub_70c47eb534,c7-base-882147,campaign_baseline,medium,notes specify base=baseline,-0.003294312633425611,0.5,,,https://labless.dev/runs/run_sub_8f4b10d417
run_sub_8cadb6e90c,c8-localcrop-c8d7fc,2026-07-23T16:39:47.247298Z,0.6459246257930309,unvalidated,Cycle 8,run_sub_70c47eb534,c7-base-882147,campaign_baseline,medium,notes specify base=baseline,-0.007162950217198039,0.5,,,https://labless.dev/runs/run_sub_8cadb6e90c
run_sub_24b64a173b,c8-train-p-lo-513167,2026-07-23T18:33:53.060549Z,0.6435928686228573,unvalidated,Cycle 8,run_sub_70c47eb534,c7-base-882147,campaign_baseline,medium,notes specify base=baseline,-0.009494707387371681,0.5,,,https://labless.dev/runs/run_sub_24b64a173b
run_sub_48374386e7,c8-train-p-c8-8bd5be,2026-07-23T18:44:35.499932Z,0.6544005671424149,unvalidated,Cycle 8,run_sub_70c47eb534,c7-base-882147,campaign_baseline,medium,notes specify base=baseline,0.00131299113218597,0.5,,,https://labless.dev/runs/run_sub_48374386e7
run_sub_739c71f5a6,c8-train-p-c8-764c73,2026-07-23T23:41:21.828132Z,0.6476048725599162,unvalidated,Cycle 8,run_sub_70c47eb534,c7-base-882147,campaign_baseline,medium,notes specify base=baseline,-0.005482703450312765,0.5,,,https://labless.dev/runs/run_sub_739c71f5a6
run_sub_e77501d0dd,c8-train-p-kd-70c7a8,2026-07-23T23:46:15.421897Z,0.6534431087883017,unvalidated,Cycle 8,run_sub_70c47eb534,c7-base-882147,campaign_baseline,medium,notes specify base=baseline,0.0003555327780727646,0.75,,,https://labless.dev/runs/run_sub_e77501d0dd
run_sub_a80b532bdc,lctx14-kde05-s7375,2026-07-23T19:05:20.063244Z,0.6579872998245659,validated,Other manual,run_sub_f6c27887c7,lctx14-kde05-r3,explicit_run_id,high,notes cite run_sub_f6c27887c7,-0.010420034773739428,1.0,,,https://labless.dev/runs/run_sub_a80b532bdc
run_sub_49014f2769,c8-anticollap-7feaf9,2026-07-24T01:52:33.658370Z,0.6477171515048665,unvalidated,Cycle 8,run_sub_70c47eb534,c7-base-882147,campaign_baseline,medium,notes specify base=baseline,-0.005370424505362403,0.75,,,https://labless.dev/runs/run_sub_49014f2769
run_sub_07405dbb4b,c8-train-p-lo-d59a52,2026-07-24T02:01:38.648071Z,0.6536124270694624,unvalidated,Cycle 8,run_sub_70c47eb534,c7-base-882147,campaign_baseline,medium,notes specify base=baseline,0.0005248510592334998,0.5,,,https://labless.dev/runs/run_sub_07405dbb4b
run_sub_agent_cf5578b0089e2eaac2cb50a0,Hardest-half mining,2026-07-27T04:39:45.269278Z,0.656906,unvalidated,Other manual,run_sub_6c6c051f71,lr-and-curation,source_branch,source-only,repo.main_diff.base_run_id,0.02125246102546907,0.25,,,https://labless.dev/runs/run_sub_agent_cf5578b0089e2eaac2cb50a0
run_sub_agent_e736b016c7387af3aa9ae51b,Hardest-tile mining,2026-07-27T10:22:23.707660Z,0.652208,unvalidated,Other manual,run_sub_6c6c051f71,lr-and-curation,source_branch,source-only,repo.main_diff.base_run_id,0.01655446102546909,0.25,,,https://labless.dev/runs/run_sub_agent_e736b016c7387af3aa9ae51b
run_sub_7744a677de,bsc-s12-repl,2026-08-04T13:57:17.070511Z,0.6572384108064415,unvalidated,Other manual,run_sub_59d24d6b7b,block-strided-cls,explicit_run_id,high,notes cite run_sub_59d24d6b7b,-0.0019839912597253706,1.0,,,https://labless.dev/runs/run_sub_7744a677de
run_sub_caa18c644b,bscsc_xattn_wd_vis8,2026-08-04T19:21:02.790043Z,0.6398190038656145,unvalidated,Other manual,run_sub_6c6c051f71,lr-and-curation,source_branch,source-only,repo.main_diff.base_run_id,0.004165464891083603,0.0,,,https://labless.dev/runs/run_sub_caa18c644b
run_sub_4214117aa1,cls_spec_bsc,2026-08-05T15:31:54.810705Z,0.6601116584292918,unvalidated,Other manual,run_sub_6c6c051f71,lr-and-curation,source_branch,source-only,repo.main_diff.base_run_id,0.02445811945476084,0.0,,,https://labless.dev/runs/run_sub_4214117aa1
run_sub_c3501b60de,cls_spec_bsc_e6,2026-08-05T23:41:03.105869Z,0.66072976116813,unvalidated,Other manual,run_sub_6c6c051f71,lr-and-curation,source_branch,source-only,repo.main_diff.base_run_id,0.025076222193599063,0.0,,,https://labless.dev/runs/run_sub_c3501b60de
run_sub_f14b780731,labless-proof-c9,2026-08-09T04:03:28.732237Z,0.6522681909882577,unvalidated,Cycle 9,run_sub_70c47eb534,c7-base-882147,campaign_baseline,medium,notes specify base=baseline,-0.0008193850219712084,0.75,,,https://labless.dev/runs/run_sub_f14b780731
run_sub_5982ab1e7d,c8-localcrop-3c3941,2026-07-22T04:01:18.820918Z,0.6587020214689948,unvalidated,Cycle 8,run_sub_70c47eb534,c7-base-882147,campaign_baseline,medium,notes specify base=baseline,0.005614445458765882,0.5,,,https://labless.dev/runs/run_sub_5982ab1e7d
run_sub_cb562a6514,c8-p-av-jepa-f39afc,2026-08-09T04:41:45.146774Z,0.6551137571184443,unvalidated,Cycle 8,run_sub_70c47eb534,c7-base-882147,campaign_baseline,medium,notes specify base=baseline,0.002026181108215397,0.75,,,https://labless.dev/runs/run_sub_cb562a6514
run_sub_8407916564,c8-train-p-ca-cd03c3,2026-08-09T04:42:52.498079Z,0.6550561448234782,unvalidated,Cycle 8,run_sub_70c47eb534,c7-base-882147,campaign_baseline,medium,notes specify base=baseline,0.0019685688132492496,0.75,,,https://labless.dev/runs/run_sub_8407916564
run_sub_a5b7e54d32,c8-capi-ibot-03235e,2026-07-21T18:23:27.516295Z,0.6549052804200088,unvalidated,Cycle 8,run_sub_70c47eb534,c7-base-882147,campaign_baseline,medium,notes specify base=baseline,0.0018177044097799078,0.75,,,https://labless.dev/runs/run_sub_a5b7e54d32
run_sub_2c3e700809,c8-train-p-av-1cbcb8,2026-08-09T04:45:12.064000Z,0.654794432832958,unvalidated,Cycle 8,run_sub_70c47eb534,c7-base-882147,campaign_baseline,medium,notes specify base=baseline,0.001706856822729086,0.75,,,https://labless.dev/runs/run_sub_2c3e700809
run_sub_df7b66f159,c8-mdminer-ib-88833d,2026-08-09T04:46:28.490652Z,0.6547728522009181,unvalidated,Cycle 8,run_sub_70c47eb534,c7-base-882147,campaign_baseline,medium,notes specify base=baseline,0.0016852761906891445,0.75,,,https://labless.dev/runs/run_sub_df7b66f159
run_sub_82058eea06,c8-jepa-maske-c92e07,2026-07-22T22:35:14.981737Z,0.6546788843833081,unvalidated,Cycle 8,run_sub_70c47eb534,c7-base-882147,campaign_baseline,medium,notes specify base=baseline,0.0015913083730791922,0.75,,,https://labless.dev/runs/run_sub_82058eea06
run_sub_dfded8b233,c8-train-p-md-db3a14,2026-08-09T04:48:51.849036Z,0.6546542156966737,unvalidated,Cycle 8,run_sub_70c47eb534,c7-base-882147,campaign_baseline,medium,notes specify base=baseline,0.0015666396864447707,0.5,,,https://labless.dev/runs/run_sub_dfded8b233
run_sub_3d2fc68b1f,c10-reseed-an-c7cc1e,2026-08-09T06:46:16.337768Z,0.648729437989515,unvalidated,Cycle 10,run_sub_70c47eb534,c7-base-882147,campaign_baseline,medium,notes specify base=c9-base-902206; linked to previous available anchor,-0.004358138020713942,0.75,,,https://labless.dev/runs/run_sub_3d2fc68b1f
run_sub_ed8b84c8d4,c10-base-550499,2026-08-09T07:14:42.022016Z,0.6504461383702934,unvalidated,Cycle 10,run_sub_70c47eb534,c7-base-882147,campaign_baseline,medium,notes specify base=c9-base-902206; linked to previous available anchor,-0.0026414376399355177,0.75,,,https://labless.dev/runs/run_sub_ed8b84c8d4
run_sub_0b97b4d2a9,c8-capi-ibot-dbe633,2026-07-21T21:35:52.840847Z,0.6545635006623403,unvalidated,Cycle 8,run_sub_ed8b84c8d4,c10-base-550499,campaign_baseline,medium,notes specify base=baseline,0.0041173622920468445,0.75,,,https://labless.dev/runs/run_sub_0b97b4d2a9
run_sub_a53ec5934d,c8-train-p-c6-c10798,2026-07-23T03:16:28.217232Z,0.6545603680823887,unvalidated,Cycle 8,run_sub_ed8b84c8d4,c10-base-550499,campaign_baseline,medium,notes specify base=baseline,0.004114229712095296,0.75,,,https://labless.dev/runs/run_sub_a53ec5934d
run_sub_148869fecd,c8-localcrop-ebf6e6,2026-07-22T02:11:34.338028Z,0.6542980460294755,unvalidated,Cycle 8,run_sub_ed8b84c8d4,c10-base-550499,campaign_baseline,medium,notes specify base=baseline,0.0038519076591820856,0.5,,,https://labless.dev/runs/run_sub_148869fecd
run_sub_ecc8069f85,c8-train-p-au-ad9894,2026-08-09T15:45:20.951653Z,0.654286894863844,unvalidated,Cycle 8,run_sub_ed8b84c8d4,c10-base-550499,campaign_baseline,medium,notes specify base=baseline,0.0038407564935505345,0.5,,,https://labless.dev/runs/run_sub_ecc8069f85
run_sub_2b9329a968,c8-anticollap-28d568,2026-07-23T04:32:49.770016Z,0.6542838727259459,unvalidated,Cycle 8,run_sub_ed8b84c8d4,c10-base-550499,campaign_baseline,medium,notes specify base=baseline,0.003837734355652489,0.75,,,https://labless.dev/runs/run_sub_2b9329a968
run_sub_8fda484a9d,c8-lawa-late-ema-t2,2026-08-09T15:47:15.160998Z,0.6542518034226296,unvalidated,Cycle 8,run_sub_ed8b84c8d4,c10-base-550499,campaign_baseline,medium,notes specify base=baseline,0.003805665052336149,0.75,,,https://labless.dev/runs/run_sub_8fda484a9d
run_sub_9c572666d5,c8-lawa-tail-172a10,2026-07-21T21:41:42.233550Z,0.6542430234444223,unvalidated,Cycle 8,run_sub_ed8b84c8d4,c10-base-550499,campaign_baseline,medium,notes specify base=baseline,0.0037968850741288973,0.75,,,https://labless.dev/runs/run_sub_9c572666d5
run_sub_fe01274e44,c8-train-p-re-090674,2026-08-09T15:49:32.533796Z,0.6540523301412418,unvalidated,Cycle 8,run_sub_ed8b84c8d4,c10-base-550499,campaign_baseline,medium,notes specify base=baseline,0.0036061917709483415,0.5,,,https://labless.dev/runs/run_sub_fe01274e44
run_sub_22648bce02,c8-train-p-lo-6c568c,2026-07-21T21:45:33.656411Z,0.6540238118018198,unvalidated,Cycle 8,run_sub_ed8b84c8d4,c10-base-550499,campaign_baseline,medium,notes specify base=baseline,0.0035776734315263736,0.5,,,https://labless.dev/runs/run_sub_22648bce02
run_sub_e3786b5fdf,c8-p-dinov3-a-5d13a0,2026-08-09T15:52:13.302833Z,0.6539461242812219,unvalidated,Cycle 8,run_sub_ed8b84c8d4,c10-base-550499,campaign_baseline,medium,notes specify base=baseline,0.0034999859109284825,0.75,,,https://labless.dev/runs/run_sub_e3786b5fdf
run_sub_842ec2ab62,c8-train-p-av-1ec11b,2026-07-22T22:41:31.084368Z,0.6538844345620897,unvalidated,Cycle 8,run_sub_ed8b84c8d4,c10-base-550499,campaign_baseline,medium,notes specify base=baseline,0.003438296191796253,0.75,,,https://labless.dev/runs/run_sub_842ec2ab62
run_sub_dbae3e3cc8,c8-sizemix-co-ac106c,2026-08-09T15:54:31.909034Z,0.6538685360569214,unvalidated,Cycle 8,run_sub_ed8b84c8d4,c10-base-550499,campaign_baseline,medium,notes specify base=baseline,0.003422397686627998,0.5,,,https://labless.dev/runs/run_sub_dbae3e3cc8
run_sub_e2ea611532,c8-train-p-c6-4deb30,2026-07-23T00:13:09.970229Z,0.6538066011269997,unvalidated,Cycle 8,run_sub_ed8b84c8d4,c10-base-550499,campaign_baseline,medium,notes specify base=baseline,0.0033604627567063172,0.75,,,https://labless.dev/runs/run_sub_e2ea611532
run_sub_f25db7deb9,c8-train-p-si-67f3b7,2026-08-09T15:58:32.787894Z,0.6536281013030896,unvalidated,Cycle 8,run_sub_ed8b84c8d4,c10-base-550499,campaign_baseline,medium,notes specify base=baseline,0.0031819629327961563,0.5,,,https://labless.dev/runs/run_sub_f25db7deb9
run_sub_49ac2ac2c4,c8-train-p-si-8ac9d2,2026-07-21T16:33:14.504376Z,0.6535932974725464,unvalidated,Cycle 8,run_sub_ed8b84c8d4,c10-base-550499,campaign_baseline,medium,notes specify base=baseline,0.003147159102252939,0.75,,,https://labless.dev/runs/run_sub_49ac2ac2c4
run_sub_0a010124f9,c8-lawa-ema-tail-t5,2026-07-21T16:25:20.251374Z,0.6535479718487883,unvalidated,Cycle 8,run_sub_ed8b84c8d4,c10-base-550499,campaign_baseline,medium,notes specify base=baseline,0.0031018334784949086,0.75,,,https://labless.dev/runs/run_sub_0a010124f9
run_sub_9a4cf57441,c8-train-p-av-54f792,2026-07-21T18:23:12.268895Z,0.6535132498204693,unvalidated,Cycle 8,run_sub_ed8b84c8d4,c10-base-550499,campaign_baseline,medium,notes specify base=baseline,0.003067111450175908,0.5,,,https://labless.dev/runs/run_sub_9a4cf57441
run_sub_c2528926c3,c8-anti-colla-943a42,2026-07-21T19:55:57.180878Z,0.6534644782564167,unvalidated,Cycle 8,run_sub_ed8b84c8d4,c10-base-550499,campaign_baseline,medium,notes specify base=baseline,0.0030183398861233224,0.75,,,https://labless.dev/runs/run_sub_c2528926c3
run_sub_126f9ba2bd,c8-p-lawa-avg-58b991,2026-08-09T16:06:57.732492Z,0.65338013250769,unvalidated,Cycle 8,run_sub_ed8b84c8d4,c10-base-550499,campaign_baseline,medium,notes specify base=baseline,0.0029339941373965894,0.75,,,https://labless.dev/runs/run_sub_126f9ba2bd
run_sub_e14143bf5f,c8-localcrop-bf0e5f,2026-07-22T00:33:49.620137Z,0.6533427996586445,unvalidated,Cycle 8,run_sub_ed8b84c8d4,c10-base-550499,campaign_baseline,medium,notes specify base=baseline,0.002896661288351088,0.5,,,https://labless.dev/runs/run_sub_e14143bf5f
run_sub_1db565f69a,c8-train-p-si-ba7d52,2026-08-09T16:09:25.369662Z,0.6532720298772636,unvalidated,Cycle 8,run_sub_ed8b84c8d4,c10-base-550499,campaign_baseline,medium,notes specify base=baseline,0.002825891506970213,0.75,,,https://labless.dev/runs/run_sub_1db565f69a
run_sub_19b50d9800,c8-md-larger-a27c57,2026-07-21T21:46:02.062672Z,0.6532232994254307,unvalidated,Cycle 8,run_sub_ed8b84c8d4,c10-base-550499,campaign_baseline,medium,notes specify base=baseline,0.002777161055137256,0.5,,,https://labless.dev/runs/run_sub_19b50d9800
run_sub_3896d2c5df,c8-lawa-slow-ema-t3,2026-08-09T16:11:54.569702Z,0.6532107633749816,unvalidated,Cycle 8,run_sub_ed8b84c8d4,c10-base-550499,campaign_baseline,medium,notes specify base=baseline,0.002764625004688215,0.75,,,https://labless.dev/runs/run_sub_3896d2c5df
run_sub_a6a0ed0e35,c8-schedule-l-bff30e,2026-07-21T21:45:02.085676Z,0.6531927089606202,unvalidated,Cycle 8,run_sub_ed8b84c8d4,c10-base-550499,campaign_baseline,medium,notes specify base=baseline,0.002746570590326791,0.5,,,https://labless.dev/runs/run_sub_a6a0ed0e35
run_sub_ef3f9e9508,c8-train-p-la-f70cb3,2026-08-09T16:15:13.038318Z,0.6531845915367169,unvalidated,Cycle 8,run_sub_ed8b84c8d4,c10-base-550499,campaign_baseline,medium,notes specify base=baseline,0.0027384531664235157,0.75,,,https://labless.dev/runs/run_sub_ef3f9e9508
run_sub_6047efb2c8,c8-train-p-ge-c52cfd,2026-07-21T18:21:06.605865Z,0.6531755136007363,unvalidated,Cycle 8,run_sub_ed8b84c8d4,c10-base-550499,campaign_baseline,medium,notes specify base=baseline,0.002729375230442921,0.5,,,https://labless.dev/runs/run_sub_6047efb2c8
run_sub_bb4b3d0772,c8-train-teac-3726ee,2026-08-09T16:18:02.148027Z,0.6531451285290573,unvalidated,Cycle 8,run_sub_ed8b84c8d4,c10-base-550499,campaign_baseline,medium,notes specify base=baseline,0.0026989901587638476,0.75,,,https://labless.dev/runs/run_sub_bb4b3d0772
run_sub_395b6959a7,c8-train-p-av-cf7720,2026-08-09T16:19:21.136511Z,0.6531299430949583,unvalidated,Cycle 8,run_sub_ed8b84c8d4,c10-base-550499,campaign_baseline,medium,notes specify base=baseline,0.0026838047246648955,0.5,,,https://labless.dev/runs/run_sub_395b6959a7
run_sub_e5cf66a997,c8-p-av-confi-b7de40,2026-08-09T16:20:35.727450Z,0.6530954732335226,unvalidated,Cycle 8,run_sub_ed8b84c8d4,c10-base-550499,campaign_baseline,medium,notes specify base=baseline,0.002649334863229158,0.75,,,https://labless.dev/runs/run_sub_e5cf66a997
run_sub_38c962ce7d,c8-p-anticoll-99f3b7,2026-07-21T18:15:07.212952Z,0.6530300628887049,unvalidated,Cycle 8,run_sub_ed8b84c8d4,c10-base-550499,campaign_baseline,medium,notes specify base=baseline,0.0025839245184114956,0.75,,,https://labless.dev/runs/run_sub_38c962ce7d
run_sub_123d80adae,c8-train-p-si-cb0c05,2026-08-09T16:22:51.720999Z,0.6530183563263777,unvalidated,Cycle 8,run_sub_ed8b84c8d4,c10-base-550499,campaign_baseline,medium,notes specify base=baseline,0.0025722179560843106,0.75,,,https://labless.dev/runs/run_sub_123d80adae
run_sub_3b06712d12,c8-data-hed-j-702f50,2026-08-09T16:23:50.635795Z,0.6529902083905981,unvalidated,Cycle 8,run_sub_ed8b84c8d4,c10-base-550499,campaign_baseline,medium,notes specify base=baseline,0.0025440700203046562,0.75,,,https://labless.dev/runs/run_sub_3b06712d12
run_sub_163a3f9970,c8-md-ideator-be8904,2026-08-09T16:25:51.947134Z,0.6528663176222643,unvalidated,Cycle 8,run_sub_ed8b84c8d4,c10-base-550499,campaign_baseline,medium,notes specify base=baseline,0.002420179251970911,0.75,,,https://labless.dev/runs/run_sub_163a3f9970
run_sub_2174a6bbe3,c8-train-p-in-04ca07,2026-08-09T16:26:49.358986Z,0.6527577611757899,unvalidated,Cycle 8,run_sub_ed8b84c8d4,c10-base-550499,campaign_baseline,medium,notes specify base=baseline,0.0023116228054964605,0.75,,,https://labless.dev/runs/run_sub_2174a6bbe3
run_sub_28c307801a,c8-train-p-c6-c33cf9,2026-07-23T01:48:35.816651Z,0.6527438826358458,unvalidated,Cycle 8,run_sub_ed8b84c8d4,c10-base-550499,campaign_baseline,medium,notes specify base=baseline,0.002297744265552404,0.75,,,https://labless.dev/runs/run_sub_28c307801a
run_sub_83999f3ff9,c8-train-p-wa-663406,2026-07-21T21:49:50.953186Z,0.6527074373059538,unvalidated,Cycle 8,run_sub_ed8b84c8d4,c10-base-550499,campaign_baseline,medium,notes specify base=baseline,0.002261298935660405,0.75,,,https://labless.dev/runs/run_sub_83999f3ff9
run_sub_6c02ee14e3,c8-train-p-av-006b23,2026-08-09T16:29:44.913805Z,0.6525347476089155,unvalidated,Cycle 8,run_sub_ed8b84c8d4,c10-base-550499,campaign_baseline,medium,notes specify base=baseline,0.0020886092386220856,0.75,,,https://labless.dev/runs/run_sub_6c02ee14e3
run_sub_bdcb75c80f,c8-train-p-av-da25e0,2026-07-23T01:41:26.062780Z,0.6525255705502404,unvalidated,Cycle 8,run_sub_ed8b84c8d4,c10-base-550499,campaign_baseline,medium,notes specify base=baseline,0.002079432179946994,0.75,,,https://labless.dev/runs/run_sub_bdcb75c80f
run_sub_82abd719bb,c8-train-p-wa-940e14,2026-07-21T21:50:21.207451Z,0.6525006894941809,unvalidated,Cycle 8,run_sub_ed8b84c8d4,c10-base-550499,campaign_baseline,medium,notes specify base=baseline,0.002054551123887527,0.75,,,https://labless.dev/runs/run_sub_82abd719bb
run_sub_cd91f383a2,c8-train-teac-9431d8,2026-08-09T16:32:48.540365Z,0.6524576935718149,unvalidated,Cycle 8,run_sub_ed8b84c8d4,c10-base-550499,campaign_baseline,medium,notes specify base=baseline,0.00201155520152152,0.75,,,https://labless.dev/runs/run_sub_cd91f383a2
run_sub_799408b4f8,c8-dinov3-ibo-ad6e5d,2026-07-23T00:20:09.671983Z,0.652446363046035,unvalidated,Cycle 8,run_sub_ed8b84c8d4,c10-base-550499,campaign_baseline,medium,notes specify base=baseline,0.0020002246757415687,0.75,,,https://labless.dev/runs/run_sub_799408b4f8
run_sub_52ec80ae5a,c8-anticollap-b919f2,2026-07-21T21:47:01.476217Z,0.6524460808243425,unvalidated,Cycle 8,run_sub_ed8b84c8d4,c10-base-550499,campaign_baseline,medium,notes specify base=baseline,0.0019999424540491084,0.75,,,https://labless.dev/runs/run_sub_52ec80ae5a
run_sub_13e6b6a5af,c8-train-p-si-fc81bb,2026-07-21T18:16:05.345456Z,0.6524169807431859,unvalidated,Cycle 8,run_sub_ed8b84c8d4,c10-base-550499,campaign_baseline,medium,notes specify base=baseline,0.0019708423728924673,0.75,,,https://labless.dev/runs/run_sub_13e6b6a5af
run_sub_c044d220cd,c8-train-p-c6-a42958,2026-07-21T18:13:05.818104Z,0.6523857564704741,unvalidated,Cycle 8,run_sub_ed8b84c8d4,c10-base-550499,campaign_baseline,medium,notes specify base=baseline,0.0019396181001807289,0.5,,,https://labless.dev/runs/run_sub_c044d220cd
run_sub_397a02e5db,c8-train-p-la-babd2a,2026-07-21T18:23:15.025336Z,0.6523518984491024,unvalidated,Cycle 8,run_sub_ed8b84c8d4,c10-base-550499,campaign_baseline,medium,notes specify base=baseline,0.001905760078808938,0.75,,,https://labless.dev/runs/run_sub_397a02e5db
run_sub_783e04375b,c8-localcrop-aaa445,2026-07-21T23:17:51.774293Z,0.6523256905048629,unvalidated,Cycle 8,run_sub_ed8b84c8d4,c10-base-550499,campaign_baseline,medium,notes specify base=baseline,0.0018795521345694732,0.5,,,https://labless.dev/runs/run_sub_783e04375b
run_sub_cfd6d0f2d2,c8-md-multi-s-5cd608,2026-08-09T16:39:29.075957Z,0.6522637495424823,unvalidated,Cycle 8,run_sub_ed8b84c8d4,c10-base-550499,campaign_baseline,medium,notes specify base=baseline,0.0018176111721889265,0.5,,,https://labless.dev/runs/run_sub_cfd6d0f2d2
run_sub_0de2bb3ed9,c8-geoaug-ect-46395e,2026-07-21T23:43:17.055802Z,0.6522176988487993,unvalidated,Cycle 8,run_sub_ed8b84c8d4,c10-base-550499,campaign_baseline,medium,notes specify base=baseline,0.001771560478505907,0.5,,,https://labless.dev/runs/run_sub_0de2bb3ed9
run_sub_57699018eb,c8-train-p-wa-3f35ab,2026-07-21T23:13:48.851207Z,0.6519664335038573,unvalidated,Cycle 8,run_sub_ed8b84c8d4,c10-base-550499,campaign_baseline,medium,notes specify base=baseline,0.001520295133563887,0.75,,,https://labless.dev/runs/run_sub_57699018eb
run_sub_e335facf6e,c8-p-av-crop-68cf80,2026-08-09T16:44:39.329613Z,0.6517019400909567,unvalidated,Cycle 8,run_sub_ed8b84c8d4,c10-base-550499,campaign_baseline,medium,notes specify base=baseline,0.0012558017206633076,0.5,,,https://labless.dev/runs/run_sub_e335facf6e
run_sub_41936c5599,c8-md-larger-246bd6,2026-08-09T16:45:47.000888Z,0.651621847881412,unvalidated,Cycle 8,run_sub_ed8b84c8d4,c10-base-550499,campaign_baseline,medium,notes specify base=baseline,0.0011757095111185611,0.5,,,https://labless.dev/runs/run_sub_41936c5599
run_sub_f5172c0c2d,c8-train-p-si-b4c971,2026-07-21T18:31:29.301214Z,0.6514702876997348,unvalidated,Cycle 8,run_sub_ed8b84c8d4,c10-base-550499,campaign_baseline,medium,notes specify base=baseline,0.0010241493294413928,0.75,,,https://labless.dev/runs/run_sub_f5172c0c2d
run_sub_973140e1a1,c8-train-p-lr-a9a28e,2026-07-22T22:31:08.575416Z,0.651458977591865,unvalidated,Cycle 8,run_sub_ed8b84c8d4,c10-base-550499,campaign_baseline,medium,notes specify base=baseline,0.001012839221571582,0.75,,,https://labless.dev/runs/run_sub_973140e1a1
run_sub_18952d9127,c8-train-p-ge-b757ef,2026-07-21T21:49:44.836493Z,0.6514169839370183,unvalidated,Cycle 8,run_sub_ed8b84c8d4,c10-base-550499,campaign_baseline,medium,notes specify base=baseline,0.0009708455667248872,0.5,,,https://labless.dev/runs/run_sub_18952d9127
run_sub_87fb6cf54e,c8-jepa-maske-574303,2026-08-09T16:49:59.073007Z,0.6513754610547537,unvalidated,Cycle 8,run_sub_ed8b84c8d4,c10-base-550499,campaign_baseline,medium,notes specify base=baseline,0.000929322684460332,0.75,,,https://labless.dev/runs/run_sub_87fb6cf54e
run_sub_0eeb409444,c8-anticollap-2f40be,2026-07-23T03:13:27.572153Z,0.6513134583061454,unvalidated,Cycle 8,run_sub_ed8b84c8d4,c10-base-550499,campaign_baseline,medium,notes specify base=baseline,0.0008673199358519845,0.75,,,https://labless.dev/runs/run_sub_0eeb409444
run_sub_934ef2ad9a,c8-localcrop-4a0311,2026-07-22T06:05:02.105687Z,0.6507620433587993,unvalidated,Cycle 8,run_sub_ed8b84c8d4,c10-base-550499,campaign_baseline,medium,notes specify base=baseline,0.00031590498850586624,0.5,,,https://labless.dev/runs/run_sub_934ef2ad9a
run_sub_12ac153087,c8-capi-ibot-37233f,2026-08-09T16:53:03.408964Z,0.6506451724346263,unvalidated,Cycle 8,run_sub_ed8b84c8d4,c10-base-550499,campaign_baseline,medium,notes specify base=baseline,0.0001990340643328592,0.75,,,https://labless.dev/runs/run_sub_12ac153087
run_sub_a84a408977,c8-avoid-anti-72c4a7,2026-07-21T23:29:44.373193Z,0.6505639323838359,unvalidated,Cycle 8,run_sub_ed8b84c8d4,c10-base-550499,campaign_baseline,medium,notes specify base=baseline,0.00011779401354250485,0.75,,,https://labless.dev/runs/run_sub_a84a408977
run_sub_f00e3c3a8c,c8-md-multi-s-ee7e90,2026-07-22T22:40:39.697055Z,0.6503923282710178,unvalidated,Cycle 8,run_sub_ed8b84c8d4,c10-base-550499,campaign_baseline,medium,notes specify base=baseline,-5.381009927563074e-05,0.5,,,https://labless.dev/runs/run_sub_f00e3c3a8c
run_sub_bcbc73a29e,c8-md-larger-8b1c35,2026-08-09T16:56:06.433166Z,0.6501829182087429,unvalidated,Cycle 8,run_sub_ed8b84c8d4,c10-base-550499,campaign_baseline,medium,notes specify base=baseline,-0.00026322016155055916,0.75,,,https://labless.dev/runs/run_sub_bcbc73a29e
run_sub_b454055dcb,c8-capi-ibot-6d3aa1,2026-07-21T23:27:05.621943Z,0.6497560137989639,unvalidated,Cycle 8,run_sub_ed8b84c8d4,c10-base-550499,campaign_baseline,medium,notes specify base=baseline,-0.0006901245713295534,0.75,,,https://labless.dev/runs/run_sub_b454055dcb
run_sub_6edc671991,c8-train-p-im-16e0e4,2026-07-21T21:47:18.592335Z,0.64894391019478,unvalidated,Cycle 8,run_sub_ed8b84c8d4,c10-base-550499,campaign_baseline,medium,notes specify base=baseline,-0.001502228175513376,0.5,,,https://labless.dev/runs/run_sub_6edc671991
run_sub_8e53c1b045,c8-localcrop-b706db,2026-07-21T22:59:00.371692Z,0.6489401495019479,unvalidated,Cycle 8,run_sub_ed8b84c8d4,c10-base-550499,campaign_baseline,medium,notes specify base=baseline,-0.0015059888683455203,0.5,,,https://labless.dev/runs/run_sub_8e53c1b045
run_sub_76e5d7692d,c8-pcgrad-dee-c8e0c2,2026-08-09T17:00:58.906481Z,0.6485632123112982,unvalidated,Cycle 8,run_sub_ed8b84c8d4,c10-base-550499,campaign_baseline,medium,notes specify base=baseline,-0.0018829260589952046,0.75,,,https://labless.dev/runs/run_sub_76e5d7692d
run_sub_35c4e2c984,c8-avoid-anti-943ee4,2026-07-22T22:34:17.402281Z,0.6483111977343414,unvalidated,Cycle 8,run_sub_ed8b84c8d4,c10-base-550499,campaign_baseline,medium,notes specify base=baseline,-0.0021349406359519874,0.75,,,https://labless.dev/runs/run_sub_35c4e2c984
run_sub_a396f5850a,c8-train-p-re-434620,2026-08-09T17:04:58.459748Z,0.6481761732311236,unvalidated,Cycle 8,run_sub_ed8b84c8d4,c10-base-550499,campaign_baseline,medium,notes specify base=baseline,-0.0022699651391697717,0.5,,,https://labless.dev/runs/run_sub_a396f5850a
run_sub_0a8ad9026d,c8-train-p-cr-88331d,2026-07-21T23:32:17.175769Z,0.6477565158182236,unvalidated,Cycle 8,run_sub_ed8b84c8d4,c10-base-550499,campaign_baseline,medium,notes specify base=baseline,-0.002689622552069837,0.5,,,https://labless.dev/runs/run_sub_0a8ad9026d
run_sub_4d31b42b9e,c8-train-p-im-1d9941,2026-07-22T14:53:58.556292Z,0.6474501687864764,unvalidated,Cycle 8,run_sub_ed8b84c8d4,c10-base-550499,campaign_baseline,medium,notes specify base=baseline,-0.002995969583816982,0.5,,,https://labless.dev/runs/run_sub_4d31b42b9e
run_sub_c3fdca5df3,c8-md-larger-516712,2026-07-23T00:12:20.081464Z,0.6474491333973402,unvalidated,Cycle 8,run_sub_ed8b84c8d4,c10-base-550499,campaign_baseline,medium,notes specify base=baseline,-0.002997004972953188,0.5,,,https://labless.dev/runs/run_sub_c3fdca5df3
run_sub_7667c73905,c8-train-p-im-61e448,2026-07-21T18:34:15.637294Z,0.6473749751206692,unvalidated,Cycle 8,run_sub_ed8b84c8d4,c10-base-550499,campaign_baseline,medium,notes specify base=baseline,-0.003071163249624198,0.5,,,https://labless.dev/runs/run_sub_7667c73905
run_sub_f493994a14,c8-p-av-balan-06d5e1,2026-08-09T17:09:52.064079Z,0.6472643500764412,unvalidated,Cycle 8,run_sub_ed8b84c8d4,c10-base-550499,campaign_baseline,medium,notes specify base=baseline,-0.0031817882938521835,0.5,,,https://labless.dev/runs/run_sub_f493994a14
run_sub_db01c891ca,c8-mscrop-mix-d406db,2026-07-21T15:47:35.892369Z,0.6471947772801182,unvalidated,Cycle 8,run_sub_ed8b84c8d4,c10-base-550499,campaign_baseline,medium,notes specify base=baseline,-0.003251361090175209,0.5,,,https://labless.dev/runs/run_sub_db01c891ca
run_sub_486f1e8405,c8-sigreg-rep-c8aaa7,2026-08-09T17:13:34.872452Z,0.6469285144667855,unvalidated,Cycle 8,run_sub_ed8b84c8d4,c10-base-550499,campaign_baseline,medium,notes specify base=baseline,-0.0035176239035079604,0.75,,,https://labless.dev/runs/run_sub_486f1e8405
run_sub_b45628da3e,c8-train-p-av-af9d7c,2026-07-21T21:45:50.210104Z,0.6463706309708953,unvalidated,Cycle 8,run_sub_ed8b84c8d4,c10-base-550499,campaign_baseline,medium,notes specify base=baseline,-0.004075507399398104,0.5,,,https://labless.dev/runs/run_sub_b45628da3e
run_sub_3c85cfd3f4,c8-capi-ibot-f2be46,2026-07-22T01:15:48.415933Z,0.6460927359757878,unvalidated,Cycle 8,run_sub_ed8b84c8d4,c10-base-550499,campaign_baseline,medium,notes specify base=baseline,-0.004353402394505657,0.75,,,https://labless.dev/runs/run_sub_3c85cfd3f4
run_sub_eb854fc8de,c8-sigreg-rep-125dac,2026-07-23T00:11:31.057320Z,0.6457858867024598,unvalidated,Cycle 8,run_sub_ed8b84c8d4,c10-base-550499,campaign_baseline,medium,notes specify base=baseline,-0.00466025166783357,0.75,,,https://labless.dev/runs/run_sub_eb854fc8de
run_sub_2ea2d57a22,c8-sigreg-rep-fc91f0,2026-07-22T14:50:13.766156Z,0.6457629968473755,unvalidated,Cycle 8,run_sub_ed8b84c8d4,c10-base-550499,campaign_baseline,medium,notes specify base=baseline,-0.004683141522917933,0.75,,,https://labless.dev/runs/run_sub_2ea2d57a22
run_sub_363b213215,c8-stain-jitt-cf9fce,2026-07-21T23:31:27.242962Z,0.6455833128062961,unvalidated,Cycle 8,run_sub_ed8b84c8d4,c10-base-550499,campaign_baseline,medium,notes specify base=baseline,-0.004862825563997308,0.5,,,https://labless.dev/runs/run_sub_363b213215
run_sub_81960566bc,c8-aug-staina-0d9d3a,2026-08-09T17:19:39.909656Z,0.6449428204952841,unvalidated,Cycle 8,run_sub_ed8b84c8d4,c10-base-550499,campaign_baseline,medium,notes specify base=baseline,-0.00550331787500935,0.5,,,https://labless.dev/runs/run_sub_81960566bc
run_sub_63e391c37c,c10-md-local-089dfe,2026-08-09T17:21:00.152003Z,0.6531686983604783,unvalidated,Cycle 10,run_sub_ed8b84c8d4,c10-base-550499,campaign_baseline,medium,notes specify base=baseline,0.002722559990184892,1.0,,,https://labless.dev/runs/run_sub_63e391c37c
run_sub_2d4ce9b793,c10-p-av-bala-1b2472,2026-08-09T17:22:05.468963Z,0.6543651094713088,unvalidated,Cycle 10,run_sub_ed8b84c8d4,c10-base-550499,campaign_baseline,medium,notes specify base=baseline,0.003918971101015356,0.75,,,https://labless.dev/runs/run_sub_2d4ce9b793
run_sub_bbf7189bce,c8-train-p-ba-71834a,2026-07-23T03:17:45.661946Z,0.64419284503427,unvalidated,Cycle 8,run_sub_ed8b84c8d4,c10-base-550499,campaign_baseline,medium,notes specify base=baseline,-0.006253293336023424,0.75,,,https://labless.dev/runs/run_sub_bbf7189bce
run_sub_441ebfd4b9,c8-train-p-md-71427b,2026-08-09T17:23:42.520647Z,0.6438447696858318,unvalidated,Cycle 8,run_sub_ed8b84c8d4,c10-base-550499,campaign_baseline,medium,notes specify base=baseline,-0.006601368684461595,0.5,,,https://labless.dev/runs/run_sub_441ebfd4b9
run_sub_d19092d0a7,c8-stain-aug-b1e482,2026-08-09T17:24:47.056286Z,0.643527462805687,unvalidated,Cycle 8,run_sub_ed8b84c8d4,c10-base-550499,campaign_baseline,medium,notes specify base=baseline,-0.006918675564606458,0.5,,,https://labless.dev/runs/run_sub_d19092d0a7
run_sub_692ea8a6d2,c8-model-scal-61708b,2026-07-23T07:52:31.748894Z,0.6434663861270135,unvalidated,Cycle 8,run_sub_ed8b84c8d4,c10-base-550499,campaign_baseline,medium,notes specify base=baseline,-0.0069797522432799575,0.75,,,https://labless.dev/runs/run_sub_692ea8a6d2
run_sub_17922e0675,c8-stain-aug-8ddef6,2026-08-09T17:26:42.177245Z,0.6428879114923197,unvalidated,Cycle 8,run_sub_ed8b84c8d4,c10-base-550499,campaign_baseline,medium,notes specify base=baseline,-0.007558226877973695,0.5,,,https://labless.dev/runs/run_sub_17922e0675
run_sub_ded30e1e46,c8-stain-jitt-8b0915,2026-07-21T21:41:59.884899Z,0.6411896766584889,unvalidated,Cycle 8,run_sub_ed8b84c8d4,c10-base-550499,campaign_baseline,medium,notes specify base=baseline,-0.009256461711804498,0.5,,,https://labless.dev/runs/run_sub_ded30e1e46
run_sub_a9fb17d4fd,c8-train-p-mu-f6c0b8,2026-07-21T22:41:25.644441Z,0.6387375347201093,unvalidated,Cycle 8,run_sub_ed8b84c8d4,c10-base-550499,campaign_baseline,medium,notes specify base=baseline,-0.011708603650184113,0.75,,,https://labless.dev/runs/run_sub_a9fb17d4fd
run_sub_d81f09b27b,c8-train-p-si-c37d26,2026-07-27T18:43:44.211569Z,0.6559616337880874,unvalidated,Cycle 8,run_sub_70c47eb534,c7-base-882147,named_base,high,notes specify base=c7-base-882147-rebuild,0.0028740577778584298,0.5,,,https://labless.dev/runs/run_sub_d81f09b27b
run_sub_ef04c57108,c8-train-p-gl-718acd,2026-07-26T13:52:53.179619Z,0.65574543904372,unvalidated,Cycle 8,run_sub_70c47eb534,c7-base-882147,named_base,high,notes specify base=c7-base-882147-rebuild,0.002657863033491026,0.5,,,https://labless.dev/runs/run_sub_ef04c57108
run_sub_220039688f,c8-loss-focal-ec61e5,2026-07-27T18:54:25.244139Z,0.6556260032962817,unvalidated,Cycle 8,run_sub_70c47eb534,c7-base-882147,named_base,high,notes specify base=c7-base-882147-rebuild,0.0025384272860528023,0.75,,,https://labless.dev/runs/run_sub_220039688f
run_sub_9b27666bf5,c8-localcrop-97f6fb,2026-07-25T09:02:14.601678Z,0.6555826522800393,unvalidated,Cycle 8,run_sub_70c47eb534,c7-base-882147,named_base,high,notes specify base=c7-base-882147-rebuild,0.0024950762698103812,0.5,,,https://labless.dev/runs/run_sub_9b27666bf5
run_sub_d3053cc964,c8-jepa-block-10b759,2026-07-21T16:20:50.281900Z,0.6553816026152981,unvalidated,Cycle 8,run_sub_70c47eb534,c7-base-882147,named_base,high,notes specify base=c7-base-882147-rebuild,0.002294026605069166,0.75,,,https://labless.dev/runs/run_sub_d3053cc964
run_sub_43931b473b,c8-sizemix-co-3e9287,2026-07-28T01:29:17.279705Z,0.6550511178633894,unvalidated,Cycle 8,run_sub_70c47eb534,c7-base-882147,named_base,high,notes specify base=c7-base-882147-rebuild,0.0019635418531605,0.5,,,https://labless.dev/runs/run_sub_43931b473b
run_sub_076969ca31,c8-train-p-fo-e07042,2026-07-27T20:29:48.049490Z,0.6549689361692993,unvalidated,Cycle 8,run_sub_70c47eb534,c7-base-882147,named_base,high,notes specify base=c7-base-882147-rebuild,0.0018813601590703666,0.75,,,https://labless.dev/runs/run_sub_076969ca31
run_sub_a981a96121,c8-schedule-t-21011f,2026-07-26T23:20:52.241024Z,0.6549068830948096,unvalidated,Cycle 8,run_sub_70c47eb534,c7-base-882147,named_base,high,notes specify base=c7-base-882147-rebuild,0.001819307084580668,0.75,,,https://labless.dev/runs/run_sub_a981a96121
run_sub_38f3f68846,c8-train-p-av-b213cd,2026-07-29T06:25:52.099745Z,0.6548543686889045,unvalidated,Cycle 8,run_sub_70c47eb534,c7-base-882147,named_base,high,notes specify base=c7-base-882147-rebuild,0.0017667926786755217,0.75,,,https://labless.dev/runs/run_sub_38f3f68846
run_sub_1ae27b20fe,c6-pcgrad-com-0ff897,2026-08-09T17:37:53.136780Z,0.6548028288761073,unvalidated,Cycle 6,run_sub_a464be887b,c6-base-882147,named_base,high,notes specify base=c6-base-882147,0.001394132742652765,0.75,,,https://labless.dev/runs/run_sub_1ae27b20fe
run_sub_b6814f52e1,c8-genediv-cu-91e6dc,2026-07-29T09:56:59.374707Z,0.6546133853240121,unvalidated,Cycle 8,run_sub_70c47eb534,c7-base-882147,named_base,high,notes specify base=c7-base-882147-rebuild,0.0015258093137832107,0.75,,,https://labless.dev/runs/run_sub_b6814f52e1
run_sub_82c168b6ec,c8-train-p-av-74fed5,2026-07-28T01:08:34.862709Z,0.6545381828389842,unvalidated,Cycle 8,run_sub_70c47eb534,c7-base-882147,named_base,high,notes specify base=c7-base-882147-rebuild,0.0014506068287553076,0.75,,,https://labless.dev/runs/run_sub_82c168b6ec
run_sub_ffee99f3e1,c8-anticollap-aaf7db,2026-07-28T05:16:44.400230Z,0.6545025930037783,unvalidated,Cycle 8,run_sub_70c47eb534,c7-base-882147,named_base,high,notes specify base=c7-base-882147-rebuild,0.0014150169935494006,0.75,,,https://labless.dev/runs/run_sub_ffee99f3e1
run_sub_17e8790d0f,c6-train-d03-t4,2026-08-09T17:40:44.635361Z,0.6544668582644313,unvalidated,Cycle 6,run_sub_a464be887b,c6-base-882147,named_base,high,notes specify base=c6-base-882147,0.0010581621309767586,1.0,,,https://labless.dev/runs/run_sub_17e8790d0f
run_sub_48caa95148,c8-capi-ibot-18b55a,2026-07-26T13:45:33.883259Z,0.6544506208593132,unvalidated,Cycle 8,run_sub_70c47eb534,c7-base-882147,named_base,high,notes specify base=c7-base-882147-rebuild,0.0013630448490842273,0.75,,,https://labless.dev/runs/run_sub_48caa95148
run_sub_9ac62f4f23,c8-avoid-aug-642e5e,2026-07-21T15:59:53.769269Z,0.6544164769855232,unvalidated,Cycle 8,run_sub_70c47eb534,c7-base-882147,named_base,high,notes specify base=c7-base-882147-rebuild,0.001328900975294256,0.5,,,https://labless.dev/runs/run_sub_9ac62f4f23
run_sub_afa2eb2380,c8-train-p-ca-8218b5,2026-07-26T06:18:27.240302Z,0.6544025292909124,unvalidated,Cycle 8,run_sub_70c47eb534,c7-base-882147,named_base,high,notes specify base=c7-base-882147-rebuild,0.0013149532806834285,0.75,,,https://labless.dev/runs/run_sub_afa2eb2380
run_sub_d630694d78,c8-capi-ibot-e65561,2026-07-26T13:45:09.394192Z,0.6543731217353016,unvalidated,Cycle 8,run_sub_70c47eb534,c7-base-882147,named_base,high,notes specify base=c7-base-882147-rebuild,0.0012855457250726676,0.75,,,https://labless.dev/runs/run_sub_d630694d78
run_sub_7419867513,c8-train-p-lo-5fab2b,2026-07-25T00:01:15.300792Z,0.654362583164219,unvalidated,Cycle 8,run_sub_70c47eb534,c7-base-882147,named_base,high,notes specify base=c7-base-882147-rebuild,0.0012750071539900931,0.5,,,https://labless.dev/runs/run_sub_7419867513
run_sub_1237a2dc67,c8-localcrop-74b6c2,2026-07-25T01:40:49.599330Z,0.6542805950996643,unvalidated,Cycle 8,run_sub_70c47eb534,c7-base-882147,named_base,high,notes specify base=c7-base-882147-rebuild,0.0011930190894353654,0.5,,,https://labless.dev/runs/run_sub_1237a2dc67
run_sub_4e4783e541,c8-train-p-av-793174,2026-07-26T12:17:32.401119Z,0.6542305894101643,unvalidated,Cycle 8,run_sub_70c47eb534,c7-base-882147,named_base,high,notes specify base=c7-base-882147-rebuild,0.0011430133999353886,0.75,,,https://labless.dev/runs/run_sub_4e4783e541
run_sub_e4a3d1a793,c8-capi-ibot-71150f,2026-07-26T09:18:24.698487Z,0.6541554255834153,unvalidated,Cycle 8,run_sub_70c47eb534,c7-base-882147,named_base,high,notes specify base=c7-base-882147-rebuild,0.0010678495731863968,0.75,,,https://labless.dev/runs/run_sub_e4a3d1a793
run_sub_247a99c128,c8-train-p-lo-aeb8de,2026-07-25T04:39:58.363962Z,0.654110587588693,unvalidated,Cycle 8,run_sub_70c47eb534,c7-base-882147,named_base,high,notes specify base=c7-base-882147-rebuild,0.0010230115784640725,0.5,,,https://labless.dev/runs/run_sub_247a99c128
run_sub_aa212d5dc6,c8-masking-st-51be6f,2026-07-25T03:07:43.476741Z,0.6540617193395515,unvalidated,Cycle 8,run_sub_70c47eb534,c7-base-882147,named_base,high,notes specify base=c7-base-882147-rebuild,0.0009741433293225521,0.75,,,https://labless.dev/runs/run_sub_aa212d5dc6
run_sub_52f805d4d6,c8-train-p-av-51cd8d,2026-07-29T09:29:14.737575Z,0.6539962855077676,unvalidated,Cycle 8,run_sub_70c47eb534,c7-base-882147,named_base,high,notes specify base=c7-base-882147-rebuild,0.000908709497538629,0.75,,,https://labless.dev/runs/run_sub_52f805d4d6
run_sub_f8880b973d,c8-data-hed-j-a372d0,2026-07-21T16:03:51.752856Z,0.653989753711143,unvalidated,Cycle 8,run_sub_70c47eb534,c7-base-882147,named_base,high,notes specify base=c7-base-882147-rebuild,0.000902177700914053,0.5,,,https://labless.dev/runs/run_sub_f8880b973d
run_sub_8c0d2b6b0e,c8-train-p-av-20b1d6,2026-07-23T12:36:25.989464Z,0.6539882222563674,unvalidated,Cycle 8,run_sub_70c47eb534,c7-base-882147,named_base,high,notes specify base=c7-base-882147-rebuild,0.0009006462461385034,0.75,,,https://labless.dev/runs/run_sub_8c0d2b6b0e
run_sub_aa05209592,c7-train-p-je-eec679,2026-07-16T00:40:33.218772Z,0.6539205020662647,unvalidated,Cycle 7,run_sub_70c47eb534,c7-base-882147,named_base,high,notes specify base=c7-base-882147,0.0008329260560357987,1.0,,,https://labless.dev/runs/run_sub_aa05209592
run_sub_acdb0098a3,c7-train-p-je-7f537c,2026-07-16T00:41:33.245061Z,0.6538778502775688,unvalidated,Cycle 7,run_sub_70c47eb534,c7-base-882147,named_base,high,notes specify base=c7-base-882147,0.0007902742673399077,1.0,,,https://labless.dev/runs/run_sub_acdb0098a3
run_sub_17867c6ed2,c8-train-p-c8-483627,2026-07-25T12:50:53.339972Z,0.6538614926863446,unvalidated,Cycle 8,run_sub_70c47eb534,c7-base-882147,named_base,high,notes specify base=c7-base-882147-rebuild,0.0007739166761157046,0.5,,,https://labless.dev/runs/run_sub_17867c6ed2
run_sub_b560648730,c7-capi-clust-9c2b39,2026-07-16T00:45:33.360650Z,0.6538423988975562,unvalidated,Cycle 7,run_sub_70c47eb534,c7-base-882147,named_base,high,notes specify base=c7-base-882147,0.0007548228873273111,0.75,,,https://labless.dev/runs/run_sub_b560648730
run_sub_023a3497fa,c8-avoid-conf-4b9a8e,2026-07-28T08:50:43.050551Z,0.653746949730602,unvalidated,Cycle 8,run_sub_70c47eb534,c7-base-882147,named_base,high,notes specify base=c7-base-882147-rebuild,0.0006593737203730576,0.75,,,https://labless.dev/runs/run_sub_023a3497fa
run_sub_734764df99,c8-train-p-av-d45928,2026-07-26T13:45:23.111095Z,0.6537154115283539,unvalidated,Cycle 8,run_sub_70c47eb534,c7-base-882147,named_base,high,notes specify base=c7-base-882147-rebuild,0.0006278355181249529,0.75,,,https://labless.dev/runs/run_sub_734764df99
run_sub_b83ac77058,c8-anticollap-4eecf7,2026-07-28T03:06:52.503646Z,0.6537152503770206,unvalidated,Cycle 8,run_sub_70c47eb534,c7-base-882147,named_base,high,notes specify base=c7-base-882147-rebuild,0.0006276743667916751,0.75,,,https://labless.dev/runs/run_sub_b83ac77058
run_sub_86f84a00ed,c8-schedule-s-b01163,2026-07-26T10:50:36.434386Z,0.653709670180958,unvalidated,Cycle 8,run_sub_70c47eb534,c7-base-882147,named_base,high,notes specify base=c7-base-882147-rebuild,0.000622094170729115,0.75,,,https://labless.dev/runs/run_sub_86f84a00ed
run_sub_6fa4a5ef07,c8-lit-highfr-0bb565,2026-07-27T19:12:28.822609Z,0.6537013542797732,unvalidated,Cycle 8,run_sub_70c47eb534,c7-base-882147,named_base,high,notes specify base=c7-base-882147-rebuild,0.0006137782695442295,0.75,,,https://labless.dev/runs/run_sub_6fa4a5ef07
run_sub_c4e009ab44,c8-genediv-sh-89e4fe,2026-07-29T13:12:20.349485Z,0.6537005614229383,unvalidated,Cycle 8,run_sub_70c47eb534,c7-base-882147,named_base,high,notes specify base=c7-base-882147-rebuild,0.000612985412709377,0.75,,,https://labless.dev/runs/run_sub_c4e009ab44
run_sub_30e1b0bbab,c8-train-p-au-46bf5a,2026-07-26T10:48:15.156836Z,0.6536973165472435,unvalidated,Cycle 8,run_sub_70c47eb534,c7-base-882147,named_base,high,notes specify base=c7-base-882147-rebuild,0.0006097405370145692,0.5,,,https://labless.dev/runs/run_sub_30e1b0bbab
run_sub_4e55f683b2,c8-train-p-lo-2d38a8,2026-07-24T20:48:02.673015Z,0.6536639167269198,unvalidated,Cycle 8,run_sub_70c47eb534,c7-base-882147,named_base,high,notes specify base=c7-base-882147-rebuild,0.0005763407166908818,0.5,,,https://labless.dev/runs/run_sub_4e55f683b2
run_sub_0ba3040d80,c7-outpaintin-563f25,2026-08-10T17:31:44.221825Z,0.6536629479794053,unvalidated,Cycle 7,run_sub_70c47eb534,c7-base-882147,named_base,high,notes specify base=c7-base-882147,0.0005753719691763415,0.75,,,https://labless.dev/runs/run_sub_0ba3040d80
run_sub_43b9bd598d,c8-train-p-lo-6dd8af,2026-07-25T21:00:23.815165Z,0.6536161248599428,unvalidated,Cycle 8,run_sub_70c47eb534,c7-base-882147,named_base,high,notes specify base=c7-base-882147-rebuild,0.0005285488497138724,0.5,,,https://labless.dev/runs/run_sub_43b9bd598d
run_sub_b00245f5c4,c6-train-d02-8b7e9e,2026-08-10T17:35:39.554876Z,0.6535634612435183,unvalidated,Cycle 6,run_sub_a464be887b,c6-base-882147,named_base,high,notes specify base=c6-base-882147,0.00015476511006373705,1.0,,,https://labless.dev/runs/run_sub_b00245f5c4
run_sub_7c4f1c597b,c8-train-p-av-ae4dbe,2026-07-27T11:11:45.606627Z,0.6535478211903878,unvalidated,Cycle 8,run_sub_70c47eb534,c7-base-882147,named_base,high,notes specify base=c7-base-882147-rebuild,0.00046024518015885807,0.75,,,https://labless.dev/runs/run_sub_7c4f1c597b
run_sub_ffdcf32688,c8-train-p-lo-0dd13c,2026-07-24T11:22:04.008314Z,0.6535331040881511,unvalidated,Cycle 8,run_sub_70c47eb534,c7-base-882147,named_base,high,notes specify base=c7-base-882147-rebuild,0.00044552807792219706,0.5,,,https://labless.dev/runs/run_sub_ffdcf32688
run_sub_312b130a84,c8-train-p-si-ff91c3,2026-07-27T20:28:25.967689Z,0.6534748317507751,unvalidated,Cycle 8,run_sub_70c47eb534,c7-base-882147,named_base,high,notes specify base=c7-base-882147-rebuild,0.0003872557405462107,0.5,,,https://labless.dev/runs/run_sub_312b130a84
run_sub_a25bcc2e9f,c8-train-p-av-f0313f,2026-07-27T06:24:55.605395Z,0.6534537336824482,unvalidated,Cycle 8,run_sub_70c47eb534,c7-base-882147,named_base,high,notes specify base=c7-base-882147-rebuild,0.0003661576722192583,0.75,,,https://labless.dev/runs/run_sub_a25bcc2e9f
run_sub_a48cb134c2,c10-train-p-c-934453,2026-08-10T17:49:29.846847Z,0.6328529336416896,unvalidated,Cycle 10,run_sub_ed8b84c8d4,c10-base-550499,campaign_baseline,medium,notes specify base=baseline,-0.017593204728603817,0.75,,,https://labless.dev/runs/run_sub_a48cb134c2
run_sub_77b2f82130,c8-train-p-av-2a6039,2026-07-26T03:12:57.969709Z,0.6534392279413693,unvalidated,Cycle 8,run_sub_70c47eb534,c7-base-882147,named_base,high,notes specify base=c7-base-882147-rebuild,0.0003516519311403954,0.75,,,https://labless.dev/runs/run_sub_77b2f82130
run_sub_2f93e98e20,c8-train-p-av-994636,2026-07-29T01:48:00.548000Z,0.6534186941204694,unvalidated,Cycle 8,run_sub_70c47eb534,c7-base-882147,named_base,high,notes specify base=c7-base-882147-rebuild,0.000331118110240447,0.75,,,https://labless.dev/runs/run_sub_2f93e98e20
run_sub_acaa5e274b,c8-train-p-av-688cd2,2026-07-26T09:15:28.519496Z,0.653407179619911,unvalidated,Cycle 8,run_sub_70c47eb534,c7-base-882147,named_base,high,notes specify base=c7-base-882147-rebuild,0.00031960360968208423,0.75,,,https://labless.dev/runs/run_sub_acaa5e274b
run_sub_2deed59d67,c8-train-p-si-7174f1,2026-07-28T05:24:12.641886Z,0.6534057424582126,unvalidated,Cycle 8,run_sub_70c47eb534,c7-base-882147,named_base,high,notes specify base=c7-base-882147-rebuild,0.0003181664479836588,0.5,,,https://labless.dev/runs/run_sub_2deed59d67
run_sub_595d9c03eb,c10-sdhl-self-90e9eb,2026-08-10T18:08:05.128094Z,0.6464322139398203,unvalidated,Cycle 10,run_sub_ed8b84c8d4,c10-base-550499,campaign_baseline,medium,notes specify base=baseline,-0.004013924430473104,0.5,,,https://labless.dev/runs/run_sub_595d9c03eb
run_sub_71b5ac5bee,c10-p-lawa-wi-f39355,2026-08-10T18:11:18.519348Z,0.650428079509856,unvalidated,Cycle 10,run_sub_ed8b84c8d4,c10-base-550499,campaign_baseline,medium,notes specify base=baseline,-1.805886043737548e-05,0.75,,,https://labless.dev/runs/run_sub_71b5ac5bee
run_sub_105348484b,c10-p-av-loss-7da217,2026-08-10T19:02:51.129707Z,0.646700073414273,unvalidated,Cycle 10,run_sub_ed8b84c8d4,c10-base-550499,campaign_baseline,medium,notes specify base=baseline,-0.0037460649560203674,0.75,,,https://labless.dev/runs/run_sub_105348484b
run_sub_52eee0442a,c10-gram-anch-511f3d,2026-08-10T19:03:06.074711Z,0.6477347861432617,unvalidated,Cycle 10,run_sub_ed8b84c8d4,c10-base-550499,campaign_baseline,medium,notes specify base=baseline,-0.0027113522270316714,0.75,,,https://labless.dev/runs/run_sub_52eee0442a
run_sub_865fd4fe82,c10-sampling-396762,2026-08-10T19:03:31.811187Z,0.6496716045727028,unvalidated,Cycle 10,run_sub_ed8b84c8d4,c10-base-550499,campaign_baseline,medium,notes specify base=baseline,-0.0007745337975906263,0.75,,,https://labless.dev/runs/run_sub_865fd4fe82
run_sub_d334f5b46b,c10-p-teacher-c813b6,2026-08-10T19:41:11.115662Z,0.6484546392335903,unvalidated,Cycle 10,run_sub_ed8b84c8d4,c10-base-550499,campaign_baseline,medium,notes specify base=baseline,-0.0019914991367031565,0.5,,,https://labless.dev/runs/run_sub_d334f5b46b
run_sub_e024014dbd,c10-train-tea-a4774c,2026-08-10T19:41:14.184789Z,0.6494650632048837,unvalidated,Cycle 10,run_sub_ed8b84c8d4,c10-base-550499,campaign_baseline,medium,notes specify base=baseline,-0.0009810751654096839,0.75,,,https://labless.dev/runs/run_sub_e024014dbd
run_sub_5735c3bad8,c10-p-av-bala-7c6e4e,2026-08-10T20:03:00.635794Z,0.6441135870048178,unvalidated,Cycle 10,run_sub_ed8b84c8d4,c10-base-550499,campaign_baseline,medium,notes specify base=baseline,-0.006332551365475614,0.75,,,https://labless.dev/runs/run_sub_5735c3bad8
run_sub_1a8d4b6144,c10-train-p-a-1f4efa,2026-08-10T20:06:31.359647Z,0.6456946912425452,unvalidated,Cycle 10,run_sub_ed8b84c8d4,c10-base-550499,campaign_baseline,medium,notes specify base=baseline,-0.004751447127748221,0.75,,,https://labless.dev/runs/run_sub_1a8d4b6144
run_sub_fe8f7c3e82,c10-gram-anch-a82c1d,2026-08-10T20:23:54.816615Z,0.6494050737274563,unvalidated,Cycle 10,run_sub_ed8b84c8d4,c10-base-550499,campaign_baseline,medium,notes specify base=baseline,-0.0010410646428371528,0.75,,,https://labless.dev/runs/run_sub_fe8f7c3e82
run_sub_405c0483fe,c10-p-l8pcgra-8b31b2,2026-08-10T20:56:03.822950Z,0.6527917144678443,unvalidated,Cycle 10,run_sub_ed8b84c8d4,c10-base-550499,campaign_baseline,medium,notes specify base=baseline,0.0023455760975509277,0.5,,,https://labless.dev/runs/run_sub_405c0483fe
run_sub_8a129db9e4,c10-train-p-a-7ea6a7,2026-08-10T21:01:10.935189Z,0.6422647372178425,unvalidated,Cycle 10,run_sub_ed8b84c8d4,c10-base-550499,campaign_baseline,medium,notes specify base=baseline,-0.008181401152450918,0.5,,,https://labless.dev/runs/run_sub_8a129db9e4
run_sub_7889eea7b1,c10-p-dense-c-6e262f,2026-08-10T21:31:05.135466Z,0.6431988372821933,unvalidated,Cycle 10,run_sub_ed8b84c8d4,c10-base-550499,campaign_baseline,medium,notes specify base=baseline,-0.007247301088100122,0.5,,,https://labless.dev/runs/run_sub_7889eea7b1
run_sub_04c52c67f9,c10-loss-mask-3d7dd5,2026-08-10T21:31:29.035351Z,0.6489601410142574,unvalidated,Cycle 10,run_sub_ed8b84c8d4,c10-base-550499,campaign_baseline,medium,notes specify base=baseline,-0.0014859973560360507,0.75,,,https://labless.dev/runs/run_sub_04c52c67f9
run_sub_8d97336b37,c10-sampling-c54b3f,2026-08-10T22:56:15.048368Z,0.6495147283973326,unvalidated,Cycle 10,run_sub_ed8b84c8d4,c10-base-550499,campaign_baseline,medium,notes specify base=baseline,-0.0009314099729608172,0.75,,,https://labless.dev/runs/run_sub_8d97336b37
run_sub_8626266434,c10-usernorm-8ab7b2,2026-08-11T01:47:51.997029Z,0.6461223096576257,unvalidated,Cycle 10,run_sub_ed8b84c8d4,c10-base-550499,campaign_baseline,medium,notes specify base=baseline,-0.004323828712667677,0.75,,,https://labless.dev/runs/run_sub_8626266434
run_sub_5526ddfc01,c10-p-lawa-wi-ea9839,2026-08-11T01:48:16.019512Z,0.6504143779096617,unvalidated,Cycle 10,run_sub_ed8b84c8d4,c10-base-550499,campaign_baseline,medium,notes specify base=baseline,-3.1760460631691245e-05,0.75,,,https://labless.dev/runs/run_sub_5526ddfc01
run_sub_bbdb1603d3,c10-p-teacher-df242f,2026-08-11T01:50:47.877290Z,0.6495936622059673,unvalidated,Cycle 10,run_sub_ed8b84c8d4,c10-base-550499,campaign_baseline,medium,notes specify base=baseline,-0.0008524761643261547,0.5,,,https://labless.dev/runs/run_sub_bbdb1603d3
run_sub_89fed3cc1d,c10-md-local-071fbd,2026-08-11T03:10:03.286900Z,0.651614458515144,unvalidated,Cycle 10,run_sub_ed8b84c8d4,c10-base-550499,campaign_baseline,medium,notes specify base=baseline,0.0011683201448505764,1.0,,,https://labless.dev/runs/run_sub_89fed3cc1d
run_sub_5bd0eaa5bb,c10-train-p-g-83ee61,2026-08-11T03:10:33.625505Z,0.6512714748741882,unvalidated,Cycle 10,run_sub_ed8b84c8d4,c10-base-550499,campaign_baseline,medium,notes specify base=baseline,0.0008253365038948246,0.75,,,https://labless.dev/runs/run_sub_5bd0eaa5bb
run_sub_19f9369088,c10-train-p-l-3044e9,2026-08-11T03:10:37.003159Z,0.6489313942187693,unvalidated,Cycle 10,run_sub_ed8b84c8d4,c10-base-550499,campaign_baseline,medium,notes specify base=baseline,-0.0015147441515240834,0.5,,,https://labless.dev/runs/run_sub_19f9369088
run_sub_b5b87020c9,c10-gram-anch-4a26b4,2026-08-11T05:30:21.148708Z,0.6478586866949633,unvalidated,Cycle 10,run_sub_ed8b84c8d4,c10-base-550499,campaign_baseline,medium,notes specify base=baseline,-0.0025874516753301435,0.75,,,https://labless.dev/runs/run_sub_b5b87020c9
run_sub_50ab5cf5e0,c10-md-miner-1ae2f7,2026-08-11T05:32:49.272616Z,0.648061519866819,unvalidated,Cycle 10,run_sub_ed8b84c8d4,c10-base-550499,campaign_baseline,medium,notes specify base=baseline,-0.0023846185034743783,0.75,,,https://labless.dev/runs/run_sub_50ab5cf5e0
run_sub_c7ab7574e9,c10-gram-anch-bf0e3d,2026-08-11T08:22:36.169407Z,0.6478995681278913,unvalidated,Cycle 10,run_sub_ed8b84c8d4,c10-base-550499,campaign_baseline,medium,notes specify base=baseline,-0.002546570242402124,0.75,,,https://labless.dev/runs/run_sub_c7ab7574e9
run_sub_0002e0a05f,c10-p-attn-gu-0723f9,2026-08-11T09:55:29.797819Z,0.6490903285337012,unvalidated,Cycle 10,run_sub_ed8b84c8d4,c10-base-550499,campaign_baseline,medium,notes specify base=baseline,-0.0013558098365922255,0.5,,,https://labless.dev/runs/run_sub_0002e0a05f
run_sub_73c671a253,c10-train-p-g-579d38,2026-08-11T09:57:56.567706Z,0.6512058682106042,unvalidated,Cycle 10,run_sub_ed8b84c8d4,c10-base-550499,campaign_baseline,medium,notes specify base=baseline,0.0007597298403108077,0.75,,,https://labless.dev/runs/run_sub_73c671a253
run_sub_2ec24f31c2,c10-md-miner-999843,2026-08-11T10:02:43.870911Z,0.6522318797471561,unvalidated,Cycle 10,run_sub_ed8b84c8d4,c10-base-550499,campaign_baseline,medium,notes specify base=baseline,0.001785741376862715,1.0,,,https://labless.dev/runs/run_sub_2ec24f31c2
run_sub_520f8aa36e,c10-p-tissue-e93f05,2026-08-11T10:22:45.987484Z,0.6470747241983571,unvalidated,Cycle 10,run_sub_ed8b84c8d4,c10-base-550499,campaign_baseline,medium,notes specify base=baseline,-0.0033714141719363155,0.5,,,https://labless.dev/runs/run_sub_520f8aa36e
run_sub_6f16a4b814,c10-loss-mask-853dd1,2026-08-11T10:27:16.996221Z,0.6493642096295896,unvalidated,Cycle 10,run_sub_ed8b84c8d4,c10-base-550499,campaign_baseline,medium,notes specify base=baseline,-0.0010819287407037859,0.75,,,https://labless.dev/runs/run_sub_6f16a4b814
run_sub_3ac31c835c,c10-p-lawa-sl-f20bbc,2026-08-11T10:27:22.125863Z,0.6500856654107309,unvalidated,Cycle 10,run_sub_ed8b84c8d4,c10-base-550499,campaign_baseline,medium,notes specify base=baseline,-0.0003604729595625411,0.75,,,https://labless.dev/runs/run_sub_3ac31c835c
run_sub_23b3742ee8,c10-genbio-rg-f5d6f5,2026-08-11T10:27:28.008319Z,0.5372509165734237,unvalidated,Cycle 10,run_sub_ed8b84c8d4,c10-base-550499,campaign_baseline,medium,notes specify base=baseline,-0.1131952217968697,0.5,,,https://labless.dev/runs/run_sub_23b3742ee8
run_sub_f9104966f9,c10-train-p-s-84babf,2026-08-11T11:17:06.498052Z,0.6462599336583903,unvalidated,Cycle 10,run_sub_ed8b84c8d4,c10-base-550499,campaign_baseline,medium,notes specify base=baseline,-0.004186204711903119,0.75,,,https://labless.dev/runs/run_sub_f9104966f9
run_sub_f23b4c1dff,c10-train-p-c-36f555,2026-08-11T11:19:26.298915Z,0.651589627734578,unvalidated,Cycle 10,run_sub_ed8b84c8d4,c10-base-550499,campaign_baseline,medium,notes specify base=baseline,0.0011434893642845445,0.75,,,https://labless.dev/runs/run_sub_f23b4c1dff
run_sub_abfabc772a,c10-train-p-d-f67433,2026-08-11T11:28:56.276916Z,0.620574615862489,unvalidated,Cycle 10,run_sub_ed8b84c8d4,c10-base-550499,campaign_baseline,medium,notes specify base=baseline,-0.02987152250780445,0.75,,,https://labless.dev/runs/run_sub_abfabc772a
run_sub_a494815037,c10-sdhl-hidd-0e0145,2026-08-11T11:36:43.161979Z,0.6415749041716365,unvalidated,Cycle 10,run_sub_ed8b84c8d4,c10-base-550499,campaign_baseline,medium,notes specify base=baseline,-0.008871234198656874,0.5,,,https://labless.dev/runs/run_sub_a494815037
run_sub_3fd0593a3c,c10-pcgrad-gl-01d481,2026-08-11T11:48:44.019177Z,0.6460412001802744,unvalidated,Cycle 10,run_sub_ed8b84c8d4,c10-base-550499,campaign_baseline,medium,notes specify base=baseline,-0.00440493819001897,0.75,,,https://labless.dev/runs/run_sub_3fd0593a3c
run_sub_e2db672da5,c10-train-p-s-afb054,2026-08-11T11:52:58.953733Z,0.6503552656069204,unvalidated,Cycle 10,run_sub_ed8b84c8d4,c10-base-550499,campaign_baseline,medium,notes specify base=baseline,-9.087276337305106e-05,0.75,,,https://labless.dev/runs/run_sub_e2db672da5
run_sub_1efe6b2d73,c10-sampling-cf1c46,2026-08-11T12:45:39.317946Z,0.6454216217422674,unvalidated,Cycle 10,run_sub_ed8b84c8d4,c10-base-550499,campaign_baseline,medium,notes specify base=baseline,-0.0050245166280260545,0.5,,,https://labless.dev/runs/run_sub_1efe6b2d73
run_sub_20e18685c9,c10-p-tissue-9b8c9b,2026-08-11T12:56:13.090521Z,0.6478323304900863,unvalidated,Cycle 10,run_sub_ed8b84c8d4,c10-base-550499,campaign_baseline,medium,notes specify base=baseline,-0.002613807880207153,0.5,,,https://labless.dev/runs/run_sub_20e18685c9
run_sub_2e903c306b,c10-train-p-m-1fff84,2026-08-11T13:06:27.546057Z,0.6529085548577226,unvalidated,Cycle 10,run_sub_ed8b84c8d4,c10-base-550499,campaign_baseline,medium,notes specify base=baseline,0.0024624164874291754,0.5,,,https://labless.dev/runs/run_sub_2e903c306b
run_sub_135395342f,c10-l8pcgrad-42cd5f,2026-08-11T13:27:23.283681Z,0.6419802375458845,unvalidated,Cycle 10,run_sub_ed8b84c8d4,c10-base-550499,campaign_baseline,medium,notes specify base=baseline,-0.0084659008244089,0.5,,,https://labless.dev/runs/run_sub_135395342f
run_sub_bb7313faef,c10-p-combine-7c56bf,2026-08-11T13:52:26.088929Z,0.6493180698919366,unvalidated,Cycle 10,run_sub_ed8b84c8d4,c10-base-550499,campaign_baseline,medium,notes specify base=baseline,-0.0011280684783567807,0.75,,,https://labless.dev/runs/run_sub_bb7313faef
run_sub_e6df4c25fe,c10-loss-equi-d3bc20,2026-08-11T13:52:31.486307Z,0.6471922233383165,unvalidated,Cycle 10,run_sub_ed8b84c8d4,c10-base-550499,campaign_baseline,medium,notes specify base=baseline,-0.0032539150319769172,0.25,,,https://labless.dev/runs/run_sub_e6df4c25fe
run_sub_71dfe73202,c10-loss-rela-327bcb,2026-08-11T14:28:09.378178Z,0.6358946357683939,unvalidated,Cycle 10,run_sub_ed8b84c8d4,c10-base-550499,campaign_baseline,medium,notes specify base=baseline,-0.014551502601899524,0.75,,,https://labless.dev/runs/run_sub_71dfe73202
run_sub_513d891499,c10-p-l8pcgra-0689bf,2026-08-11T14:31:25.707081Z,0.6523193484785925,unvalidated,Cycle 10,run_sub_ed8b84c8d4,c10-base-550499,campaign_baseline,medium,notes specify base=baseline,0.001873210108299106,0.75,,,https://labless.dev/runs/run_sub_513d891499
run_sub_8113022d92,c10-sdhl-self-7bd4ab,2026-08-11T14:55:35.825967Z,0.6506844556856802,unvalidated,Cycle 10,run_sub_ed8b84c8d4,c10-base-550499,campaign_baseline,medium,notes specify base=baseline,0.00023831731538681566,0.5,,,https://labless.dev/runs/run_sub_8113022d92
run_sub_a49ae04754,c10-train-p-s-ea1f6a,2026-08-11T15:25:19.903219Z,0.6484871351562819,unvalidated,Cycle 10,run_sub_ed8b84c8d4,c10-base-550499,campaign_baseline,medium,notes specify base=baseline,-0.0019590032140115454,0.75,,,https://labless.dev/runs/run_sub_a49ae04754
run_sub_e48df5f6dd,c10-train-p-r-da1b06,2026-08-11T15:25:32.426852Z,0.6490222907298182,unvalidated,Cycle 10,run_sub_ed8b84c8d4,c10-base-550499,campaign_baseline,medium,notes specify base=baseline,-0.0014238476404752065,0.25,,,https://labless.dev/runs/run_sub_e48df5f6dd
run_sub_6955ffa597,c10-train-pcg-cd76cf,2026-08-11T15:31:50.198382Z,0.6424739262106864,unvalidated,Cycle 10,run_sub_ed8b84c8d4,c10-base-550499,campaign_baseline,medium,notes specify base=baseline,-0.007972212159606973,0.75,,,https://labless.dev/runs/run_sub_6955ffa597
run_sub_8ce35d1240,c8-avoid-anti-a9c41c,2026-07-21T15:57:00.785568Z,0.6533435337180034,unvalidated,Cycle 8,run_sub_70c47eb534,c7-base-882147,named_base,high,notes specify base=c7-base-882147-rebuild,0.0002559577077744235,0.75,,,https://labless.dev/runs/run_sub_8ce35d1240
run_sub_a1ca8c0803,c8-sizemix-wi-bcb0e3,2026-07-27T20:35:50.595671Z,0.6533429319588382,unvalidated,Cycle 8,run_sub_70c47eb534,c7-base-882147,named_base,high,notes specify base=c7-base-882147-rebuild,0.00025535594860925936,0.5,,,https://labless.dev/runs/run_sub_a1ca8c0803
run_sub_2c880e84fd,c8-anticollap-bd5c4e,2026-07-29T01:47:32.394359Z,0.6533093627192516,unvalidated,Cycle 8,run_sub_70c47eb534,c7-base-882147,named_base,high,notes specify base=c7-base-882147-rebuild,0.00022178670902262,0.75,,,https://labless.dev/runs/run_sub_2c880e84fd
run_sub_2bdc3c2f77,c8-train-p-ko-1909e5,2026-07-25T11:11:39.844976Z,0.6532801410277483,unvalidated,Cycle 8,run_sub_70c47eb534,c7-base-882147,named_base,high,notes specify base=c7-base-882147-rebuild,0.00019256501751940824,0.75,,,https://labless.dev/runs/run_sub_2bdc3c2f77
run_sub_b4501002ad,c8-train-p-gl-232adb,2026-07-26T15:14:36.632809Z,0.6532225831338404,unvalidated,Cycle 8,run_sub_70c47eb534,c7-base-882147,named_base,high,notes specify base=c7-base-882147-rebuild,0.0001350071236114747,0.5,,,https://labless.dev/runs/run_sub_b4501002ad
run_sub_ab31a30525,c8-train-p-pe-8b45dd,2026-07-28T03:02:02.983731Z,0.6532132070221355,unvalidated,Cycle 8,run_sub_70c47eb534,c7-base-882147,named_base,high,notes specify base=c7-base-882147-rebuild,0.00012563101190654624,0.75,,,https://labless.dev/runs/run_sub_ab31a30525
run_sub_d9859be257,c8-genediv-cu-c5fbfd,2026-07-29T11:37:28.777033Z,0.6531714410454473,unvalidated,Cycle 8,run_sub_70c47eb534,c7-base-882147,named_base,high,notes specify base=c7-base-882147-rebuild,8.386503521840005e-05,0.75,,,https://labless.dev/runs/run_sub_d9859be257
run_sub_73fb2241c1,c8-train-p-av-3cacff,2026-07-26T04:35:14.210179Z,0.6531378307470352,unvalidated,Cycle 8,run_sub_70c47eb534,c7-base-882147,named_base,high,notes specify base=c7-base-882147-rebuild,5.0254736806309985e-05,0.75,,,https://labless.dev/runs/run_sub_73fb2241c1
run_sub_3b6fbe5968,c8-meta-inpla-86cfe9,2026-07-26T22:03:55.977587Z,0.6530851173500001,unvalidated,Cycle 8,run_sub_70c47eb534,c7-base-882147,named_base,high,notes specify base=c7-base-882147-rebuild,-2.458660228854548e-06,0.75,,,https://labless.dev/runs/run_sub_3b6fbe5968
run_sub_65d57a2d43,c8-avoid-trai-a6c2cf,2026-07-24T19:10:46.498820Z,0.6530342738693321,unvalidated,Cycle 8,run_sub_70c47eb534,c7-base-882147,named_base,high,notes specify base=c7-base-882147-rebuild,-5.3302140896827055e-05,0.75,,,https://labless.dev/runs/run_sub_65d57a2d43
run_sub_3f928b6ba3,c8-anticollap-195367,2026-07-25T16:19:12.154374Z,0.6530341761374507,unvalidated,Cycle 8,run_sub_70c47eb534,c7-base-882147,named_base,high,notes specify base=c7-base-882147-rebuild,-5.339987277819258e-05,0.75,,,https://labless.dev/runs/run_sub_3f928b6ba3
run_sub_b34b7994cc,c8-dinov3-bas-3c70f7,2026-07-21T16:10:12.498040Z,0.6530285092971706,unvalidated,Cycle 8,run_sub_70c47eb534,c7-base-882147,named_base,high,notes specify base=c7-base-882147-rebuild,-5.906671305833111e-05,0.75,,,https://labless.dev/runs/run_sub_b34b7994cc
run_sub_059a07b646,c8-train-p-lo-80f63b,2026-07-25T17:47:09.629372Z,0.6530095720688577,unvalidated,Cycle 8,run_sub_70c47eb534,c7-base-882147,named_base,high,notes specify base=c7-base-882147-rebuild,-7.800394137125188e-05,0.5,,,https://labless.dev/runs/run_sub_059a07b646
run_sub_a32606ff27,c6-train-d07-6afb10,2026-08-11T17:16:07.511983Z,0.6529711922459557,unvalidated,Cycle 6,run_sub_a464be887b,c6-base-882147,named_base,high,notes specify base=c6-base-882147,-0.00043750388749885794,1.0,,,https://labless.dev/runs/run_sub_a32606ff27
run_sub_a344bfa3a2,c6-train-d06-d81f3d,2026-08-11T17:18:38.590765Z,0.6529589677580677,unvalidated,Cycle 6,run_sub_a464be887b,c6-base-882147,named_base,high,notes specify base=c6-base-882147,-0.0004497283753868153,1.0,,,https://labless.dev/runs/run_sub_a344bfa3a2
run_sub_ad7b7609a9,c8-anticollap-6fe1ec,2026-07-23T06:01:14.518010Z,0.6529576699442691,unvalidated,Cycle 8,run_sub_70c47eb534,c7-base-882147,named_base,high,notes specify base=c7-base-882147-rebuild,-0.00012990606595986165,0.75,,,https://labless.dev/runs/run_sub_ad7b7609a9
run_sub_2bf6757620,c10-train-p-l-0e23da,2026-08-11T17:20:30.907847Z,0.6460726804442606,unvalidated,Cycle 10,run_sub_ed8b84c8d4,c10-base-550499,campaign_baseline,medium,notes specify base=baseline,-0.004373457926032831,0.5,,,https://labless.dev/runs/run_sub_2bf6757620
run_sub_8780cae12f,c7-train-p-c6-abd2ef,2026-08-11T17:21:09.592440Z,0.6529324780918019,unvalidated,Cycle 7,run_sub_70c47eb534,c7-base-882147,named_base,high,notes specify base=c7-base-882147,-0.00015509791842704956,1.0,,,https://labless.dev/runs/run_sub_8780cae12f
run_sub_3ba99edf0c,c8-avoid-head-8a4e2d,2026-07-25T22:34:20.704120Z,0.6528552249246411,unvalidated,Cycle 8,run_sub_70c47eb534,c7-base-882147,named_base,high,notes specify base=c7-base-882147-rebuild,-0.00023235108558783413,0.5,,,https://labless.dev/runs/run_sub_3ba99edf0c
run_sub_744e604eac,c8-anticollap-3321f5,2026-07-23T11:03:48.147586Z,0.6527444790206454,unvalidated,Cycle 8,run_sub_70c47eb534,c7-base-882147,named_base,high,notes specify base=c7-base-882147-rebuild,-0.00034309698958356893,0.75,,,https://labless.dev/runs/run_sub_744e604eac
run_sub_dbefb7805b,c8-train-p-av-ef4703,2026-07-26T20:22:45.140282Z,0.652725383654293,unvalidated,Cycle 8,run_sub_70c47eb534,c7-base-882147,named_base,high,notes specify base=c7-base-882147-rebuild,-0.0003621923559359308,0.75,,,https://labless.dev/runs/run_sub_dbefb7805b
run_sub_66645fc59b,c8-metainfra-4a5d93,2026-07-26T20:32:04.292646Z,0.6527138727261872,unvalidated,Cycle 8,run_sub_70c47eb534,c7-base-882147,named_base,high,notes specify base=c7-base-882147-rebuild,-0.0003737032840417376,0.75,,,https://labless.dev/runs/run_sub_66645fc59b
run_sub_70619af390,c8-avoid-aug-dc2507,2026-07-21T16:01:09.929388Z,0.6526618672140627,unvalidated,Cycle 8,run_sub_70c47eb534,c7-base-882147,named_base,high,notes specify base=c7-base-882147-rebuild,-0.00042570879616621315,0.5,,,https://labless.dev/runs/run_sub_70619af390
run_sub_4aab05f8dc,c8-train-p-lo-e2c231,2026-08-11T17:49:14.804884Z,0.6526120836857523,unvalidated,Cycle 8,run_sub_70c47eb534,c7-base-882147,named_base,high,notes specify base=c7-base-882147-rebuild,-0.00047549232447663403,0.5,,,https://labless.dev/runs/run_sub_4aab05f8dc
run_sub_ce7253ef7f,c8-train-p-av-a5c177,2026-07-29T06:25:25.380116Z,0.6525969066533522,unvalidated,Cycle 8,run_sub_70c47eb534,c7-base-882147,named_base,high,notes specify base=c7-base-882147-rebuild,-0.000490669356876694,0.75,,,https://labless.dev/runs/run_sub_ce7253ef7f
run_sub_5930ae0c42,c8-anti-colla-3c474b,2026-07-24T17:57:08.803048Z,0.6525484002945557,unvalidated,Cycle 8,run_sub_70c47eb534,c7-base-882147,named_base,high,notes specify base=c7-base-882147-rebuild,-0.0005391757156731902,0.75,,,https://labless.dev/runs/run_sub_5930ae0c42
run_sub_b108376d2e,teacher-disag-a7df52,2026-07-16T00:44:31.934853Z,0.6525196306473259,unvalidated,Cycle 7,run_sub_70c47eb534,c7-base-882147,named_base,high,notes specify base=c7-base-882147,-0.0005679453629030551,0.75,,,https://labless.dev/runs/run_sub_b108376d2e
run_sub_bd73f7d194,c8-capi-ibot-3f9c84,2026-07-26T07:39:01.838260Z,0.6524931648595776,unvalidated,Cycle 8,run_sub_70c47eb534,c7-base-882147,named_base,high,notes specify base=c7-base-882147-rebuild,-0.0005944111506512861,0.75,,,https://labless.dev/runs/run_sub_bd73f7d194
run_sub_27ba74a973,c6-train-d02-t2,2026-08-11T18:00:28.452644Z,0.6524516739243957,unvalidated,Cycle 6,run_sub_a464be887b,c6-base-882147,named_base,high,notes specify base=c6-base-882147,-0.0009570222090587999,1.0,,,https://labless.dev/runs/run_sub_27ba74a973
run_sub_5bc7d612cd,c6-sinkhorn-e-317888,2026-08-11T18:09:33.451939Z,0.6523092374141307,unvalidated,Cycle 6,run_sub_a464be887b,c6-base-882147,named_base,high,notes specify base=c6-base-882147,-0.0010994587193238203,0.75,,,https://labless.dev/runs/run_sub_5bc7d612cd
run_sub_6dc8308489,c8-av-gradbal-cf9034,2026-07-21T15:55:48.186378Z,0.652299796725492,unvalidated,Cycle 8,run_sub_70c47eb534,c7-base-882147,named_base,high,notes specify base=c7-base-882147-rebuild,-0.0007877792847369447,0.75,,,https://labless.dev/runs/run_sub_6dc8308489
run_sub_4dec30bc57,c8-train-p-av-f44752,2026-07-28T04:47:41.384324Z,0.6522157508645123,unvalidated,Cycle 8,run_sub_70c47eb534,c7-base-882147,named_base,high,notes specify base=c7-base-882147-rebuild,-0.0008718251457165982,0.75,,,https://labless.dev/runs/run_sub_4dec30bc57
run_sub_94f60d3e86,compose-c1-st-a11a48,2026-08-11T19:37:31.243116Z,0.6516157888799436,unvalidated,Cycle 1,run_sub_6dfff49f22,ovfx-721-baseline,campaign_baseline,medium,notes specify base=baseline,0.006852803784890726,0.75,run_sub_2ec24f31c2,c10-md-miner-999843,https://labless.dev/runs/run_sub_94f60d3e86
run_sub_5726e26a9f,compose-c2-ab-891270,2026-08-11T21:20:26.675164Z,0.6516563113192054,unvalidated,Cycle 2,run_sub_ed8b84c8d4,c10-base-550499,campaign_baseline,medium,notes specify base=baseline,0.0012101729489120139,1.0,run_sub_2ec24f31c2,c10-md-miner-999843,https://labless.dev/runs/run_sub_5726e26a9f
run_sub_388f9ffd4d,compose-c3-ab-caef77,2026-08-11T22:56:16.341389Z,0.6523702652361536,unvalidated,Cycle 3,run_sub_ed8b84c8d4,c10-base-550499,campaign_baseline,medium,notes specify base=baseline,0.0019241268658601873,1.0,run_sub_2ec24f31c2,c10-md-miner-999843,https://labless.dev/runs/run_sub_388f9ffd4d
run_sub_9f882966c6,compose-c4-ab-73ea27,2026-08-12T00:30:30.781571Z,0.6518660833162073,unvalidated,Cycle 4,run_sub_ed8b84c8d4,c10-base-550499,campaign_baseline,medium,notes specify base=baseline,0.001419944945913909,1.0,,,https://labless.dev/runs/run_sub_9f882966c6
run_sub_89ad37b6b1,reseed-c-c10-5297be,2026-08-12T02:03:46.418804Z,0.6514971021140468,unvalidated,Cycle 10,run_sub_ed8b84c8d4,c10-base-550499,campaign_baseline,medium,notes specify base=baseline,0.0010509637437533526,1.0,,,https://labless.dev/runs/run_sub_89ad37b6b1
run_sub_06488a5ebd,c8-augaug-sta-7969a6,2026-07-21T15:50:45.573498Z,0.6521100659163419,unvalidated,Cycle 8,run_sub_70c47eb534,c7-base-882147,named_base,high,notes specify base=c7-base-882147-rebuild,-0.000977510093887024,0.5,,,https://labless.dev/runs/run_sub_06488a5ebd
run_sub_7fa6cad302,c8-anticollap-255776,2026-07-28T08:44:51.068275Z,0.652054264593323,unvalidated,Cycle 8,run_sub_70c47eb534,c7-base-882147,named_base,high,notes specify base=c7-base-882147-rebuild,-0.00103331141690588,0.75,,,https://labless.dev/runs/run_sub_7fa6cad302
run_sub_248c0bde9d,c8-train-p-lo-bc1731,2026-07-24T04:54:20.350346Z,0.6519883048345582,unvalidated,Cycle 8,run_sub_70c47eb534,c7-base-882147,named_base,high,notes specify base=c7-base-882147-rebuild,-0.0010992711756707685,0.5,,,https://labless.dev/runs/run_sub_248c0bde9d
run_sub_dfdcb95794,c8-train-p-lo-d02307,2026-07-24T17:56:00.457243Z,0.6519594770489455,unvalidated,Cycle 8,run_sub_70c47eb534,c7-base-882147,named_base,high,notes specify base=c7-base-882147-rebuild,-0.001128098961283408,0.5,,,https://labless.dev/runs/run_sub_dfdcb95794
run_sub_c454bd57c1,c8-train-p-ko-9022ab,2026-07-23T11:04:23.439161Z,0.6518863858445695,unvalidated,Cycle 8,run_sub_70c47eb534,c7-base-882147,named_base,high,notes specify base=c7-base-882147-rebuild,-0.0012011901656594492,0.75,,,https://labless.dev/runs/run_sub_c454bd57c1
run_sub_e6ee0a26b5,c8-train-p-av-818bfb,2026-07-26T06:11:23.207382Z,0.651821955605393,unvalidated,Cycle 8,run_sub_70c47eb534,c7-base-882147,named_base,high,notes specify base=c7-base-882147-rebuild,-0.0012656204048359099,0.75,,,https://labless.dev/runs/run_sub_e6ee0a26b5
run_sub_e080a8e568,c8-sizemix-fu-350e28,2026-07-28T01:20:54.668225Z,0.6518171142657883,unvalidated,Cycle 8,run_sub_70c47eb534,c7-base-882147,named_base,high,notes specify base=c7-base-882147-rebuild,-0.0012704617444406763,0.5,,,https://labless.dev/runs/run_sub_e080a8e568
run_sub_e77c19afe0,c8-ideatormin-5c81dd,2026-07-21T16:19:31.255455Z,0.651774665921119,unvalidated,Cycle 8,run_sub_70c47eb534,c7-base-882147,named_base,high,notes specify base=c7-base-882147-rebuild,-0.0013129100891099421,0.75,,,https://labless.dev/runs/run_sub_e77c19afe0
run_sub_3c2f2a0250,c8-globalcrop-da1606,2026-07-26T23:49:22.582291Z,0.6517107611964028,unvalidated,Cycle 8,run_sub_70c47eb534,c7-base-882147,named_base,high,notes specify base=c7-base-882147-rebuild,-0.0013768148138261216,0.5,,,https://labless.dev/runs/run_sub_3c2f2a0250
run_sub_7b3563fbf6,c8-train-p-lo-a03920,2026-07-26T00:12:34.305458Z,0.6514441840433176,unvalidated,Cycle 8,run_sub_70c47eb534,c7-base-882147,named_base,high,notes specify base=c7-base-882147-rebuild,-0.0016433919669113228,0.5,,,https://labless.dev/runs/run_sub_7b3563fbf6
run_sub_8762497836,c8-train-p-au-547a95,2026-07-29T11:29:02.240924Z,0.6513899381872993,unvalidated,Cycle 8,run_sub_70c47eb534,c7-base-882147,named_base,high,notes specify base=c7-base-882147-rebuild,-0.001697637822929643,0.5,,,https://labless.dev/runs/run_sub_8762497836
run_sub_2e535f7a55,c8-train-p-pe-fd5dab,2026-07-28T01:35:12.274377Z,0.6513761901859961,unvalidated,Cycle 8,run_sub_70c47eb534,c7-base-882147,named_base,high,notes specify base=c7-base-882147-rebuild,-0.0017113858242328028,0.75,,,https://labless.dev/runs/run_sub_2e535f7a55
run_sub_58315967d3,c8-av-config-780fea,2026-07-21T15:54:33.700535Z,0.6511965314927534,unvalidated,Cycle 8,run_sub_70c47eb534,c7-base-882147,named_base,high,notes specify base=c7-base-882147-rebuild,-0.0018910445174755708,0.75,,,https://labless.dev/runs/run_sub_58315967d3
run_sub_a36690566f,c6-train-d09-t1,2026-08-12T17:07:09.391401Z,0.6510415558950653,unvalidated,Cycle 6,run_sub_a464be887b,c6-base-882147,named_base,high,notes specify base=c6-base-882147,-0.0023671402383892426,1.0,,,https://labless.dev/runs/run_sub_a36690566f
run_sub_799d8d465e,c8-train-p-me-7e31d3,2026-07-25T21:01:56.295818Z,0.651009145299553,unvalidated,Cycle 8,run_sub_70c47eb534,c7-base-882147,named_base,high,notes specify base=c7-base-882147-rebuild,-0.002078430710675927,0.5,,,https://labless.dev/runs/run_sub_799d8d465e
run_sub_de4dcfb178,c8-avoid-anti-59d948,2026-07-21T15:58:32.972751Z,0.6509538451740304,unvalidated,Cycle 8,run_sub_70c47eb534,c7-base-882147,named_base,high,notes specify base=c7-base-882147-rebuild,-0.0021337308361984997,0.75,,,https://labless.dev/runs/run_sub_de4dcfb178
run_sub_74ce8c80f2,c8-asymmetric-fd31f9,2026-07-21T15:48:16.648472Z,0.650867883795308,unvalidated,Cycle 8,run_sub_70c47eb534,c7-base-882147,named_base,high,notes specify base=c7-base-882147-rebuild,-0.0022196922149209097,0.5,,,https://labless.dev/runs/run_sub_74ce8c80f2
run_sub_e7af1e04dc,c8-train-p-av-199578,2026-07-25T06:11:22.889080Z,0.6508073319118289,unvalidated,Cycle 8,run_sub_70c47eb534,c7-base-882147,named_base,high,notes specify base=c7-base-882147-rebuild,-0.002280244098399997,0.5,,,https://labless.dev/runs/run_sub_e7af1e04dc
run_sub_e599eb2685,c8-train-p-au-69582c,2026-07-29T09:21:07.339082Z,0.6507256442095741,unvalidated,Cycle 8,run_sub_70c47eb534,c7-base-882147,named_base,high,notes specify base=c7-base-882147-rebuild,-0.002361931800654804,0.5,,,https://labless.dev/runs/run_sub_e599eb2685
run_sub_1af876805a,c8-hedjitter-79b20f,2026-07-21T16:16:43.920879Z,0.6506363559269965,unvalidated,Cycle 8,run_sub_70c47eb534,c7-base-882147,named_base,high,notes specify base=c7-base-882147-rebuild,-0.002451220083232397,0.75,,,https://labless.dev/runs/run_sub_1af876805a
run_sub_ece1ec698b,b6-l14-cw-t3,2026-08-12T17:21:57.952169Z,0.6504392001913468,unvalidated,Cycle 6,run_sub_a464be887b,c6-base-882147,named_base,high,notes specify base=c6-base-882147,-0.002969495942107714,0.75,,,https://labless.dev/runs/run_sub_ece1ec698b
run_sub_b8c77a8ad7,c8-pcgrad-jep-3172c4,2026-07-24T11:28:46.594695Z,0.6501717989005626,unvalidated,Cycle 8,run_sub_70c47eb534,c7-base-882147,named_base,high,notes specify base=c7-base-882147-rebuild,-0.0029157771096662843,0.75,,,https://labless.dev/runs/run_sub_b8c77a8ad7
run_sub_8b09606053,c8-localcrop-37fe72,2026-07-24T22:30:23.312751Z,0.6500916823230972,unvalidated,Cycle 8,run_sub_70c47eb534,c7-base-882147,named_base,high,notes specify base=c7-base-882147-rebuild,-0.002995893687131712,0.5,,,https://labless.dev/runs/run_sub_8b09606053
run_sub_83032f7b86,c8-train-p-co-138cd3,2026-07-25T12:57:41.666504Z,0.6500697078394737,unvalidated,Cycle 8,run_sub_70c47eb534,c7-base-882147,named_base,high,notes specify base=c7-base-882147-rebuild,-0.0030178681707552224,0.5,,,https://labless.dev/runs/run_sub_83032f7b86
run_sub_9398e77e0e,c8-larger-dat-adccc2,2026-07-21T16:24:13.567367Z,0.6500542896050324,unvalidated,Cycle 8,run_sub_70c47eb534,c7-base-882147,named_base,high,notes specify base=c7-base-882147-rebuild,-0.0030332864051965114,0.5,,,https://labless.dev/runs/run_sub_9398e77e0e
run_sub_b9b8924c4b,c8-anticollap-919aa1,2026-07-25T12:53:48.848937Z,0.6498450659080433,unvalidated,Cycle 8,run_sub_70c47eb534,c7-base-882147,named_base,high,notes specify base=c7-base-882147-rebuild,-0.0032425101021856806,0.75,,,https://labless.dev/runs/run_sub_b9b8924c4b
run_sub_9cf356f532,c8-mask-ratio-acfc4b,2026-07-29T00:01:35.524382Z,0.6497401000981505,unvalidated,Cycle 8,run_sub_70c47eb534,c7-base-882147,named_base,high,notes specify base=c7-base-882147-rebuild,-0.0033474759120784014,0.75,,,https://labless.dev/runs/run_sub_9cf356f532
run_sub_1ef4abb788,c8-train-p-an-a6404c,2026-07-28T01:45:15.441561Z,0.6497170439721661,unvalidated,Cycle 8,run_sub_70c47eb534,c7-base-882147,named_base,high,notes specify base=c7-base-882147-rebuild,-0.0033705320380628123,0.75,,,https://labless.dev/runs/run_sub_1ef4abb788
run_sub_970a77c954,c8-localcrop-84d7b1,2026-07-24T13:24:47.759467Z,0.6495158753809631,unvalidated,Cycle 8,run_sub_70c47eb534,c7-base-882147,named_base,high,notes specify base=c7-base-882147-rebuild,-0.003571700629265817,0.5,,,https://labless.dev/runs/run_sub_970a77c954
run_sub_20b6211388,c8-train-p-si-92a96f,2026-07-24T20:58:37.724727Z,0.6491125984000394,unvalidated,Cycle 8,run_sub_70c47eb534,c7-base-882147,named_base,high,notes specify base=c7-base-882147-rebuild,-0.003974977610189501,0.75,,,https://labless.dev/runs/run_sub_20b6211388
run_sub_1e31eb72c4,c8-train-p-si-247931,2026-07-24T22:21:39.791154Z,0.6490798063582328,unvalidated,Cycle 8,run_sub_70c47eb534,c7-base-882147,named_base,high,notes specify base=c7-base-882147-rebuild,-0.004007769651996118,0.5,,,https://labless.dev/runs/run_sub_1e31eb72c4
run_sub_963549c74a,c8-train-p-av-eda80f,2026-07-26T13:55:58.138417Z,0.6490665661217744,unvalidated,Cycle 8,run_sub_70c47eb534,c7-base-882147,named_base,high,notes specify base=c7-base-882147-rebuild,-0.004021009888454552,0.75,,,https://labless.dev/runs/run_sub_963549c74a
run_sub_b28df82d77,c8-anticollap-0619ac,2026-07-23T11:01:22.077687Z,0.6490264603277484,unvalidated,Cycle 8,run_sub_70c47eb534,c7-base-882147,named_base,high,notes specify base=c7-base-882147-rebuild,-0.004061115682480576,0.75,,,https://labless.dev/runs/run_sub_b28df82d77
run_sub_828e5a9739,c8-capi-ibot-5cb3ff,2026-07-26T09:20:03.830256Z,0.6490016844663116,unvalidated,Cycle 8,run_sub_70c47eb534,c7-base-882147,named_base,high,notes specify base=c7-base-882147-rebuild,-0.004085891543917364,0.75,,,https://labless.dev/runs/run_sub_828e5a9739
run_sub_4e336cdef2,c5-l4-asym-t2,2026-08-12T17:59:29.541132Z,0.6489496805894713,unvalidated,Cycle 5,run_sub_4f89170d3f,c5-base-748839,named_base,high,notes specify base=c5-base-748839,-0.0031441575619467477,0.5,,,https://labless.dev/runs/run_sub_4e336cdef2
run_sub_8af5ab4133,c8-model-scal-09fef8,2026-07-23T12:49:39.440852Z,0.6488781862970203,unvalidated,Cycle 8,run_sub_70c47eb534,c7-base-882147,named_base,high,notes specify base=c7-base-882147-rebuild,-0.004209389713208611,0.75,,,https://labless.dev/runs/run_sub_8af5ab4133
run_sub_d661a60ae1,c8-train-p-av-00f690,2026-07-26T15:27:14.807410Z,0.6487719043874745,unvalidated,Cycle 8,run_sub_70c47eb534,c7-base-882147,named_base,high,notes specify base=c7-base-882147-rebuild,-0.00431567162275448,0.75,,,https://labless.dev/runs/run_sub_d661a60ae1
run_sub_551a6ff46f,c7-train-p-lo-1d42d9,2026-07-16T00:42:34.432688Z,0.6486448235632141,unvalidated,Cycle 7,run_sub_70c47eb534,c7-base-882147,named_base,high,notes specify base=c7-base-882147,-0.004442752447014864,1.0,,,https://labless.dev/runs/run_sub_551a6ff46f
run_sub_9d9c18ac9e,c8-localcrop-db076a,2026-07-24T20:45:14.209658Z,0.6482273264155399,unvalidated,Cycle 8,run_sub_70c47eb534,c7-base-882147,named_base,high,notes specify base=c7-base-882147-rebuild,-0.004860249594689003,0.5,,,https://labless.dev/runs/run_sub_9d9c18ac9e
run_sub_87fee67eac,c8-jepa-maske-01a58f,2026-07-21T16:23:03.934352Z,0.6480421760175216,unvalidated,Cycle 8,run_sub_70c47eb534,c7-base-882147,named_base,high,notes specify base=c7-base-882147-rebuild,-0.005045399992707367,0.75,,,https://labless.dev/runs/run_sub_87fee67eac
run_sub_2b56d3a11c,c11-base-646404,2026-08-13T00:14:38.523779Z,0.6454842027308932,unvalidated,Cycle 11,run_sub_ed8b84c8d4,c10-base-550499,named_base,high,notes specify base=c10-base-550499,-0.004961935639400172,1.0,,,https://labless.dev/runs/run_sub_2b56d3a11c
run_sub_a337a1c7ad,c11-loss-ibot-942d66,2026-08-13T06:26:35.705030Z,0.6418155909201173,unvalidated,Cycle 11,run_sub_2b56d3a11c,c11-base-646404,campaign_baseline,medium,notes specify base=baseline,-0.0036686118107759347,0.75,,,https://labless.dev/runs/run_sub_a337a1c7ad
run_sub_5b5cac3af1,c11-train-p-u-cbba66,2026-08-13T06:26:52.865465Z,0.6427506725928029,unvalidated,Cycle 11,run_sub_2b56d3a11c,c11-base-646404,campaign_baseline,medium,notes specify base=baseline,-0.002733530138090301,0.75,,,https://labless.dev/runs/run_sub_5b5cac3af1
run_sub_9a6417d9f9,c11-p-av-bala-8b71c5,2026-08-13T06:27:36.924583Z,0.642445924028841,unvalidated,Cycle 11,run_sub_2b56d3a11c,c11-base-646404,campaign_baseline,medium,notes specify base=baseline,-0.0030382787020521995,0.75,,,https://labless.dev/runs/run_sub_9a6417d9f9
run_sub_61fb990ba9,c11-train-p-c-6d0657,2026-08-13T06:29:48.766733Z,0.6427770244870463,unvalidated,Cycle 11,run_sub_2b56d3a11c,c11-base-646404,campaign_baseline,medium,notes specify base=baseline,-0.0027071782438469194,0.75,,,https://labless.dev/runs/run_sub_61fb990ba9
run_sub_4cf388fd6c,c11-train-p-k-6d94c6,2026-08-13T06:32:41.204947Z,0.6284275978699775,unvalidated,Cycle 11,run_sub_2b56d3a11c,c11-base-646404,campaign_baseline,medium,notes specify base=baseline,-0.01705660486091576,0.75,,,https://labless.dev/runs/run_sub_4cf388fd6c
run_sub_0df1c0707a,c11-p-c6-late-c9bec7,2026-08-13T06:32:59.257411Z,0.6452432546387213,unvalidated,Cycle 11,run_sub_2b56d3a11c,c11-base-646404,campaign_baseline,medium,notes specify base=baseline,-0.00024094809217189983,0.75,,,https://labless.dev/runs/run_sub_0df1c0707a
run_sub_fa655ebd31,c11-train-md-4efa92,2026-08-13T06:37:22.430459Z,0.6477152021089314,unvalidated,Cycle 11,run_sub_2b56d3a11c,c11-base-646404,campaign_baseline,medium,notes specify base=baseline,0.0022309993780381676,0.75,,,https://labless.dev/runs/run_sub_fa655ebd31
run_sub_a25f322b80,c11-auglite-p-562b8b,2026-08-13T07:40:46.164091Z,0.6145965348670867,unvalidated,Cycle 11,run_sub_2b56d3a11c,c11-base-646404,campaign_baseline,medium,notes specify base=baseline,-0.03088766786380659,0.75,,,https://labless.dev/runs/run_sub_a25f322b80
run_sub_015d456304,c11-train-p-a-0e2c94,2026-08-13T07:57:05.166063Z,0.6453560968085168,unvalidated,Cycle 11,run_sub_2b56d3a11c,c11-base-646404,campaign_baseline,medium,notes specify base=baseline,-0.00012810592237644247,0.75,,,https://labless.dev/runs/run_sub_015d456304
run_sub_18b305b4f7,c11-userwsamp-2bb5af,2026-08-13T08:03:23.603787Z,0.6465072149870903,unvalidated,Cycle 11,run_sub_2b56d3a11c,c11-base-646404,campaign_baseline,medium,notes specify base=baseline,0.0010230122561970534,0.75,,,https://labless.dev/runs/run_sub_18b305b4f7
run_sub_52ba744399,c11-train-p-s-8c9416,2026-08-13T08:04:56.358279Z,0.6343189407988281,unvalidated,Cycle 11,run_sub_2b56d3a11c,c11-base-646404,campaign_baseline,medium,notes specify base=baseline,-0.01116526193206513,0.5,,,https://labless.dev/runs/run_sub_52ba744399
run_sub_e810267901,c11-asymaug-g-e81adf,2026-08-13T08:07:10.548067Z,0.6483005904143123,unvalidated,Cycle 11,run_sub_2b56d3a11c,c11-base-646404,campaign_baseline,medium,notes specify base=baseline,0.002816387683419075,0.75,,,https://labless.dev/runs/run_sub_e810267901
run_sub_abf4c745ca,c11-lit-lejep-30f107,2026-08-13T08:40:45.330135Z,0.6477776936416457,unvalidated,Cycle 11,run_sub_2b56d3a11c,c11-base-646404,campaign_baseline,medium,notes specify base=baseline,0.0022934909107524826,0.5,,,https://labless.dev/runs/run_sub_abf4c745ca
run_sub_e7876b01f0,c11-train-pcg-7f9d29,2026-08-13T09:01:58.730365Z,0.6392552842569025,unvalidated,Cycle 11,run_sub_2b56d3a11c,c11-base-646404,campaign_baseline,medium,notes specify base=baseline,-0.006228918473990763,0.75,,,https://labless.dev/runs/run_sub_e7876b01f0
run_sub_bf1b5baa82,c11-p-adamuon-625eaf,2026-08-13T09:24:51.131687Z,0.614470572389801,unvalidated,Cycle 11,run_sub_2b56d3a11c,c11-base-646404,campaign_baseline,medium,notes specify base=baseline,-0.03101363034109228,0.75,,,https://labless.dev/runs/run_sub_bf1b5baa82
run_sub_111011193b,c11-train-tea-256d9c,2026-08-13T09:25:17.727686Z,0.6445826646302387,unvalidated,Cycle 11,run_sub_2b56d3a11c,c11-base-646404,campaign_baseline,medium,notes specify base=baseline,-0.0009015381006545198,0.75,,,https://labless.dev/runs/run_sub_111011193b
run_sub_dc3144dacd,c11-train-p-m-addae6,2026-08-13T10:57:11.458094Z,0.6380615524783543,unvalidated,Cycle 11,run_sub_2b56d3a11c,c11-base-646404,campaign_baseline,medium,notes specify base=baseline,-0.007422650252538965,0.75,,,https://labless.dev/runs/run_sub_dc3144dacd
run_sub_66ca3e0f02,c11-p-lawa-wi-92c8cc,2026-08-13T10:58:41.015213Z,0.644993167570485,unvalidated,Cycle 11,run_sub_2b56d3a11c,c11-base-646404,campaign_baseline,medium,notes specify base=baseline,-0.0004910351604082708,0.75,,,https://labless.dev/runs/run_sub_66ca3e0f02
run_sub_43c3f92fcd,c11-train-p-c-6660c3,2026-08-13T10:58:44.943129Z,0.6506355824663774,unvalidated,Cycle 11,run_sub_2b56d3a11c,c11-base-646404,campaign_baseline,medium,notes specify base=baseline,0.005151379735484185,0.5,,,https://labless.dev/runs/run_sub_43c3f92fcd
run_sub_0857fd8246,c11-train-p-c-9bd24a,2026-08-13T11:01:26.496991Z,0.6400624190477876,unvalidated,Cycle 11,run_sub_2b56d3a11c,c11-base-646404,campaign_baseline,medium,notes specify base=baseline,-0.005421783683105641,0.75,,,https://labless.dev/runs/run_sub_0857fd8246
run_sub_fe34bda3fb,c11-train-tea-e8cc45,2026-08-13T11:05:47.090671Z,0.6451408533047489,unvalidated,Cycle 11,run_sub_2b56d3a11c,c11-base-646404,campaign_baseline,medium,notes specify base=baseline,-0.00034334942614433483,0.75,,,https://labless.dev/runs/run_sub_fe34bda3fb
run_sub_24ffc40b7f,c11-sdhl-self-17878e,2026-08-13T11:09:20.563254Z,0.6265088576367619,unvalidated,Cycle 11,run_sub_2b56d3a11c,c11-base-646404,campaign_baseline,medium,notes specify base=baseline,-0.018975345094131346,0.5,,,https://labless.dev/runs/run_sub_24ffc40b7f
run_sub_1e1d155d2c,c11-train-p-u-64477a,2026-08-13T11:12:42.053121Z,0.6423174856288093,unvalidated,Cycle 11,run_sub_2b56d3a11c,c11-base-646404,campaign_baseline,medium,notes specify base=baseline,-0.003166717102083938,0.75,,,https://labless.dev/runs/run_sub_1e1d155d2c
run_sub_b91e12ae20,c11-p-av-bala-b6cbe4,2026-08-13T11:45:03.333132Z,0.6401100262386211,unvalidated,Cycle 11,run_sub_2b56d3a11c,c11-base-646404,campaign_baseline,medium,notes specify base=baseline,-0.00537417649227212,0.75,,,https://labless.dev/runs/run_sub_b91e12ae20
run_sub_3ae01a5cb5,c11-train-p-g-3162c1,2026-08-13T12:20:39.978697Z,0.6442522535409507,unvalidated,Cycle 11,run_sub_2b56d3a11c,c11-base-646404,campaign_baseline,medium,notes specify base=baseline,-0.0012319491899425161,0.75,,,https://labless.dev/runs/run_sub_3ae01a5cb5
run_sub_92f1caec4b,c11-train-p-a-6deb1b,2026-08-13T12:24:27.169595Z,0.6416362804001274,unvalidated,Cycle 11,run_sub_2b56d3a11c,c11-base-646404,campaign_baseline,medium,notes specify base=baseline,-0.0038479223307658073,0.5,,,https://labless.dev/runs/run_sub_92f1caec4b
run_sub_1109953492,c11-p-av-conf-a1672c,2026-08-13T12:25:24.158026Z,0.6445624673742091,unvalidated,Cycle 11,run_sub_2b56d3a11c,c11-base-646404,campaign_baseline,medium,notes specify base=baseline,-0.0009217353566841613,0.75,,,https://labless.dev/runs/run_sub_1109953492
run_sub_901b35e104,c11-lit-lejep-b7e712,2026-08-13T12:31:59.610764Z,0.649357981947894,unvalidated,Cycle 11,run_sub_2b56d3a11c,c11-base-646404,campaign_baseline,medium,notes specify base=baseline,0.003873779217000717,0.5,,,https://labless.dev/runs/run_sub_901b35e104
run_sub_076133a868,c11-asym-aug-518d71,2026-08-13T12:40:47.611269Z,0.6448063162698339,unvalidated,Cycle 11,run_sub_2b56d3a11c,c11-base-646404,campaign_baseline,medium,notes specify base=baseline,-0.0006778864610593738,0.75,,,https://labless.dev/runs/run_sub_076133a868
run_sub_c02167b53a,c11-p-localcr-ce92c7,2026-08-13T12:49:36.384852Z,0.6559558676663877,unvalidated,Cycle 11,run_sub_2b56d3a11c,c11-base-646404,campaign_baseline,medium,notes specify base=baseline,0.010471664935494451,0.5,,,https://labless.dev/runs/run_sub_c02167b53a
run_sub_a9178893e3,c11-optimizer-286a3b,2026-08-13T12:50:30.955000Z,0.6443561619845563,unvalidated,Cycle 11,run_sub_2b56d3a11c,c11-base-646404,campaign_baseline,medium,notes specify base=baseline,-0.001128040746336989,0.75,,,https://labless.dev/runs/run_sub_a9178893e3
run_sub_dad51e56f4,c11-train-p-r-b75b61,2026-08-13T13:10:38.325339Z,0.6339243525765265,unvalidated,Cycle 11,run_sub_2b56d3a11c,c11-base-646404,campaign_baseline,medium,notes specify base=baseline,-0.01155985015436678,0.5,,,https://labless.dev/runs/run_sub_dad51e56f4
run_sub_093d6c2ecf,c11-loss-ibot-b126bc,2026-08-13T13:15:12.283670Z,0.6485348675838966,unvalidated,Cycle 11,run_sub_2b56d3a11c,c11-base-646404,campaign_baseline,medium,notes specify base=baseline,0.0030506648530033154,0.5,,,https://labless.dev/runs/run_sub_093d6c2ecf
run_sub_5523458a5f,c11-train-p-v-d98ab9,2026-08-13T13:50:23.985301Z,0.6456670796010792,unvalidated,Cycle 11,run_sub_2b56d3a11c,c11-base-646404,campaign_baseline,medium,notes specify base=baseline,0.0001828768701859218,0.75,,,https://labless.dev/runs/run_sub_5523458a5f
run_sub_e9e89a23eb,c11-train-pcg-fbb037,2026-08-13T13:51:33.311074Z,0.626399295081785,unvalidated,Cycle 11,run_sub_2b56d3a11c,c11-base-646404,campaign_baseline,medium,notes specify base=baseline,-0.019084907649108196,0.5,,,https://labless.dev/runs/run_sub_e9e89a23eb
run_sub_9e21076653,c11-md-miner-3dd6f2,2026-08-13T13:56:30.640579Z,0.643012171284231,unvalidated,Cycle 11,run_sub_2b56d3a11c,c11-base-646404,campaign_baseline,medium,notes specify base=baseline,-0.002472031446662193,0.5,,,https://labless.dev/runs/run_sub_9e21076653
run_sub_bd05a35b71,c11-train-p-g-19cb9f,2026-08-13T14:35:59.863651Z,0.6437302974776676,unvalidated,Cycle 11,run_sub_2b56d3a11c,c11-base-646404,campaign_baseline,medium,notes specify base=baseline,-0.0017539052532256072,0.75,,,https://labless.dev/runs/run_sub_bd05a35b71
run_sub_5d1d47f900,c11-train-p-u-0bd59b,2026-08-13T14:36:17.611487Z,0.6103339823414007,unvalidated,Cycle 11,run_sub_2b56d3a11c,c11-base-646404,campaign_baseline,medium,notes specify base=baseline,-0.03515022038949256,0.75,,,https://labless.dev/runs/run_sub_5d1d47f900
run_sub_ef09049e23,c11-asymaug-t-110e42,2026-08-13T14:51:29.811981Z,0.6480842294085596,unvalidated,Cycle 11,run_sub_2b56d3a11c,c11-base-646404,campaign_baseline,medium,notes specify base=baseline,0.002600026677666345,0.75,,,https://labless.dev/runs/run_sub_ef09049e23
run_sub_c37b6bcdc2,c11-learned-o-2dd089,2026-08-13T14:56:22.619503Z,0.6484766973824234,unvalidated,Cycle 11,run_sub_2b56d3a11c,c11-base-646404,campaign_baseline,medium,notes specify base=baseline,0.0029924946515301754,0.5,,,https://labless.dev/runs/run_sub_c37b6bcdc2
run_sub_e96d16a687,c11-localcrop-a5ae16,2026-08-13T15:14:54.375267Z,0.6473037659783198,unvalidated,Cycle 11,run_sub_2b56d3a11c,c11-base-646404,campaign_baseline,medium,notes specify base=baseline,0.0018195632474266032,0.5,,,https://labless.dev/runs/run_sub_e96d16a687
run_sub_ba3c5400f5,c11-p-imbalan-ebe8e0,2026-08-13T15:20:29.859972Z,0.6446710156983311,unvalidated,Cycle 11,run_sub_2b56d3a11c,c11-base-646404,campaign_baseline,medium,notes specify base=baseline,-0.0008131870325621682,0.5,,,https://labless.dev/runs/run_sub_ba3c5400f5
run_sub_5f2cd945b9,c11-train-p-r-293a45,2026-08-13T15:26:13.711965Z,0.6501375076374891,unvalidated,Cycle 11,run_sub_2b56d3a11c,c11-base-646404,campaign_baseline,medium,notes specify base=baseline,0.004653304906595879,0.5,,,https://labless.dev/runs/run_sub_5f2cd945b9
run_sub_25f45071b3,c11-train-p-c-f8fda1,2026-08-13T15:30:54.557239Z,0.6457785206937902,unvalidated,Cycle 11,run_sub_2b56d3a11c,c11-base-646404,campaign_baseline,medium,notes specify base=baseline,0.00029431796289691725,0.5,,,https://labless.dev/runs/run_sub_25f45071b3
run_sub_711c2b698d,c11-lit-visua-65b4ef,2026-08-13T16:13:42.044801Z,0.6465994256931208,unvalidated,Cycle 11,run_sub_2b56d3a11c,c11-base-646404,campaign_baseline,medium,notes specify base=baseline,0.0011152229622275467,0.75,,,https://labless.dev/runs/run_sub_711c2b698d
run_sub_30186e7f8a,c11-asymaug-t-37c463,2026-08-13T16:33:34.567341Z,0.6450878580400023,unvalidated,Cycle 11,run_sub_2b56d3a11c,c11-base-646404,campaign_baseline,medium,notes specify base=baseline,-0.00039634469089089297,0.75,,,https://labless.dev/runs/run_sub_30186e7f8a
run_sub_e16832d188,c8-highfreq-e-1d57b6,2026-07-27T22:23:44.480647Z,0.6472667577423394,unvalidated,Cycle 8,run_sub_70c47eb534,c7-base-882147,named_base,high,notes specify base=c7-base-882147-rebuild,-0.005820818267889494,0.75,,,https://labless.dev/runs/run_sub_e16832d188
run_sub_987027354f,c11-learnedhe-f8a667,2026-08-13T16:40:37.432088Z,0.6471026950299079,unvalidated,Cycle 11,run_sub_2b56d3a11c,c11-base-646404,campaign_baseline,medium,notes specify base=baseline,0.0016184922990146733,0.5,,,https://labless.dev/runs/run_sub_987027354f
run_sub_70f20fece8,c8-train-p-lo-77b2d7,2026-07-24T22:14:23.680846Z,0.6471948523658387,unvalidated,Cycle 8,run_sub_70c47eb534,c7-base-882147,named_base,high,notes specify base=c7-base-882147-rebuild,-0.0058927236443901965,0.5,,,https://labless.dev/runs/run_sub_70f20fece8
run_sub_80e34a8623,c6-spproto-k4-t1,2026-08-13T16:42:51.009015Z,0.6471343412511618,unvalidated,Cycle 6,run_sub_a464be887b,c6-base-882147,named_base,high,notes specify base=c6-base-882147,-0.006274354882292776,0.25,,,https://labless.dev/runs/run_sub_80e34a8623
run_sub_3564b849d0,c8-lejepa-sig-cd76f6,2026-08-13T16:44:11.958512Z,0.6470399802575143,unvalidated,Cycle 8,run_sub_2b56d3a11c,c11-base-646404,campaign_baseline,medium,notes specify base=baseline,0.0015557775266210605,0.75,,,https://labless.dev/runs/run_sub_3564b849d0
run_sub_6b8b003524,c8-augment-st-a847ba,2026-07-29T07:42:06.816814Z,0.6468714193823578,unvalidated,Cycle 8,run_sub_70c47eb534,c7-base-882147,named_base,high,notes specify base=c7-base-882147-rebuild,-0.006216156627871117,0.5,,,https://labless.dev/runs/run_sub_6b8b003524
run_sub_00bd01443f,c11-train-p-a-a96aff,2026-08-13T16:49:15.858990Z,0.6336490744066808,unvalidated,Cycle 11,run_sub_2b56d3a11c,c11-base-646404,campaign_baseline,medium,notes specify base=baseline,-0.011835128324212407,0.75,,,https://labless.dev/runs/run_sub_00bd01443f
run_sub_294025dfa8,c8-mask-stati-2d1cb6,2026-07-24T08:17:21.955237Z,0.6468199267108894,unvalidated,Cycle 8,run_sub_70c47eb534,c7-base-882147,named_base,high,notes specify base=c7-base-882147-rebuild,-0.006267649299339539,0.75,,,https://labless.dev/runs/run_sub_294025dfa8
run_sub_d15dc06e2a,c8-localcrop-87b750,2026-07-26T09:32:14.361028Z,0.6467203950384517,unvalidated,Cycle 8,run_sub_70c47eb534,c7-base-882147,named_base,high,notes specify base=c7-base-882147-rebuild,-0.006367180971777242,0.5,,,https://labless.dev/runs/run_sub_d15dc06e2a
run_sub_e6c83d34be,c8-train-p-vi-adea7a,2026-07-23T11:07:25.980199Z,0.6465392075726241,unvalidated,Cycle 8,run_sub_70c47eb534,c7-base-882147,named_base,high,notes specify base=c7-base-882147-rebuild,-0.006548368437604868,0.75,,,https://labless.dev/runs/run_sub_e6c83d34be
run_sub_88612c3fdf,c8-train-p-li-72112e,2026-07-29T11:13:08.043768Z,0.6465319503473905,unvalidated,Cycle 8,run_sub_70c47eb534,c7-base-882147,named_base,high,notes specify base=c7-base-882147-rebuild,-0.006555625662838405,0.75,,,https://labless.dev/runs/run_sub_88612c3fdf
run_sub_f90a72a8ea,c8-train-p-lo-187216,2026-07-24T14:59:34.031556Z,0.64633277117258,unvalidated,Cycle 8,run_sub_70c47eb534,c7-base-882147,named_base,high,notes specify base=c7-base-882147-rebuild,-0.006754804837648898,0.5,,,https://labless.dev/runs/run_sub_f90a72a8ea
run_sub_5fbf453989,c5-l12_softeq_t1,2026-08-13T17:06:39.329480Z,0.6462939631215566,unvalidated,Cycle 5,run_sub_4f89170d3f,c5-base-748839,named_base,high,notes specify base=c5-base-748839,-0.0057998750298614565,0.25,,,https://labless.dev/runs/run_sub_5fbf453989
run_sub_4c438eed6d,c8-train-mask-fa26a3,2026-07-25T11:11:49.276815Z,0.6462863677555751,unvalidated,Cycle 8,run_sub_70c47eb534,c7-base-882147,named_base,high,notes specify base=c7-base-882147-rebuild,-0.006801208254653801,0.75,,,https://labless.dev/runs/run_sub_4c438eed6d
run_sub_9eca065fcc,c8-train-p-gl-866fe7,2026-07-26T09:19:09.805259Z,0.6462596489620286,unvalidated,Cycle 8,run_sub_70c47eb534,c7-base-882147,named_base,high,notes specify base=c7-base-882147-rebuild,-0.006827927048200344,0.5,,,https://labless.dev/runs/run_sub_9eca065fcc
run_sub_b05903ffd5,c8-anti-colla-2deac1,2026-07-25T14:35:28.221485Z,0.6462283582273803,unvalidated,Cycle 8,run_sub_70c47eb534,c7-base-882147,named_base,high,notes specify base=c7-base-882147-rebuild,-0.006859217782848592,0.75,,,https://labless.dev/runs/run_sub_b05903ffd5
run_sub_6c1bef1928,c8-aug-staina-870ea9,2026-07-29T01:57:04.937949Z,0.6459350615995479,unvalidated,Cycle 8,run_sub_70c47eb534,c7-base-882147,named_base,high,notes specify base=c7-base-882147-rebuild,-0.007152514410680988,0.5,,,https://labless.dev/runs/run_sub_6c1bef1928
run_sub_92c6f563ab,c8-datacurati-0b9d62,2026-07-21T16:07:33.900289Z,0.6458336714578935,unvalidated,Cycle 8,run_sub_70c47eb534,c7-base-882147,named_base,high,notes specify base=c7-base-882147-rebuild,-0.007253904552335433,0.5,,,https://labless.dev/runs/run_sub_92c6f563ab
run_sub_9936010781,c8-mask-ratio-6b1ca8,2026-07-28T22:32:02.113353Z,0.645362730966873,unvalidated,Cycle 8,run_sub_70c47eb534,c7-base-882147,named_base,high,notes specify base=c7-base-882147-rebuild,-0.00772484504335591,0.75,,,https://labless.dev/runs/run_sub_9936010781
run_sub_67c2c17b0a,c8-localcrop-1e5302,2026-07-24T20:43:54.352517Z,0.6452469135943678,unvalidated,Cycle 8,run_sub_70c47eb534,c7-base-882147,named_base,high,notes specify base=c7-base-882147-rebuild,-0.007840662415861122,0.5,,,https://labless.dev/runs/run_sub_67c2c17b0a
run_sub_9ac5680f4f,c8-localcrop-c2260c,2026-07-25T00:10:17.431855Z,0.6450496788793614,unvalidated,Cycle 8,run_sub_70c47eb534,c7-base-882147,named_base,high,notes specify base=c7-base-882147-rebuild,-0.008037897130867555,0.5,,,https://labless.dev/runs/run_sub_9ac5680f4f
run_sub_ec2660a995,c8-train-p-lo-3f0a1e,2026-07-24T22:18:03.672983Z,0.6449761997322667,unvalidated,Cycle 8,run_sub_70c47eb534,c7-base-882147,named_base,high,notes specify base=c7-base-882147-rebuild,-0.008111376277962212,0.5,,,https://labless.dev/runs/run_sub_ec2660a995
run_sub_82adb5ffbf,c8-stain-aug-1fa409,2026-08-09T17:20:43.103703Z,0.6449041662555793,unvalidated,Cycle 8,run_sub_2b56d3a11c,c11-base-646404,campaign_baseline,medium,notes specify base=baseline,-0.0005800364753139053,0.5,,,https://labless.dev/runs/run_sub_82adb5ffbf
run_sub_eb6e50d94f,c8-dinov3-bas-25e33f,2026-07-21T16:08:56.357610Z,0.6444598504559896,unvalidated,Cycle 8,run_sub_70c47eb534,c7-base-882147,named_base,high,notes specify base=c7-base-882147-rebuild,-0.008627725554239296,0.75,,,https://labless.dev/runs/run_sub_eb6e50d94f
run_sub_3884868d7a,c8-lit-focal-0053bb,2026-07-27T21:55:48.052327Z,0.6442842151015218,unvalidated,Cycle 8,run_sub_70c47eb534,c7-base-882147,named_base,high,notes specify base=c7-base-882147-rebuild,-0.008803360908707147,0.75,,,https://labless.dev/runs/run_sub_3884868d7a
run_sub_d53c62c01d,c8-train-p-li-790234,2026-07-29T09:18:37.665994Z,0.6440485805218976,unvalidated,Cycle 8,run_sub_70c47eb534,c7-base-882147,named_base,high,notes specify base=c7-base-882147-rebuild,-0.009038995488331314,0.75,,,https://labless.dev/runs/run_sub_d53c62c01d
run_sub_a49967f655,c7-train-p-ma-9b43fa,2026-07-16T00:43:32.807253Z,0.6430837049078446,unvalidated,Cycle 7,run_sub_70c47eb534,c7-base-882147,named_base,high,notes specify base=c7-base-882147,-0.01000387110238432,1.0,,,https://labless.dev/runs/run_sub_a49967f655
run_sub_6bd10fe1d6,c8-masking-st-25f156,2026-07-24T06:35:59.024832Z,0.6428773307399087,unvalidated,Cycle 8,run_sub_70c47eb534,c7-base-882147,named_base,high,notes specify base=c7-base-882147-rebuild,-0.010210245270320217,0.75,,,https://labless.dev/runs/run_sub_6bd10fe1d6
run_sub_14e669dda5,c8-train-p-ko-22889a,2026-07-23T09:24:33.267951Z,0.6426903620621353,unvalidated,Cycle 8,run_sub_70c47eb534,c7-base-882147,named_base,high,notes specify base=c7-base-882147-rebuild,-0.010397213948093675,0.75,,,https://labless.dev/runs/run_sub_14e669dda5
run_sub_52d31032e6,c8-jepa-focal-602851,2026-07-27T23:29:05.358187Z,0.6421657354130818,unvalidated,Cycle 8,run_sub_70c47eb534,c7-base-882147,named_base,high,notes specify base=c7-base-882147-rebuild,-0.010921840597147181,0.75,,,https://labless.dev/runs/run_sub_52d31032e6
run_sub_bb6f16de49,c8-hed-jitter-b5796d,2026-07-21T16:15:29.360355Z,0.6418958134730398,unvalidated,Cycle 8,run_sub_70c47eb534,c7-base-882147,named_base,high,notes specify base=c7-base-882147-rebuild,-0.01119176253718912,0.75,,,https://labless.dev/runs/run_sub_bb6f16de49
run_sub_b9ee6744c3,c8-train-p-av-c7a1d8,2026-07-29T00:06:19.594101Z,0.6417319509310402,unvalidated,Cycle 8,run_sub_70c47eb534,c7-base-882147,named_base,high,notes specify base=c7-base-882147-rebuild,-0.011355625079188747,0.5,,,https://labless.dev/runs/run_sub_b9ee6744c3
run_sub_a32485b041,c8-capi-ibot-b1414d,2026-07-21T21:38:37.431451Z,0.6416509963361553,unvalidated,Cycle 8,run_sub_70c47eb534,c7-base-882147,named_base,high,notes specify base=c7-base-882147-rebuild,-0.011436579674073633,0.75,,,https://labless.dev/runs/run_sub_a32485b041
run_sub_29efabca11,c8-train-p-st-9d008c,2026-07-28T22:34:39.676199Z,0.6410638314325126,unvalidated,Cycle 8,run_sub_70c47eb534,c7-base-882147,named_base,high,notes specify base=c7-base-882147-rebuild,-0.012023744577716378,0.5,,,https://labless.dev/runs/run_sub_29efabca11
run_sub_b97af2b14c,c11-visdedup-07d3e2,2026-08-13T18:05:30.212990Z,0.6448775521944693,unvalidated,Cycle 11,run_sub_2b56d3a11c,c11-base-646404,campaign_baseline,medium,notes specify base=baseline,-0.0006066505364239472,0.75,,,https://labless.dev/runs/run_sub_b97af2b14c
run_sub_5cb85417ea,c8-masking-st-0e044f,2026-07-25T09:29:26.318472Z,0.6405108717850442,unvalidated,Cycle 8,run_sub_70c47eb534,c7-base-882147,named_base,high,notes specify base=c7-base-882147-rebuild,-0.012576704225184754,0.75,,,https://labless.dev/runs/run_sub_5cb85417ea
run_sub_af66aa464b,c8-train-p-st-0f9fb9,2026-07-25T01:51:59.539008Z,0.6397895093358507,unvalidated,Cycle 8,run_sub_70c47eb534,c7-base-882147,named_base,high,notes specify base=c7-base-882147-rebuild,-0.013298066674378273,0.75,,,https://labless.dev/runs/run_sub_af66aa464b
run_sub_59f222693b,c8-train-p-av-2cb210,2026-07-23T13:16:54.887692Z,0.6393262541780913,unvalidated,Cycle 8,run_sub_70c47eb534,c7-base-882147,named_base,high,notes specify base=c7-base-882147-rebuild,-0.01376132183213763,0.5,,,https://labless.dev/runs/run_sub_59f222693b
run_sub_6e3863a473,c8-loss-gram-c51ed3,2026-07-25T19:16:47.361878Z,0.6393091454860481,unvalidated,Cycle 8,run_sub_70c47eb534,c7-base-882147,named_base,high,notes specify base=c7-base-882147-rebuild,-0.013778430524180818,0.75,,,https://labless.dev/runs/run_sub_6e3863a473
run_sub_8b39348806,c8-asymmetric-cd993a,2026-07-21T15:49:27.181947Z,0.6386991689126553,unvalidated,Cycle 8,run_sub_70c47eb534,c7-base-882147,named_base,high,notes specify base=c7-base-882147-rebuild,-0.014388407097573608,0.5,,,https://labless.dev/runs/run_sub_8b39348806
run_sub_6d6d7b3e8a,c6-gram-anchoring-t2,2026-08-13T18:16:44.340505Z,0.63810930736267,unvalidated,Cycle 6,run_sub_a464be887b,c6-base-882147,named_base,high,notes specify base=c6-base-882147,-0.015299388770784517,0.75,,,https://labless.dev/runs/run_sub_6d6d7b3e8a
run_sub_dfafe7742b,c8-md-ideator-eaf2ba,2026-08-09T17:29:37.719686Z,0.6380624991882029,unvalidated,Cycle 8,run_sub_2b56d3a11c,c11-base-646404,campaign_baseline,medium,notes specify base=baseline,-0.007421703542690339,0.75,,,https://labless.dev/runs/run_sub_dfafe7742b
run_sub_bad75c8516,c8-infra-head-d5d6e8,2026-07-26T06:24:04.596605Z,0.6377351837463958,unvalidated,Cycle 8,run_sub_70c47eb534,c7-base-882147,named_base,high,notes specify base=c7-base-882147-rebuild,-0.015352392263833115,0.5,,,https://labless.dev/runs/run_sub_bad75c8516
run_sub_f077348c7f,c8-train-p-av-6589e2,2026-07-23T11:34:37.727561Z,0.6372073592616412,unvalidated,Cycle 8,run_sub_70c47eb534,c7-base-882147,named_base,high,notes specify base=c7-base-882147-rebuild,-0.01588021674858775,0.5,,,https://labless.dev/runs/run_sub_f077348c7f
run_sub_a9c92f11c0,c8-train-p-av-fe2e51,2026-07-24T08:27:59.383650Z,0.6371940474444278,unvalidated,Cycle 8,run_sub_70c47eb534,c7-base-882147,named_base,high,notes specify base=c7-base-882147-rebuild,-0.015893528565801174,0.75,,,https://labless.dev/runs/run_sub_a9c92f11c0
run_sub_b3aec3b945,c8-loss-gram-80cca6,2026-07-25T18:04:07.993635Z,0.6370572804379667,unvalidated,Cycle 8,run_sub_70c47eb534,c7-base-882147,named_base,high,notes specify base=c7-base-882147-rebuild,-0.01603029557226221,0.75,,,https://labless.dev/runs/run_sub_b3aec3b945
run_sub_7d070be7ec,c8-anticollap-70547d,2026-07-25T09:33:42.293639Z,0.6364629462751809,unvalidated,Cycle 8,run_sub_70c47eb534,c7-base-882147,named_base,high,notes specify base=c7-base-882147-rebuild,-0.01662462973504808,0.75,,,https://labless.dev/runs/run_sub_7d070be7ec
run_sub_d144aadc6a,c8-train-p-si-c0b4f3,2026-07-28T08:48:30.697277Z,0.6332435084594786,unvalidated,Cycle 8,run_sub_70c47eb534,c7-base-882147,named_base,high,notes specify base=c7-base-882147-rebuild,-0.0198440675507503,0.5,,,https://labless.dev/runs/run_sub_d144aadc6a
run_sub_e41f078cb6,c8-train-p-st-c83ab3,2026-07-22T00:44:46.518213Z,0.6322105711287566,unvalidated,Cycle 8,run_sub_2b56d3a11c,c11-base-646404,campaign_baseline,medium,notes specify base=baseline,-0.013273631602136682,0.75,,,https://labless.dev/runs/run_sub_e41f078cb6
run_sub_e1beb95dec,c8-anticollap-581b84,2026-07-24T06:43:01.262996Z,0.6285002826542784,unvalidated,Cycle 8,run_sub_70c47eb534,c7-base-882147,named_base,high,notes specify base=c7-base-882147-rebuild,-0.024587293355950557,0.75,,,https://labless.dev/runs/run_sub_e1beb95dec
run_sub_588a414a6d,c8-localcrop-3735e5,2026-07-26T11:05:29.393187Z,0.6279635434908897,unvalidated,Cycle 8,run_sub_70c47eb534,c7-base-882147,named_base,high,notes specify base=c7-base-882147-rebuild,-0.025124032519339257,0.5,,,https://labless.dev/runs/run_sub_588a414a6d
run_sub_0e83171010,c8-avoid-aug-7014f3,2026-07-21T21:29:18.706983Z,0.6278677770770025,unvalidated,Cycle 8,run_sub_2b56d3a11c,c11-base-646404,campaign_baseline,medium,notes specify base=baseline,-0.017616425653890766,0.5,,,https://labless.dev/runs/run_sub_0e83171010
run_sub_20de90e309,c8-ideator-mi-cf3e22,2026-07-21T16:17:57.810702Z,0.6271233319875387,unvalidated,Cycle 8,run_sub_70c47eb534,c7-base-882147,named_base,high,notes specify base=c7-base-882147-rebuild,-0.025964244022690264,0.75,,,https://labless.dev/runs/run_sub_20de90e309
run_sub_34b21dc16d,c8-koleo-cdis-8ff142,2026-07-23T07:42:15.102941Z,0.6270000988242702,unvalidated,Cycle 8,run_sub_2b56d3a11c,c11-base-646404,campaign_baseline,medium,notes specify base=baseline,-0.01848410390662303,0.75,,,https://labless.dev/runs/run_sub_34b21dc16d
run_sub_68429f8774,c8-nn-neighbo-8eea94,2026-07-24T14:56:44.771326Z,0.6260066017460701,unvalidated,Cycle 8,run_sub_70c47eb534,c7-base-882147,named_base,high,notes specify base=c7-base-882147-rebuild,-0.027080974264158786,0.75,,,https://labless.dev/runs/run_sub_68429f8774
run_sub_fe47d607e0,c8-train-kole-415b19,2026-07-21T15:12:33.520282Z,0.6245294795031848,unvalidated,Cycle 8,run_sub_2b56d3a11c,c11-base-646404,campaign_baseline,medium,notes specify base=baseline,-0.020954723227708416,0.75,,,https://labless.dev/runs/run_sub_fe47d607e0
run_sub_a0a253e72e,c8-train-p-li-0ce4cc,2026-07-29T12:40:56.559226Z,0.6238873222064037,unvalidated,Cycle 8,run_sub_70c47eb534,c7-base-882147,named_base,high,notes specify base=c7-base-882147-rebuild,-0.029200253803825182,0.5,,,https://labless.dev/runs/run_sub_a0a253e72e
run_sub_1bbeedbcf5,c8-auglite-gr-c58a46,2026-07-21T15:51:59.286688Z,0.6159517445047825,unvalidated,Cycle 8,run_sub_70c47eb534,c7-base-882147,named_base,high,notes specify base=c7-base-882147-rebuild,-0.037135831505446415,0.5,,,https://labless.dev/runs/run_sub_1bbeedbcf5
run_sub_4dfd9a20e5,c8-auglite-st-ee392a,2026-07-21T15:53:09.566857Z,0.612955948963332,unvalidated,Cycle 8,run_sub_70c47eb534,c7-base-882147,named_base,high,notes specify base=c7-base-882147-rebuild,-0.04013162704689688,0.5,,,https://labless.dev/runs/run_sub_4dfd9a20e5
run_sub_70880ab42a,c8-lit-highfr-edf768,2026-07-27T20:39:37.541707Z,0.6071579893706701,unvalidated,Cycle 8,run_sub_70c47eb534,c7-base-882147,named_base,high,notes specify base=c7-base-882147-rebuild,-0.04592958663955882,0.75,,,https://labless.dev/runs/run_sub_70880ab42a
run_sub_fe2b668913,c8-train-p-si-fa8829,2026-07-24T20:56:56.562664Z,0.595785791489557,unvalidated,Cycle 8,run_sub_70c47eb534,c7-base-882147,named_base,high,notes specify base=c7-base-882147-rebuild,-0.05730178452067192,0.5,,,https://labless.dev/runs/run_sub_fe2b668913
run_sub_5013e383ce,c8-genbio-rgb-542aeb,2026-07-21T16:14:07.494669Z,0.5411396666925645,unvalidated,Cycle 8,run_sub_70c47eb534,c7-base-882147,named_base,high,notes specify base=c7-base-882147-rebuild,-0.1119479093176644,0.5,,,https://labless.dev/runs/run_sub_5013e383ce
run_sub_32e2afc88f,c8-genbio-rgb-e761c9,2026-07-21T16:12:54.313769Z,0.5368937459850515,unvalidated,Cycle 8,run_sub_70c47eb534,c7-base-882147,named_base,high,notes specify base=c7-base-882147-rebuild,-0.11619383002517747,0.5,,,https://labless.dev/runs/run_sub_32e2afc88f
run_sub_ce850c8a10,c8-train-p-li-c14a23,2026-08-14T17:22:19.764086Z,0.49360592104492995,unvalidated,Cycle 8,run_sub_2b56d3a11c,c11-base-646404,campaign_baseline,medium,notes specify base=baseline,-0.1518782816859633,0.5,,,https://labless.dev/runs/run_sub_ce850c8a10
run_sub_68653431b8,c8-train-p-li-f1610b,2026-07-29T14:15:30.471211Z,0.48718372500876844,unvalidated,Cycle 8,run_sub_70c47eb534,c7-base-882147,named_base,high,notes specify base=c7-base-882147-rebuild,-0.1659038510014605,0.5,,,https://labless.dev/runs/run_sub_68653431b8
run_sub_ca1de83869,c7-train-loca-0efcdd,2026-08-14T17:25:03.191214Z,0.4562971651653499,unvalidated,Cycle 7,run_sub_70c47eb534,c7-base-882147,named_base,high,notes specify base=c7-base-882147,-0.19679041084487903,1.0,,,https://labless.dev/runs/run_sub_ca1de83869
run_sub_06cbe8ca95,c8-sizemix-wi-09675e,2026-07-27T18:51:16.584775Z,0.653369934742506,unvalidated,Cycle 8,run_sub_70c47eb534,c7-base-882147,named_base,high,notes specify base=c7-base-882147-rebuild,0.0002823587322771104,0.5,,,https://labless.dev/runs/run_sub_06cbe8ca95
run_sub_76a4182751,jepa-register-005,2026-08-16T10:31:11.399796Z,0.6649978256529375,unvalidated,Other manual,run_sub_6c6c051f71,lr-and-curation,source_branch,source-only,repo.main_diff.base_run_id,0.029344286678406606,0.0,,,https://labless.dev/runs/run_sub_76a4182751
run_sub_2db2d32375,JEPA_Concat,2026-08-16T14:55:41.172502Z,0.6546800262027814,unvalidated,Other manual,run_sub_6c6c051f71,lr-and-curation,source_branch,source-only,repo.main_diff.base_run_id,0.01902648722825051,0.0,,,https://labless.dev/runs/run_sub_2db2d32375
run_sub_74905b8d03,simclr-1m-repro,2026-08-17T00:41:24.379968Z,0.6476689415610053,unvalidated,Late manual,run_sub_6c6c051f71,lr-and-curation,source_branch,source-only,repo.main_diff.base_run_id,0.012015402586474377,0.25,,,https://labless.dev/runs/run_sub_74905b8d03
run_sub_a7bc0cf849,simclr-t0810-repro,2026-08-17T01:37:38.194469Z,0.6512871529334302,unvalidated,Late manual,run_sub_6c6c051f71,lr-and-curation,source_branch,source-only,repo.main_diff.base_run_id,0.015633613958899284,0.25,,,https://labless.dev/runs/run_sub_a7bc0cf849
run_sub_1e6ae46eb5,robust-norm,2026-08-18T23:51:33.211210Z,0.6755854661446378,unvalidated,Late manual,run_sub_59d24d6b7b,block-strided-cls,named_relation,high,notes name block-strided-cls,0.01636306407847088,0.5,,,https://labless.dev/runs/run_sub_1e6ae46eb5
run_sub_741d5b7cff,rot180-tta,2026-08-19T02:21:02.104264Z,0.6758051969813651,unvalidated,Late manual,run_sub_1e6ae46eb5,robust-norm,explicit_run_id,high,notes cite run_sub_1e6ae46eb5,0.00021973083672732763,0.75,,,https://labless.dev/runs/run_sub_741d5b7cff
run_sub_6b2169851d,robust-norm-s160,2026-08-19T04:09:58.851940Z,0.6707161160473348,unvalidated,Late manual,run_sub_1e6ae46eb5,robust-norm,explicit_run_id,high,notes cite run_sub_1e6ae46eb5,-0.004869350097302938,1.0,,,https://labless.dev/runs/run_sub_6b2169851d
run_sub_a1a42e9ea2,skr_cent_none,2026-08-19T19:09:44.675662Z,0.6617999588683463,unvalidated,Late manual,run_sub_6c6c051f71,lr-and-curation,source_branch,source-only,repo.main_diff.base_run_id,0.026146419893815387,0.0,,,https://labless.dev/runs/run_sub_a1a42e9ea2
run_sub_16b156161d,robust-norm-s9876,2026-08-20T16:19:18.275532Z,0.6675618250254949,leader,Late manual,run_sub_6c6c051f71,lr-and-curation,source_branch,source-only,repo.main_diff.base_run_id,0.03190828605096396,0.0,,,https://labless.dev/runs/run_sub_16b156161d
run_sub_e2cdd86b21,simclr-posttrain,2026-08-21T22:30:12.142582Z,0.6509619775723833,unvalidated,Late manual,run_sub_a7bc0cf849,simclr-t0810-repro,explicit_run_id,high,notes cite run_sub_a7bc0cf849,-0.00032517536104692546,0.5,run_sub_16b156161d,robust-norm-s9876,https://labless.dev/runs/run_sub_e2cdd86b21
run_sub_e4671db242,canonical-m1,2026-08-26T15:43:43.925450Z,0.6255031811550236,unvalidated,Late manual,run_sub_6c6c051f71,lr-and-curation,source_branch,source-only,repo.main_diff.base_run_id,-0.01015035781950735,0.25,,,https://labless.dev/runs/run_sub_e4671db242
run_sub_72be172acd,dito-stain-s2026,2026-08-27T02:16:23.339563Z,0.6694406259118667,unvalidated,Late manual,run_sub_6c6c051f71,lr-and-curation,source_branch,source-only,repo.main_diff.base_run_id,0.033787086937335786,0.0,,,https://labless.dev/runs/run_sub_72be172acd
run_sub_1229fd52b8,rot180-nofino-m1,2026-08-27T10:49:46.336194Z,0.6674648738953233,unvalidated,Late manual,run_sub_6c6c051f71,lr-and-curation,source_branch,source-only,repo.main_diff.base_run_id,0.031811334920792356,0.0,,,https://labless.dev/runs/run_sub_1229fd52b8
run_sub_6d299aa095,sidecar-tta-s1234,2026-08-28T18:36:22.224458Z,0.6745549929492184,unvalidated,Late manual,run_sub_6c6c051f71,lr-and-curation,source_branch,source-only,repo.main_diff.base_run_id,0.03890145397468747,0.0,,,https://labless.dev/runs/run_sub_6d299aa095
run_sub_aa6cc011cd,rot180-s2024,2026-08-28T19:51:06.245942Z,0.6680391508813774,unvalidated,Late manual,run_sub_6c6c051f71,lr-and-curation,source_branch,source-only,repo.main_diff.base_run_id,0.03238561190684652,0.0,,,https://labless.dev/runs/run_sub_aa6cc011cd
run_sub_c1c9c42d6d,rot180-fino-s42,2026-08-29T20:02:28.696980Z,0.6717585216690296,unvalidated,Late manual,run_sub_6c6c051f71,lr-and-curation,source_branch,source-only,repo.main_diff.base_run_id,0.03610498269449869,0.0,,,https://labless.dev/runs/run_sub_c1c9c42d6d
run_sub_1d33ea4d1b,contraction,2026-08-31T04:02:41.148824Z,0.6778233516129368,unvalidated,Late manual,run_sub_6c6c051f71,lr-and-curation,source_branch,source-only,repo.main_diff.base_run_id,0.04216981263840591,0.0,,,https://labless.dev/runs/run_sub_1d33ea4d1b
run_sub_c63c73c201,seg-rewarp,2026-08-31T04:14:32.993646Z,0.6809129586969557,unvalidated,Late manual,run_sub_6c6c051f71,lr-and-curation,source_branch,source-only,repo.main_diff.base_run_id,0.045259419722424754,0.0,,,https://labless.dev/runs/run_sub_c63c73c201
run_sub_5f5d564362,act-readout,2026-08-31T07:42:56.942528Z,0.6836864356332124,unvalidated,Late manual,run_sub_6c6c051f71,lr-and-curation,source_branch,source-only,repo.main_diff.base_run_id,0.04803289665868149,0.0,,,https://labless.dev/runs/run_sub_5f5d564362
run_sub_b89398a1a1,koleo-break,2026-09-02T00:44:22.011203Z,0.6419459143283731,unvalidated,Cycle 8,run_sub_6c6c051f71,lr-and-curation,source_branch,source-only,repo.main_diff.base_run_id,0.0062923753538421945,0.25,,,https://labless.dev/runs/run_sub_b89398a1a1
